1633,308961756
1661,308966753
1711,308971754
1683,308976753
1657,308981753
1674,308986753
1727,308991755
1721,308996753
1685,309001753
1724,309006753
1773,309011753
1742,309016753
1718,309021753
1734,309026753
1762,309031753
1744,309036753
1704,309041753
1723,309046753
1752,309051753
1742,309056753
1724,309061753
1764,309066753
1806,309071753
1784,309076753
1757,309081753
1773,309086753
1823,309091753
1799,309096753
1772,309101753
1801,309106753
1840,309111753
1827,309116753
1805,309121753
1836,309126753
1880,309131753
1872,309136753
1843,309141753
1856,309146753
1891,309151753
1887,309156753
1853,309161753
1882,309166753
1924,309171753
1915,309176753
1901,309181753
1917,309186753
1973,309191753
1990,309196753
1983,309201753
2007,309206753
2068,309211753
2057,309216753
2000,309221753
2022,309226753
2050,309231753
1992,309236753
1908,309241753
1884,309246753
1883,309251753
1857,309256753
1810,309261753
1813,309266753
1856,309271753
1845,309276753
1815,309281753
1835,309286753
1878,309291753
1864,309296753
1841,309301753
1851,309306753
1901,309311753
1904,309316753
1878,309321753
1860,309326753
1874,309331753
2061,309336753
2469,309341753
3234,309346753
3871,309351753
4039,309356753
4085,309361753
3679,309366753
2284,309371753
1314,309376753
856,309381753
834,309386753
1076,309391753
1253,309396753
1323,309401753
1428,309406753
1504,309411753
1520,309416753
1529,309421753
1588,309426753
1645,309431753
1640,309436753
1652,309441753
1672,309446753
1712,309451755
1718,309456753
1706,309461753
1740,309466753
1801,309471753
1797,309476754
1783,309481756
1819,309486753
1875,309491753
1868,309496753
1852,309501753
1876,309506753
1925,309511753
1931,309516753
1935,309521753
1957,309526753
2030,309531753
2040,309536753
2025,309541753
2072,309546753
2124,309551755
2137,309556755
2133,309561753
2201,309566753
2282,309571753
2341,309576755
2338,309581757
2399,309586753
2475,309591753
2493,309596753
2498,309601753
2553,309606753
2603,309611753
2605,309616753
2555,309621753
2576,309626753
2548,309631753
2463,309636753
2331,309641753
2221,309646753
2102,309651753
1945,309656753
1764,309661753
1656,309666753
1583,309671753
1447,309676753
1347,309681753
1309,309686753
1300,309691753
1283,309696753
1261,309701753
1288,309706753
1312,309711753
1327,309716753
1311,309721753
1343,309726753
1399,309731753
1399,309736753
1403,309741753
1438,309746753
1465,309751753
1501,309756753
1489,309761753
1519,309766753
1548,309771753
1539,309776753
1525,309781753
1553,309786753
1594,309791753
1604,309796753
1588,309801753
1618,309806753
1654,309811753
1641,309816753
1612,309821753
1599,309826755
1635,309831755
1647,309836753
1654,309841753
1677,309846753
1702,309851753
1688,309856753
1663,309861753
1677,309866753
1707,309871753
1703,309876753
1670,309881753
1688,309886753
1714,309891753
1705,309896753
1691,309901753
1715,309906753
1732,309911753
1725,309916753
1724,309921753
1752,309926753
1765,309931753
1759,309936753
1732,309941753
1755,309946753
1801,309951753
1794,309956753
1775,309961753
1791,309966753
1827,309971753
1814,309976753
1799,309981753
1805,309986753
1821,309991753
1826,309996753
1809,310001753
1827,310006753
1905,310011753
1918,310016753
1915,310021753
1953,310026753
1999,310031753
1978,310036753
1948,310041753
1974,310046753
1978,310051753
1918,310056753
1844,310061753
1814,310066753
1818,310071753
1795,310076753
1765,310081753
1778,310086753
1789,310091753
1784,310096753
1766,310101753
1785,310106753
1812,310111753
1810,310116753
1805,310121753
1838,310126753
1863,310131753
1880,310136753
1856,310141753
1828,310146753
1888,310151753
2184,310156753
2713,310161753
3569,310166753
3968,310171753
4063,310176753
4055,310181753
2810,310186753
1660,310191753
1026,310196753
701,310201753
777,310206753
1071,310211753
1256,310216753
1341,310221753
1446,310226753
1504,310231753
1525,310236753
1538,310241753
1586,310246753
1634,310251753
1666,310256753
1651,310261753
1697,310266753
1749,310271753
1736,310276753
1718,310281753
1740,310286753
1791,310291753
1799,310296753
1796,310301753
1831,310306753
1869,310311753
1879,310316753
1876,310321753
1894,310326757
1937,310331756
1957,310336753
1968,310341753
1998,310346753
2042,310351753
2053,310356753
2065,310361753
2088,310366753
2135,310371753
2164,310376753
2192,310381753
2214,310386753
2268,310391753
2292,310396753
2322,310401753
2371,310406753
2437,310411753
2460,310416753
2459,310421753
2505,310426753
2550,310431753
2534,310436753
2494,310441753
2488,310446753
2463,310451753
2366,310456753
2235,310461753
2104,310466753
2000,310471756
1849,310476753
1681,310481753
1560,310486753
1486,310491753
1403,310496753
1320,310501753
1305,310506753
1306,310511753
1290,310516753
1275,310521753
1307,310526753
1334,310531753
1342,310536753
1354,310541753
1404,310546753
1462,310551753
1480,310556753
1489,310561753
1507,310566753
1542,310571753
1556,310576753
1567,310581753
1582,310586753
1618,310591753
1631,310596753
1627,310601753
1650,310606753
1706,310611753
1705,310616753
1678,310621753
1686,310626753
1715,310631753
1719,310636753
1700,310641753
1709,310646753
1732,310651753
1720,310656753
1700,310661753
1718,310666753
1746,310671753
1741,310676753
1728,310681753
1747,310686753
1780,310691753
1799,310696753
1768,310701753
1782,310706753
1799,310711753
1795,310716753
1789,310721753
1779,310726753
1794,310731753
1806,310736753
1795,310741753
1819,310746753
1860,310751753
1834,310756753
1800,310761753
1844,310766753
1900,310771753
1917,310776753
1907,310781753
1960,310786753
2013,310791753
1982,310796753
1957,310801753
1978,310806753
1974,310811753
1914,310816753
1844,310821753
1815,310826754
1834,310831754
1826,310836753
1798,310841753
1816,310846753
1845,310851753
1854,310856753
1842,310861753
1855,310866753
1880,310871753
1889,310876753
1886,310881753
1886,310886753
1904,310891753
1906,310896753
1892,310901753
1864,310906753
1923,310911753
2187,310916753
2698,310921753
3534,310926756
3951,310931754
4061,310936753
4086,310941753
2911,310946753
1704,310951753
1015,310956753
682,310961753
742,310966753
1050,310971753
1274,310976753
1373,310981753
1485,310986753
1558,310991753
1573,310996753
1575,311001753
1608,311006753
1667,311011753
1689,311016753
1703,311021753
1725,311026753
1768,311031753
1785,311036753
1775,311041753
1802,311046753
1835,311051753
1835,311056753
1834,311061753
1866,311066753
1910,311071753
1906,311076753
1915,311081753
1937,311086753
1980,311091753
1989,311096753
1992,311101753
2027,311106753
2056,311111753
2069,311116753
2070,311121753
2109,311126753
2162,311131753
2198,311136753
2213,311141753
2259,311146753
2319,311151753
2357,311156753
2373,311161753
2425,311166753
2475,311171753
2483,311176753
2491,311181753
2512,311186753
2552,311191753
2552,311196753
2512,311201753
2473,311206753
2427,311211753
2324,311216753
2171,311221753
2037,311226753
1905,311231753
1760,311236753
1607,311241753
1491,311246753
1419,311251753
1350,311256753
1292,311261753
1269,311266753
1291,311271753
1294,311276753
1283,311281753
1317,311286753
1373,311291753
1387,311296753
1394,311301753
1437,311306753
1470,311311753
1482,311316753
1471,311321753
1497,311326753
1549,311331753
1566,311336753
1557,311341753
1576,311346753
1619,311351753
1620,311356753
1604,311361753
1626,311366753
1653,311371753
1653,311376753
1657,311381753
1671,311386753
1686,311391753
1685,311396753
1682,311401753
1701,311406753
1717,311411753
1710,311416753
1699,311421753
1715,311426756
1744,311431754
1741,311436753
1717,311441753
1725,311446753
1758,311451753
1759,311456753
1740,311461755
1757,311466756
1795,311471753
1783,311476753
1750,311481753
1762,311486753
1781,311491753
1777,311496753
1801,311501753
1794,311506753
1830,311511753
1818,311516753
1798,311521753
1806,311526753
1827,311531753
1818,311536753
1806,311541753
1816,311546753
1842,311551753
1852,311556753
1839,311561753
1851,311566753
1903,311571753
1915,311576753
1919,311581753
1949,311586753
2002,311591753
2033,311596753
2009,311601753
1998,311606753
2022,311611753
1996,311616753
1931,311621753
1881,311626753
1866,311631753
1841,311636753
1823,311641753
1818,311646753
1847,311651753
1834,311656753
1826,311661753
1830,311666753
1848,311671753
1845,311676753
1836,311681753
1869,311686753
1890,311691753
1890,311696753
1880,311701753
1892,311706753
1895,311711753
1860,311716753
2014,311721753
2476,311726753
3249,311731753
3874,311736753
4038,311741753
4083,311746753
3757,311751753
2257,311756753
1187,311761753
749,311766753
780,311771753
1022,311776753
1179,311781753
1296,311786753
1412,311791753
1453,311796753
1448,311801753
1487,311806753
1552,311811753
1574,311816753
1588,311821753
1621,311826753
1676,311831753
1681,311836753
1673,311841753
1696,311846753
1741,311851753
1753,311856753
1763,311861753
1793,311866753
1823,311871753
1837,311876753
1834,311881753
1857,311886753
1906,311891753
1916,311896753
1912,311901753
1944,311906753
1983,311911753
1991,311916753
1993,311921753
2032,311926754
2077,311931755
2116,311936753
2128,311941753
2168,311946753
2239,311951753
2270,311956753
2274,311961753
2326,311966753
2401,311971753
2416,311976753
2421,311981753
2459,311986753
2526,311991753
2530,311996753
2483,312001753
2498,312006753
2499,312011753
2452,312016753
2343,312021753
2246,312026753
2147,312031753
1994,312036753
1830,312041753
1697,312046753
1599,312051753
1479,312056753
1380,312061753
1328,312066753
1295,312071753
1277,312076753
1242,312081753
1252,312086753
1294,312091753
1319,312096753
1326,312101753
1349,312106753
1403,312111753
1419,312116753
1434,312121753
1465,312126753
1516,312131753
1522,312136753
1524,312141753
1547,312146753
1580,312151753
1592,312156753
1584,312161753
1609,312166753
1628,312171753
1640,312176753
1636,312181753
1668,312186753
1696,312191753
1684,312196753
1674,312201753
1680,312206753
1712,312211753
1709,312216753
1685,312221753
1698,312226753
1727,312231753
1712,312236753
1690,312241753
1716,312246753
1752,312251753
1742,312256753
1722,312261753
1747,312266753
1766,312271753
1761,312276753
1748,312281753
1763,312286753
1794,312291753
1785,312296753
1747,312301753
1760,312306753
1795,312311753
1781,312316753
1764,312321753
1782,312326753
1833,312331753
1819,312336753
1805,312341753
1830,312346753
1858,312351753
1862,312356753
1833,312361753
1849,312366753
1873,312371753
1887,312376753
1900,312381753
1945,312386753
1997,312391753
2036,312396753
2018,312401753
2004,312406753
2013,312411753
1998,312416753
1946,312421753
1887,312426755
1864,312431754
1829,312436753
1805,312441753
1832,312446753
1860,312451753
1849,312456756
1821,312461753
1825,312466753
1854,312471753
1864,312476753
1829,312481753
1830,312486753
1873,312491753
1873,312496753
1854,312501753
1877,312506753
1914,312511753
1890,312516753
1835,312521753
1965,312526753
2384,312531755
3056,312536753
3793,312541753
4018,312546753
4078,312551753
3937,312556753
2527,312561753
1417,312566753
880,312571753
766,312576753
967,312581753
1184,312586753
1302,312591753
1374,312596753
1381,312601753
1427,312606753
1500,312611753
1515,312616753
1523,312621753
1562,312626753
1612,312631753
1629,312636753
1635,312641753
1669,312646753
1730,312651753
1732,312656753
1727,312661753
1760,312666753
1809,312671753
1835,312676753
1837,312681753
1865,312686753
1911,312691753
1930,312696753
1933,312701753
1939,312706753
1969,312711753
1984,312716753
1987,312721753
2015,312726753
2063,312731753
2089,312736753
2090,312741753
2138,312746753
2200,312751753
2234,312756753
2256,312761753
2314,312766753
2374,312771753
2392,312776753
2411,312781753
2452,312786753
2500,312791753
2512,312796753
2500,312801753
2515,312806753
2544,312811753
2529,312816753
2445,312821753
2371,312826753
2285,312831753
2152,312836753
2002,312841753
1860,312846753
1747,312851753
1616,312856753
1485,312861753
1391,312866753
1355,312871753
1310,312876753
1263,312881753
1273,312886753
1299,312891753
1300,312896753
1299,312901753
1332,312906753
1374,312911753
1395,312916753
1402,312921753
1434,312926753
1496,312931753
1508,312936753
1505,312941753
1541,312946753
1587,312951753
1606,312956753
1603,312961753
1628,312966753
1667,312971753
1669,312976753
1650,312981753
1672,312986753
1692,312991753
1691,312996753
1672,313001753
1683,313006753
1707,313011753
1709,313016753
1690,313021753
1680,313026753
1705,313031753
1717,313036753
1688,313041753
1704,313046755
1737,313051753
1740,313056753
1715,313061753
1733,313066753
1761,313071753
1753,313076753
1735,313081753
1749,313086753
1783,313091753
1782,313096753
1768,313101753
1783,313106753
1808,313111753
1799,313116753
1768,313121753
1796,313126753
1821,313131753
1822,313136753
1810,313141753
1830,313146753
1852,313151753
1851,313156753
1840,313161753
1842,313166753
1876,313171753
1871,313176753
1856,313181753
1875,313186753
1900,313191753
1888,313196753
1868,313201753
1888,313206753
1910,313211753
1924,313216753
1939,313221753
1961,313226753
1991,313231753
2031,313236753
2016,313241753
2010,313246753
2023,313251753
2001,313256753
1949,313261753
1904,313266753
1887,313271753
1852,313276753
1811,313281753
1800,313286753
1838,313291753
1834,313296753
1826,313301753
1845,313306753
1868,313311753
1859,313316753
1850,313321753
1876,313326753
1901,313331753
1905,313336753
1883,313341753
1890,313346753
1925,313351753
1921,313356753
1861,313361753
1944,313366753
2300,313371753
2893,313376753
3708,313381753
3994,313386753
4072,313391753
4075,313396753
2818,313401753
1595,313406753
970,313411753
767,313416753
929,313421753
1153,313426753
1289,313431753
1385,313436753
1423,313441753
1467,313446753
1522,313451754
1538,313456756
1540,313461753
1569,313466753
1616,313471753
1636,313476753
1635,313481753
1674,313486753
1720,313491753
1736,313496753
1739,313501753
1751,313506753
1807,313511753
1819,313516753
1805,313521753
1819,313526755
1852,313531754
1878,313536753
1889,313541753
1919,313546753
1966,313551753
1981,313556753
1981,313561753
2021,313566753
2058,313571753
2079,313576753
2097,313581753
2141,313586753
2189,313591753
2218,313596753
2242,313601753
2297,313606753
2365,313611753
2396,313616753
2414,313621753
2473,313626753
2524,313631753
2538,313636753
2537,313641753
2553,313646753
2589,313651753
2562,313656753
2496,313661753
2431,313666753
2354,313671753
2233,313676753
2066,313681753
1918,313686753
1807,313691753
1673,313696753
1525,313701753
1439,313706753
1394,313711753
1336,313716753
1275,313721753
1268,313726753
1282,313731753
1285,313736753
1281,313741753
1303,313746753
1354,313751753
1380,313756753
1392,313761753
1424,313766753
1470,313771753
1487,313776753
1497,313781753
1541,313786753
1577,313791753
1601,313796753
1603,313801753
1625,313806753
1647,313811753
1649,313816753
1645,313821753
1658,313826753
1691,313831753
1688,313836753
1674,313841753
1684,313846753
1709,313851753
1711,313856753
1687,313861753
1683,313866753
1713,313871753
1710,313876753
1702,313881753
1711,313886753
1746,313891753
1744,313896753
1728,313901753
1731,313906753
1747,313911753
1736,313916753
1725,313921753
1739,313926753
1775,313931753
1785,313936753
1767,313941753
1786,313946753
1804,313951753
1797,313956753
1781,313961753
1792,313966753
1818,313971753
1821,313976753
1815,313981753
1836,313986753
1860,313991753
1861,313996753
1814,314001753
1837,314006753
1874,314011753
1874,314016753
1857,314021753
1848,314026755
1870,314031754
1867,314036754
1861,314041753
1876,314046753
1899,314051753
1894,314056753
1861,314061753
1872,314066753
1901,314071753
1873,314076753
1862,314081753
1893,314086753
1954,314091753
1965,314096753
1963,314101753
2006,314106753
2029,314111753
2005,314116753
1969,314121753
1956,314126753
1949,314131754
1904,314136753
1862,314141753
1840,314146753
1849,314151753
1820,314156753
1808,314161753
1811,314166753
1846,314171753
1839,314176753
1828,314181753
1846,314186753
1865,314191753
1851,314196753
1836,314201753
1872,314206753
1897,314211753
1898,314216753
1876,314221753
1855,314226753
1865,314231753
2061,314236753
2517,314241753
3321,314246753
3887,314251753
4045,314256753
4086,314261753
3348,314266753
1992,314271753
1135,314276753
722,314281753
724,314286753
981,314291753
1188,314296753
1280,314301753
1389,314306753
1455,314311753
1484,314316753
1512,314321753
1556,314326753
1606,314331753
1636,314336753
1632,314341753
1649,314346753
1678,314351753
1689,314356753
1709,314361753
1742,314366753
1789,314371753
1801,314376753
1783,314381753
1794,314386753
1845,314391753
1872,314396753
1867,314401753
1897,314406753
1932,314411753
1951,314416753
1935,314421753
1949,314426753
1997,314431753
2034,314436753
2044,314441753
2077,314446755
2112,314451756
2134,314456753
2149,314461753
2206,314466753
2268,314471753
2304,314476753
2336,314481753
2378,314486753
2435,314491753
2470,314496753
2472,314501753
2497,314506753
2533,314511753
2531,314516753
2514,314521753
2493,314526753
2478,314531753
2406,314536753
2282,314541753
2161,314546753
2038,314551753
1891,314556753
1738,314561753
1611,314566753
1523,314571753
1432,314576753
1347,314581753
1310,314586753
1316,314591753
1294,314596753
1269,314601753
1303,314606753
1329,314611753
1336,314616753
1346,314621753
1394,314626753
1434,314631755
1452,314636754
1460,314641753
1508,314646753
1547,314651753
1567,314656753
1572,314661753
1592,314666753
1639,314671753
1644,314676753
1634,314681753
1650,314686753
1692,314691753
1690,314696753
1682,314701753
1693,314706753
1719,314711753
1736,314716753
1719,314721753
1727,314726753
1746,314731753
1731,314736753
1714,314741753
1726,314746753
1756,314751753
1726,314756753
1720,314761753
1741,314766753
1770,314771753
1764,314776753
1745,314781753
1759,314786753
1784,314791753
1781,314796753
1766,314801753
1776,314806753
1810,314811753
1803,314816753
1780,314821753
1777,314826753
1816,314831753
1824,314836753
1822,314841753
1837,314846753
1867,314851753
1873,314856753
1845,314861753
1847,314866753
1870,314871753
1883,314876753
1857,314881753
1862,314886753
1895,314891753
1866,314896753
1865,314901753
1887,314906753
1903,314911753
1891,314916753
1872,314921753
1884,314926753
1946,314931753
1955,314936753
1961,314941753
1999,314946753
2054,314951753
2062,314956753
2013,314961753
2018,314966753
2038,314971753
1997,314976753
1912,314981753
1877,314986753
1874,314991753
1855,314996753
1823,315001753
1815,315006753
1836,315011753
1847,315016753
1828,315021753
1843,315026753
1866,315031753
1869,315036753
1857,315041753
1867,315046753
1900,315051753
1902,315056753
1891,315061753
1916,315066753
1915,315071753
1900,315076753
2040,315081753
2497,315086753
3267,315091753
3879,315096753
4041,315101753
4086,315106753
3739,315111753
2200,315116753
1114,315121753
675,315126754
733,315131755
1001,315136753
1178,315141753
1299,315146753
1419,315151753
1449,315156753
1449,315161753
1478,315166753
1532,315171753
1554,315176753
1564,315181753
1607,315186753
1659,315191753
1686,315196753
1686,315201753
1692,315206753
1732,315211753
1743,315216753
1751,315221753
1773,315226753
1809,315231753
1805,315236753
1798,315241753
1825,315246753
1881,315251753
1899,315256753
1890,315261753
1904,315266753
1953,315271753
1994,315276753
2003,315281753
2038,315286753
2090,315291753
2118,315296753
2145,315301753
2185,315306753
2242,315311753
2282,315316753
2297,315321753
2355,315326753
2413,315331753
2444,315336753
2451,315341753
2484,315346753
2530,315351753
2549,315356753
2552,315361753
2551,315366753
2545,315371753
2485,315376753
2381,315381753
2275,315386753
2162,315391753
2009,315396753
1842,315401753
1697,315406753
1598,315411753
1473,315416753
1373,315421753
1318,315426753
1289,315431753
1263,315436753
1216,315441754
1221,315446756
1262,315451753
1288,315456753
1287,315461753
1317,315466753
1375,315471753
1393,315476753
1388,315481753
1427,315486753
1477,315491753
1508,315496753
1514,315501753
1540,315506753
1583,315511753
1593,315516753
1582,315521753
1605,315526753
1624,315531753
1656,315536753
1652,315541753
1683,315546753
1712,315551753
1690,315556753
1659,315561753
1666,315566753
1704,315571753
1705,315576753
1697,315581753
1710,315586753
1733,315591753
1731,315596753
1692,315601753
1702,315606753
1722,315611753
1734,315616753
1725,315621753
1729,315626756
1744,315631755
1758,315636753
1746,315641753
1752,315646753
1791,315651753
1798,315656753
1780,315661753
1795,315666753
1829,315671753
1812,315676753
1778,315681753
1806,315686753
1845,315691753
1824,315696753
1803,315701753
1811,315706753
1849,315711753
1846,315716753
1811,315721753
1820,315726753
1844,315731753
1857,315736753
1833,315741753
1845,315746753
1872,315751753
1862,315756754
1848,315761755
1862,315766753
1880,315771753
1921,315776753
1926,315781753
1944,315786753
2006,315791753
2049,315796753
2011,315801753
2004,315806753
2026,315811753
2013,315816753
1943,315821753
1897,315826753
1874,315831753
1853,315836753
1814,315841753
1805,315846753
1824,315851753
1813,315856753
1799,315861753
1821,315866753
1851,315871753
1851,315876753
1831,315881753
1846,315886753
1889,315891753
1884,315896753
1875,315901753
1903,315906753
1891,315911753
1854,315916753
1987,315921753
2396,315926753
3126,315931753
3828,315936753
4028,315941753
4082,315946753
3833,315951753
2376,315956753
1262,315961753
780,315966753
750,315971753
986,315976753
1151,315981753
1260,315986753
1364,315991753
1412,315996753
1444,316001753
1483,316006753
1537,316011753
1557,316016753
1564,316021753
1601,316026753
1659,316031753
1682,316036753
1666,316041753
1683,316046753
1733,316051753
1753,316056753
1741,316061753
1767,316066753
1815,316071753
1830,316076753
1823,316081753
1852,316086753
1896,316091753
1906,316096753
1906,316101753
1930,316106753
1970,316111753
1990,316116753
1994,316121753
2038,316126753
2104,316131753
2126,316136753
2115,316141753
2163,316146753
2226,316151753
2271,316156753
2290,316161753
2341,316166753
2404,316171753
2432,316176753
2450,316181753
2488,316186753
2523,316191753
2550,316196753
2533,316201753
2542,316206753
2542,316211753
2487,316216753
2387,316221753
2279,316226753
2187,316231753
2036,316236753
1873,316241753
1739,316246753
1622,316251753
1499,316256754
1380,316261755
1301,316266753
1265,316271753
1235,316276753
1208,316281753
1213,316286753
1252,316291753
1292,316296753
1283,316301753
1314,316306753
1371,316311753
1411,316316753
1419,316321753
1447,316326753
1499,316331753
1507,316336753
1509,316341753
1540,316346753
1591,316351753
1602,316356753
1600,316361753
1624,316366753
1647,316371753
1666,316376753
1648,316381753
1656,316386753
1680,316391753
1690,316396753
1667,316401753
1685,316406753
1704,316411753
1699,316416753
1678,316421753
1694,316426753
1733,316431753
1713,316436755
1692,316441753
1704,316446753
1731,316451753
1742,316456753
1712,316461753
1720,316466753
1767,316471753
1764,316476753
1771,316481753
1735,316486753
1780,316491753
1773,316496753
1759,316501753
1752,316506753
1784,316511753
1802,316516753
1785,316521753
1807,316526753
1826,316531753
1827,316536753
1822,316541753
1829,316546753
1847,316551753
1835,316556753
1819,316561753
1837,316566753
1871,316571753
1862,316576753
1856,316581753
1856,316586753
1878,316591753
1869,316596753
1853,316601753
1859,316606753
1885,316611753
1887,316616753
1880,316621753
1882,316626753
1912,316631753
1925,316636753
1929,316641753
1959,316646753
1997,316651753
2021,316656753
2018,316661753
1990,316666753
2007,316671753
2005,316676753
1948,316681753
1890,316686753
1862,316691753
1824,316696753
1791,316701753
1788,316706753
1808,316711753
1811,316716753
1801,316721753
1807,316726753
1833,316731753
1832,316736753
1819,316741753
1833,316746753
1863,316751753
1863,316756753
1849,316761753
1870,316766753
1888,316771753
1848,316776753
1846,316781757
2129,316786754
2678,316791754
3515,316796753
3945,316801753
4059,316806753
4086,316811753
3106,316816753
1792,316821753
1042,316826753
762,316831753
849,316836753
1051,316841753
1212,316846753
1342,316851753
1408,316856753
1417,316861753
1459,316866753
1514,316871753
1550,316876753
1558,316881753
1594,316886753
1632,316891753
1645,316896753
1645,316901753
1681,316906753
1716,316911753
1738,316916753
1716,316921753
1740,316926753
1773,316931753
1797,316936753
1793,316941753
1823,316946753
1864,316951753
1878,316956753
1884,316961753
1916,316966753
1969,316971753
1990,316976753
1983,316981753
2012,316986753
2058,316991753
2076,316996753
2088,317001753
2116,317006753
2181,317011753
2221,317016753
2240,317021753
2288,317026753
2359,317031753
2397,317036753
2412,317041753
2460,317046753
2508,317051753
2513,317056753
2504,317061753
2522,317066753
2546,317071753
2516,317076753
2445,317081753
2352,317086753
2265,317091753
2132,317096753
1956,317101753
1821,317106753
1708,317111753
1584,317116753
1455,317121753
1365,317126753
1317,317131753
1269,317136753
1216,317141753
1199,317146753
1250,317151753
1295,317156753
1286,317161753
1301,317166753
1356,317171753
1389,317176753
1395,317181753
1410,317186753
1445,317191753
1486,317196753
1490,317201753
1517,317206753
1560,317211753
1573,317216753
1571,317221753
1584,317226753
1628,317231753
1652,317236753
1640,317241753
1646,317246753
1700,317251753
1661,317256755
1643,317261755
1654,317266753
1685,317271753
1684,317276753
1660,317281753
1665,317286753
1696,317291753
1704,317296753
1685,317301753
1693,317306753
1726,317311753
1727,317316753
1710,317321753
1712,317326754
1757,317331754
1766,317336753
1739,317341753
1743,317346753
1788,317351753
1786,317356753
1772,317361753
1781,317366753
1815,317371753
1819,317376753
1803,317381753
1805,317386753
1824,317391753
1820,317396753
1816,317401753
1822,317406753
1847,317411753
1851,317416753
1830,317421753
1850,317426753
1884,317431755
1880,317436756
1864,317441753
1871,317446753
1905,317451753
1901,317456753
1871,317461753
1878,317466753
1910,317471753
1904,317476753
1881,317481753
1878,317486753
1925,317491753
1944,317496753
1946,317501753
1956,317506753
2020,317511753
2068,317516753
2040,317521753
2034,317526753
2058,317531753
2025,317536753
1942,317541753
1891,317546753
1891,317551753
1883,317556753
1847,317561753
1841,317566753
1860,317571753
1848,317576753
1829,317581753
1830,317586753
1858,317591753
1850,317596753
1832,317601753
1843,317606753
1887,317611753
1904,317616753
1889,317621753
1920,317626753
1920,317631753
1901,317636753
2097,317641753
2590,317646753
3396,317651753
3914,317656753
4049,317661753
4088,317666753
3341,317671753
1982,317676753
1164,317681753
787,317686753
799,317691753
1029,317696753
1209,317701753
1314,317706753
1423,317711753
1449,317716753
1457,317721753
1511,317726753
1585,317731753
1606,317736753
1620,317741753
1628,317746753
1670,317751753
1696,317756753
1707,317761753
1738,317766753
1770,317771753
1786,317776753
1783,317781753
1798,317786753
1833,317791753
1843,317796753
1843,317801753
1873,317806753
1918,317811753
1930,317816753
1940,317821753
1963,317826755
1992,317831755
2016,317836754
2015,317841753
2034,317846753
2093,317851753
2115,317856753
2132,317861753
2169,317866753
2228,317871753
2270,317876753
2302,317881753
2353,317886753
2398,317891753
2435,317896753
2453,317901753
2474,317906753
2522,317911753
2543,317916753
2527,317921753
2519,317926753
2531,317931753
2485,317936753
2382,317941753
2324,317946753
2230,317951753
2084,317956753
1904,317961753
1755,317966753
1640,317971753
1526,317976753
1414,317981753
1349,317986753
1326,317991753
1283,317996753
1250,318001753
1268,318006753
1296,318011753
1305,318016753
1329,318021753
1360,318026753
1408,318031753
1437,318036753
1443,318041753
1475,318046753
1519,318051753
1541,318056753
1543,318061753
1565,318066753
1599,318071753
1620,318076753
1613,318081753
1636,318086753
1683,318091753
1672,318096753
1654,318101753
1666,318106753
1718,318111753
1706,318116753
1688,318121753
1687,318126753
1708,318131753
1727,318136753
1711,318141753
1729,318146753
1760,318151753
1748,318156753
1724,318161753
1741,318166753
1780,318171753
1780,318176753
1756,318181753
1764,318186753
1791,318191753
1791,318196753
1751,318201753
1758,318206753
1777,318211753
1796,318216753
1782,318221753
1791,318226753
1818,318231753
1828,318236753
1821,318241753
1838,318246753
1873,318251753
1852,318256753
1834,318261753
1842,318266753
1874,318271753
1884,318276753
1852,318281753
1856,318286753
1910,318291753
1938,318296753
1938,318301753
1962,318306753
2034,318311753
2048,318316753
2016,318321753
1992,318326756
2000,318331754
1984,318336753
1908,318341753
1873,318346753
1868,318351753
1867,318356753
1826,318361753
1837,318366753
1855,318371753
1864,318376753
1836,318381753
1841,318386753
1875,318391753
1874,318396753
1856,318401753
1862,318406753
1909,318411753
1933,318416753
1927,318421753
1906,318426753
1889,318431756
1956,318436753
2243,318441753
2825,318446753
3666,318451753
3985,318456753
4067,318461753
4033,318466753
2710,318471753
1543,318476753
926,318481753
682,318486753
840,318491753
1138,318496753
1290,318501753
1390,318506753
1496,318511753
1541,318516753
1538,318521753
1565,318526753
1617,318531753
1646,318536753
1650,318541753
1674,318546753
1717,318551753
1730,318556753
1733,318561753
1751,318566753
1790,318571753
1802,318576753
1800,318581753
1839,318586753
1878,318591753
1891,318596753
1879,318601753
1896,318606753
1947,318611753
1963,318616753
1971,318621753
1976,318626753
2021,318631753
2048,318636753
2055,318641753
2075,318646753
2132,318651753
2169,318656753
2185,318661753
2220,318666753
2287,318671753
2326,318676753
2336,318681753
2374,318686753
2454,318691753
2469,318696753
2492,318701753
2503,318706753
2529,318711753
2536,318716753
2517,318721753
2503,318726753
2488,318731753
2420,318736753
2308,318741753
2197,318746753
2091,318751753
1950,318756753
1790,318761753
1642,318766753
1543,318771753
1442,318776753
1360,318781753
1295,318786753
1293,318791753
1284,318796753
1272,318801753
1280,318806753
1321,318811753
1332,318816753
1347,318821753
1379,318826755
1437,318831754
1457,318836753
1454,318841753
1486,318846753
1537,318851753
1559,318856753
1562,318861753
1578,318866753
1617,318871753
1637,318876753
1623,318881753
1623,318886753
1661,318891753
1675,318896753
1661,318901753
1661,318906753
1700,318911753
1709,318916753
1679,318921753
1681,318926755
1728,318931757
1738,318936753
1709,318941753
1716,318946753
1754,318951753
1743,318956753
1703,318961753
1712,318966753
1743,318971753
1748,318976753
1725,318981753
1733,318986753
1758,318991753
1765,318996753
1762,319001753
1762,319006753
1797,319011753
1802,319016753
1788,319021753
1798,319026753
1830,319031753
1839,319036753
1813,319041753
1813,319046753
1836,319051753
1850,319056753
1828,319061753
1833,319066753
1862,319071753
1870,319076753
1856,319081753
1851,319086753
1890,319091753
1906,319096753
1914,319101753
1924,319106753
1962,319111753
2009,319116753
1990,319121753
1965,319126753
2004,319131753
1999,319136753
1925,319141753
1862,319146753
1850,319151753
1822,319156753
1788,319161753
1786,319166753
1811,319171753
1819,319176753
1794,319181753
1796,319186753
1832,319191753
1847,319196753
1827,319201753
1827,319206753
1851,319211753
1857,319216753
1856,319221753
1876,319226753
1894,319231753
1852,319236753
1955,319241753
2345,319246753
3042,319251753
3793,319256753
4017,319261753
4080,319266753
3895,319271753
2482,319276753
1365,319281753
842,319286753
739,319291753
970,319296753
1175,319301753
1296,319306753
1406,319311753
1450,319316753
1460,319321753
1490,319326753
1547,319331753
1576,319336753
1578,319341753
1600,319346753
1646,319351753
1666,319356753
1662,319361753
1684,319366753
1733,319371753
1752,319376753
1758,319381753
1785,319386753
1825,319391753
1835,319396753
1824,319401753
1844,319406753
1887,319411753
1902,319416753
1904,319421753
1915,319426760
1973,319431754
2001,319436753
2007,319441753
2036,319446753
2091,319451753
2125,319456753
2125,319461753
2162,319466753
2220,319471753
2256,319476753
2276,319481753
2332,319486753
2387,319491753
2424,319496753
2459,319501753
2477,319506753
2519,319511753
2523,319516753
2510,319521753
2511,319526753
2515,319531753
2490,319536753
2393,319541753
2277,319546753
2182,319551753
2052,319556753
1895,319561753
1752,319566753
1637,319571753
1513,319576753
1404,319581753
1338,319586753
1299,319591753
1280,319596753
1256,319601753
1261,319606753
1294,319611753
1321,319616753
1323,319621753
1350,319626753
1398,319631753
1425,319636753
1402,319641753
1431,319646753
1488,319651753
1516,319656753
1516,319661753
1531,319666753
1571,319671753
1592,319676753
1601,319681753
1620,319686753
1652,319691753
1645,319696753
1643,319701753
1659,319706753
1670,319711753
1690,319716753
1688,319721753
1686,319726753
1717,319731753
1709,319736753
1685,319741753
1675,319746753
1724,319751753
1722,319756753
1709,319761753
1729,319766753
1757,319771753
1767,319776753
1747,319781753
1750,319786753
1776,319791753
1766,319796753
1756,319801753
1770,319806753
1789,319811753
1804,319816753
1789,319821753
1790,319826753
1817,319831753
1825,319836753
1807,319841753
1808,319846753
1836,319851753
1840,319856753
1818,319861753
1826,319866753
1846,319871753
1851,319876753
1840,319881753
1852,319886753
1869,319891753
1877,319896753
1863,319901753
1898,319906753
1937,319911753
1957,319916753
1948,319921753
2012,319926755
2012,319931754
1992,319936753
1967,319941753
1971,319946753
1948,319951753
1895,319956753
1822,319961753
1802,319966753
1821,319971753
1806,319976753
1779,319981753
1781,319986753
1817,319991753
1841,319996753
1835,320001753
1823,320006753
1849,320011753
1858,320016753
1844,320021753
1863,320026753
1905,320031753
1923,320036753
1890,320041753
1848,320046753
1965,320051753
2312,320056753
2917,320061753
3724,320066753
3999,320071753
4073,320076753
4040,320081753
2739,320086753
1572,320091753
977,320096753
769,320101753
940,320106753
1170,320111753
1290,320116753
1378,320121753
1437,320126753
1479,320131753
1524,320136753
1552,320141753
1583,320146753
1625,320151753
1638,320156753
1640,320161753
1669,320166753
1709,320171753
1732,320176753
1727,320181753
1733,320186753
1763,320191753
1783,320196753
1787,320201753
1811,320206753
1860,320211753
1896,320216753
1866,320221753
1896,320226753
1945,320231753
1933,320236753
1958,320241753
1980,320246753
2024,320251753
2055,320256753
2074,320261753
2105,320266753
2151,320271753
2184,320276753
2187,320281753
2252,320286753
2287,320291753
2342,320296753
2370,320301753
2409,320306753
2480,320311753
2510,320316753
2504,320321753
2538,320326753
2572,320331753
2560,320336753
2516,320341753
2479,320346753
2440,320351753
2333,320356753
2194,320361753
2066,320366753
1943,320371753
1808,320376753
1636,320381753
1513,320386753
1426,320391753
1361,320396753
1287,320401753
1251,320406753
1273,320411753
1273,320416753
1259,320421755
1276,320426763
1320,320431754
1360,320436753
1349,320441753
1378,320446753
1433,320451753
1471,320456753
1473,320461753
1504,320466753
1544,320471753
1560,320476753
1575,320481753
1574,320486753
1604,320491753
1612,320496753
1616,320501753
1630,320506753
1638,320511753
1653,320516753
1648,320521753
1685,320526754
1679,320531755
1699,320536753
1692,320541753
1684,320546753
1717,320551753
1711,320556753
1700,320561753
1711,320566753
1741,320571753
1742,320576753
1734,320581753
1748,320586753
1772,320591753
1775,320596753
1746,320601753
1747,320606753
1762,320611753
1776,320616753
1761,320621753
1757,320626753
1806,320631753
1826,320636753
1800,320641753
1799,320646753
1821,320651753
1827,320656753
1816,320661753
1799,320666753
1829,320671753
1829,320676753
1801,320681753
1818,320686753
1841,320691753
1833,320696753
1809,320701753
1845,320706753
1899,320711753
1937,320716753
1913,320721753
1942,320726753
1983,320731753
1991,320736753
1968,320741753
1961,320746753
1944,320751753
1895,320756753
1810,320761753
1781,320766753
1813,320771753
1821,320776753
1786,320781753
1789,320786753
1797,320791753
1828,320796753
1812,320801753
1825,320806753
1847,320811753
1843,320816753
1814,320821753
1826,320826753
1865,320831753
1888,320836753
1874,320841753
1840,320846753
1907,320851753
2202,320856753
2748,320861753
3600,320866753
3968,320871753
4065,320876753
4067,320881753
2814,320886753
1663,320891753
1014,320896753
666,320901753
709,320906753
990,320911753
1212,320916753
1300,320921753
1400,320926753
1499,320931753
1540,320936753
1539,320941753
1562,320946753
1602,320951753
1631,320956753
1626,320961753
1662,320966753
1702,320971753
1720,320976753
1721,320981753
1726,320986753
1773,320991753
1803,320996753
1785,321001753
1800,321006753
1839,321011753
1857,321016753
1870,321021753
1871,321026755
1925,321031756
1957,321036753
1962,321041753
1973,321046753
2017,321051753
2056,321056753
2068,321061753
2100,321066753
2137,321071753
2181,321076753
2200,321081753
2227,321086753
2306,321091753
2339,321096753
2348,321101753
2358,321106753
2413,321111753
2482,321116753
2501,321121753
2502,321126753
2526,321131753
2518,321136753
2493,321141753
2497,321146753
2451,321151753
2369,321156753
2249,321161753
2131,321166753
2001,321171753
1863,321176753
1693,321181753
1574,321186753
1488,321191753
1393,321196753
1300,321201753
1279,321206753
1306,321211753
1319,321216753
1291,321221753
1299,321226753
1336,321231753
1368,321236753
1377,321241753
1383,321246753
1440,321251753
1456,321256753
1478,321261753
1525,321266753
1560,321271753
1554,321276753
1531,321281753
1566,321286753
1618,321291753
1626,321296753
1640,321301753
1651,321306753
1656,321311753
1671,321316753
1675,321321753
1673,321326753
1687,321331753
1716,321336753
1708,321341753
1713,321346753
1728,321351753
1723,321356753
1731,321361753
1749,321366753
1744,321371753
1733,321376753
1719,321381753
1701,321386753
1754,321391753
1783,321396753
1766,321401753
1782,321406753
1820,321411754
1817,321416756
1802,321421753
1803,321426753
1833,321431753
1820,321436753
1807,321441753
1808,321446753
1867,321451753
1893,321456753
1878,321461753
1912,321466753
1995,321471753
2024,321476753
1991,321481753
1980,321486753
2010,321491753
2008,321496753
1910,321501753
1875,321506753
1881,321511753
1890,321516753
1830,321521753
1809,321526754
1834,321531756
1840,321536753
1814,321541753
1804,321546753
1857,321551753
1853,321556753
1867,321561753
1882,321566753
1889,321571753
1915,321576753
1893,321581753
1917,321586753
1945,321591753
1937,321596753
2041,321601753
2439,321606753
3140,321611753
3831,321616753
4028,321621753
4081,321626753
3617,321631753
2150,321636753
1258,321641753
813,321646753
612,321651753
748,321656753
1014,321661753
1251,321666753
1406,321671753
1512,321676753
1590,321681753
1646,321686753
1687,321691753
1711,321696753
1706,321701753
1734,321706753
1787,321711753
1804,321716753
1778,321721753
1789,321726753
1849,321731753
1896,321736753
1905,321741753
1897,321746753
1894,321751753
1921,321756753
1923,321761753
1937,321766753
1964,321771753
2017,321776753
2007,321781753
2024,321786753
2061,321791753
2072,321796753
2126,321801753
2146,321806753
2156,321811753
2171,321816753
2166,321821753
2235,321826753
2309,321831753
2323,321836753
2311,321841753
2348,321846753
2421,321851753
2471,321856753
2504,321861753
2514,321866753
2533,321871753
2552,321876753
2543,321881753
2547,321886753
2578,321891753
2484,321896753
2332,321901753
2209,321906753
2131,321911753
2009,321916753
1885,321921753
1734,321926753
1604,321931753
1533,321936753
1442,321941753
1367,321946753
1348,321951753
1312,321956753
1265,321961753
1318,321966753
1358,321971753
1379,321976753
1392,321981753
1436,321986753
1468,321991753
1495,321996753
1492,322001753
1476,322006753
1510,322011753
1551,322016753
1553,322021753
1562,322026753
1611,322031753
1630,322036753
1622,322041753
1587,322046754
1604,322051755
1635,322056753
1619,322061753
1625,322066753
1631,322071753
1664,322076753
1643,322081753
1641,322086753
1694,322091753
1689,322096753
1638,322101753
1638,322106753
1705,322111753
1707,322116753
1707,322121753
1710,322126755
1730,322131755
1757,322136753
1723,322141753
1726,322146753
1743,322151753
1777,322156753
1747,322161753
1745,322166753
1791,322171753
1765,322176753
1745,322181753
1771,322186753
1844,322191753
1844,322196753
1818,322201753
1868,322206753
1952,322211753
1976,322216753
1949,322221753
1948,322226753
1978,322231753
1902,322236753
1808,322241753
1761,322246753
1813,322251753
1810,322256753
1758,322261753
1731,322266753
1756,322271753
1751,322276753
1726,322281753
1725,322286753
1780,322291753
1797,322296753
1809,322301753
1806,322306753
1824,322311753
1815,322316753
1845,322321753
1849,322326753
1855,322331753
1992,322336753
2379,322341753
3020,322346753
3774,322351753
4014,322356753
4078,322361753
3755,322366753
2201,322371753
1128,322376753
615,322381753
409,322386753
657,322391753
963,322396753
1214,322401753
1370,322406755
1505,322411756
1566,322416753
1605,322421753
1674,322426753
1710,322431753
1726,322436753
1718,322441753
1750,322446753
1741,322451753
1743,322456753
1778,322461753
1795,322466753
1810,322471753
1802,322476753
1828,322481753
1883,322486753
1901,322491753
1935,322496753
1946,322501753
1922,322506753
1964,322511753
1984,322516753
1996,322521753
1998,322526753
2035,322531753
2054,322536753
2053,322541753
2084,322546753
2141,322551753
2181,322556753
2184,322561753
2210,322566753
2284,322571753
2318,322576753
2332,322581753
2365,322586753
2446,322591753
2475,322596753
2492,322601753
2470,322606753
2519,322611753
2506,322616753
2477,322621753
2467,322626754
2433,322631754
2326,322636753
2178,322641753
2056,322646753
1950,322651753
1833,322656753
1701,322661753
1541,322666753
1463,322671753
1367,322676753
1310,322681753
1304,322686753
1317,322691753
1287,322696753
1271,322701753
1316,322706753
1355,322711753
1375,322716753
1388,322721753
1419,322726753
1424,322731753
1498,322736753
1512,322741753
1512,322746753
1599,322751753
1622,322756753
1619,322761753
1607,322766753
1646,322771753
1644,322776753
1645,322781753
1609,322786753
1664,322791753
1686,322796753
1656,322801753
1656,322806753
1713,322811753
1721,322816753
1691,322821753
1683,322826753
1710,322831753
1728,322836753
1701,322841753
1676,322846753
1702,322851753
1734,322856753
1732,322861753
1748,322866753
1760,322871753
1783,322876753
1726,322881753
1691,322886753
1737,322891753
1780,322896753
1763,322901753
1758,322906753
1755,322911753
1721,322916753
1746,322921753
1821,322926753
1865,322931753
1888,322936753
1954,322941753
1995,322946753
1985,322951753
1992,322956753
1934,322961753
1906,322966753
1876,322971753
1820,322976753
1769,322981753
1735,322986753
1741,322991753
1751,322996753
1773,323001753
1779,323006753
1789,323011753
1792,323016753
1781,323021753
1800,323026753
1818,323031753
1811,323036753
1828,323041753
1863,323046753
1868,323051753
1893,323056753
1831,323061753
1892,323066753
2263,323071753
2801,323076753
3589,323081753
3965,323086753
4065,323091753
4081,323096753
2738,323101753
1338,323106753
671,323111753
410,323116753
499,323121753
817,323126754
1176,323131755
1345,323136753
1441,323141753
1530,323146753
1631,323151753
1670,323156753
1698,323161753
1710,323166753
1745,323171753
1788,323176753
1768,323181753
1771,323186753
1815,323191753
1819,323196753
1809,323201753
1830,323206753
1888,323211753
1898,323216753
1900,323221753
1893,323226753
1917,323231753
1946,323236753
2001,323241753
2008,323246753
2035,323251753
2043,323256753
2045,323261753
2072,323266753
2119,323271753
2152,323276753
2106,323281753
2159,323286753
2207,323291753
2255,323296753
2274,323301753
2323,323306753
2387,323311753
2379,323316753
2400,323321753
2441,323326753
2501,323331753
2526,323336753
2511,323341753
2485,323346753
2460,323351753
2485,323356753
2408,323361753
2331,323366753
2262,323371753
2112,323376753
1954,323381753
1856,323386753
1755,323391753
1608,323396753
1484,323401755
1369,323406756
1316,323411753
1329,323416753
1286,323421753
1245,323426753
1268,323431753
1289,323436753
1299,323441753
1338,323446753
1368,323451753
1397,323456753
1388,323461753
1374,323466753
1433,323471753
1491,323476753
1522,323481753
1563,323486753
1580,323491753
1609,323496753
1600,323501753
1626,323506753
1666,323511753
1675,323516753
1653,323521753
1632,323526753
1684,323531753
1717,323536753
1681,323541753
1696,323546753
1726,323551753
1710,323556753
1678,323561753
1710,323566753
1731,323571753
1729,323576753
1706,323581753
1687,323586753
1713,323591753
1730,323596753
1698,323601753
1700,323606753
1731,323611753
1726,323616753
1734,323621753
1727,323626756
1739,323631753
1797,323636753
1793,323641753
1752,323646753
1793,323651753
1835,323656753
1859,323661753
1867,323666753
1928,323671753
1994,323676753
1994,323681753
1996,323686753
1973,323691753
1934,323696753
1821,323701753
1832,323706753
1833,323711753
1833,323716753
1776,323721753
1758,323726753
1800,323731753
1821,323736753
1820,323741753
1791,323746753
1811,323751753
1828,323756753
1805,323761757
1831,323766754
1850,323771753
1880,323776753
1855,323781753
1865,323786753
1910,323791753
1929,323796753
2108,323801753
2553,323806753
3272,323811753
3877,323816753
4041,323821753
4085,323826753
3513,323831753
1865,323836753
845,323841753
445,323846753
389,323851753
688,323856753
1043,323861753
1276,323866753
1491,323871753
1562,323876753
1589,323881753
1662,323886753
1731,323891753
1751,323896753
1730,323901753
1738,323906753
1801,323911753
1852,323916753
1819,323921753
1819,323926753
1845,323931753
1849,323936753
1854,323941753
1872,323946753
1976,323951753
1966,323956753
1913,323961753
1910,323966753
1939,323971753
1949,323976753
2005,323981753
1998,323986753
2056,323991753
2068,323996753
2082,324001753
2087,324006753
2162,324011753
2182,324016753
2190,324021753
2211,324026753
2282,324031753
2354,324036753
2378,324041753
2404,324046753
2446,324051753
2462,324056753
2473,324061753
2498,324066753
2528,324071753
2553,324076753
2533,324081753
2483,324086753
2461,324091753
2388,324096753
2271,324101753
2170,324106753
2054,324111753
1910,324116753
1781,324121753
1641,324126753
1543,324131753
1432,324136753
1327,324141753
1311,324146753
1303,324151753
1276,324156753
1259,324161753
1268,324166753
1310,324171753
1334,324176753
1352,324181753
1350,324186753
1427,324191753
1467,324196753
1448,324201753
1480,324206753
1532,324211753
1553,324216753
1557,324221753
1556,324226753
1626,324231753
1631,324236753
1625,324241753
1635,324246753
1658,324251753
1685,324256755
1682,324261757
1643,324266754
1664,324271753
1693,324276753
1660,324281753
1668,324286753
1717,324291753
1717,324296753
1686,324301753
1673,324306753
1729,324311753
1750,324316753
1695,324321753
1709,324326753
1742,324331753
1732,324336753
1728,324341753
1749,324346753
1781,324351753
1771,324356753
1750,324361753
1777,324366753
1776,324371753
1769,324376753
1771,324381753
1772,324386753
1798,324391753
1816,324396754
1816,324401756
1854,324406753
1906,324411753
1983,324416753
2002,324421753
1985,324426753
1979,324431753
1972,324436753
1924,324441753
1850,324446753
1828,324451753
1807,324456753
1804,324461753
1769,324466753
1779,324471753
1788,324476753
1770,324481753
1759,324486753
1797,324491753
1798,324496753
1789,324501753
1790,324506753
1823,324511753
1841,324516753
1840,324521753
1831,324526753
1889,324531753
1889,324536753
1852,324541753
1929,324546753
2274,324551753
2858,324556753
3646,324561753
3981,324566753
4067,324571753
4092,324576753
2826,324581753
1321,324586753
604,324591753
386,324596753
530,324601753
873,324606753
1170,324611753
1355,324616753
1473,324621753
1538,324626753
1590,324631753
1648,324636753
1668,324641753
1677,324646753
1733,324651753
1748,324656753
1731,324661753
1751,324666753
1803,324671753
1824,324676753
1807,324681753
1820,324686753
1865,324691753
1890,324696753
1879,324701753
1905,324706753
1931,324711753
1946,324716753
1933,324721753
1949,324726753
1993,324731753
2016,324736753
2027,324741753
2051,324746753
2072,324751753
2093,324756753
2094,324761754
2151,324766753
2213,324771753
2266,324776753
2277,324781753
2326,324786753
2387,324791753
2401,324796753
2435,324801753
2462,324806753
2494,324811753
2481,324816753
2466,324821753
2474,324826753
2507,324831753
2483,324836753
2407,324841753
2320,324846753
2229,324851753
2112,324856753
1962,324861753
1826,324866753
1699,324871753
1580,324876753
1457,324881753
1358,324886753
1301,324891753
1273,324896753
1241,324901753
1229,324906753
1255,324911753
1273,324916753
1272,324921753
1305,324926753
1348,324931753
1388,324936753
1385,324941753
1391,324946753
1456,324951753
1486,324956753
1497,324961753
1518,324966753
1567,324971753
1595,324976753
1572,324981753
1585,324986753
1621,324991753
1622,324996753
1624,325001753
1635,325006753
1667,325011753
1678,325016753
1648,325021753
1655,325026753
1703,325031753
1702,325036753
1689,325041753
1679,325046753
1719,325051753
1742,325056753
1733,325061753
1727,325066753
1757,325071753
1768,325076753
1741,325081753
1751,325086753
1781,325091753
1800,325096753
1773,325101753
1745,325106753
1777,325111753
1790,325116753
1774,325121753
1779,325126753
1813,325131753
1821,325136753
1800,325141753
1797,325146753
1827,325151753
1835,325156753
1822,325161753
1826,325166753
1859,325171753
1874,325176753
1845,325181753
1845,325186753
1873,325191753
1868,325196753
1855,325201753
1847,325206753
1872,325211753
1874,325216753
1842,325221753
1841,325226753
1897,325231753
1930,325236753
1934,325241753
1959,325246753
2011,325251753
2014,325256754
1986,325261755
1996,325266753
1988,325271753
1966,325276753
1908,325281753
1872,325286753
1865,325291753
1873,325296753
1828,325301753
1807,325306753
1816,325311753
1821,325316753
1834,325321753
1828,325326756
1869,325331755
1876,325336754
1856,325341754
1859,325346753
1877,325351753
1907,325356753
1894,325361753
1909,325366753
1929,325371753
1886,325376753
2022,325381753
2463,325386753
3204,325391756
3861,325396753
4033,325401753
4084,325406753
4095,325411753
2723,325416753
1211,325421753
553,325426753
535,325431753
795,325436753
1039,325441753
1180,325446753
1309,325451753
1384,325456753
1399,325461753
1434,325466753
1493,325471753
1538,325476753
1553,325481753
1580,325486753
1623,325491753
1655,325496753
1666,325501753
1682,325506753
1715,325511753
1764,325516753
1747,325521753
1768,325526753
1817,325531753
1823,325536753
1810,325541753
1832,325546753
1872,325551753
1887,325556753
1898,325561753
1928,325566753
1957,325571753
1989,325576753
2003,325581753
2042,325586753
2091,325591753
2123,325596753
2138,325601753
2191,325606753
2244,325611753
2282,325616753
2308,325621753
2353,325626753
2417,325631753
2465,325636753
2462,325641753
2466,325646753
2528,325651753
2556,325656753
2520,325661753
2522,325666753
2535,325671753
2513,325676753
2429,325681753
2320,325686753
2200,325691753
2069,325696753
1913,325701753
1765,325706753
1637,325711753
1525,325716753
1429,325721753
1342,325726753
1309,325731753
1284,325736753
1243,325741753
1230,325746753
1276,325751753
1303,325756753
1304,325761753
1316,325766753
1361,325771753
1402,325776753
1378,325781753
1419,325786753
1473,325791753
1517,325796753
1520,325801753
1546,325806753
1586,325811753
1609,325816753
1599,325821753
1626,325826756
1677,325831757
1712,325836754
1687,325841753
1675,325846753
1694,325851753
1706,325856753
1698,325861753
1701,325866753
1719,325871753
1719,325876753
1715,325881753
1705,325886753
1727,325891753
1736,325896753
1718,325901753
1735,325906753
1766,325911753
1779,325916753
1756,325921753
1749,325926753
1777,325931753
1791,325936753
1792,325941753
1784,325946753
1810,325951753
1824,325956753
1821,325961753
1814,325966753
1840,325971753
1854,325976753
1840,325981753
1832,325986753
1873,325991753
1875,325996753
1886,326001753
1845,326006753
1878,326011753
1883,326016753
1876,326021753
1863,326026753
1886,326031753
1897,326036753
1865,326041753
1871,326046753
1909,326051753
1924,326056753
1890,326061753
1888,326066753
1914,326071753
1915,326076753
1894,326081753
1896,326086753
1916,326091753
1920,326096753
1897,326101753
1902,326106753
1926,326111753
1943,326116753
1912,326121753
1918,326126753
1943,326131753
1963,326136753
1939,326141753
1934,326146753
1958,326151753
1958,326156753
1941,326161753
1927,326166753
1946,326171753
1955,326176753
1933,326181753
1943,326186753
1985,326191753
2037,326196753
2036,326201753
2050,326206753
2082,326211753
2111,326216753
2065,326221753
2060,326226753
2013,326231753
2025,326236753
1983,326241753
1944,326246753
1919,326251753
1909,326256753
1883,326261753
1869,326266753
1892,326271753
1891,326276753
1858,326281753
1859,326286753
1890,326291753
1906,326296753
1889,326301753
1907,326306753
1945,326311753
1955,326316753
1925,326321753
1928,326326755
1913,326331754
1921,326336753
2100,326341753
2590,326346753
3427,326351753
3921,326356753
4046,326361753
4088,326366753
3982,326371753
2335,326376755
1066,326381753
634,326386753
754,326391753
1018,326396753
1162,326401753
1267,326406753
1344,326411753
1386,326416753
1412,326421753
1445,326426753
1492,326431753
1541,326436753
1552,326441753
1587,326446753
1633,326451753
1665,326456753
1660,326461753
1675,326466753
1714,326471753
1750,326476753
1740,326481753
1752,326486753
1808,326491753
1828,326496753
1827,326501753
1851,326506753
1901,326511753
1930,326516753
1931,326521753
1947,326526753
1974,326531753
1984,326536753
1976,326541753
1994,326546753
2061,326551753
2089,326556753
2078,326561753
2101,326566753
2160,326571753
2212,326576753
2237,326581753
2276,326586753
2346,326591753
2393,326596753
2405,326601753
2432,326606753
2478,326611753
2493,326616753
2487,326621753
2486,326626753
2509,326631753
2486,326636753
2411,326641753
2315,326646753
2214,326651753
2089,326656753
1929,326661753
1792,326666753
1678,326671753
1568,326676753
1437,326681753
1355,326686753
1317,326691753
1280,326696753
1243,326701753
1238,326706753
1265,326711753
1271,326716753
1274,326721753
1290,326726753
1345,326731753
1371,326736753
1373,326741753
1405,326746753
1456,326751753
1478,326756753
1471,326761753
1511,326766753
1581,326771753
1569,326776753
1539,326781753
1552,326786753
1599,326791753
1618,326796753
1611,326801753
1620,326806753
1629,326811753
1630,326816753
1618,326821753
1606,326826756
1644,326831756
1645,326836753
1643,326841753
1654,326846753
1669,326851753
1666,326856753
1647,326861753
1656,326866753
1684,326871753
1702,326876753
1680,326881753
1686,326886753
1714,326891753
1733,326896753
1724,326901753
1729,326906753
1758,326911753
1772,326916753
1752,326921753
1738,326926755
1767,326931755
1781,326936753
1771,326941753
1772,326946753
1797,326951753
1795,326956753
1780,326961753
1778,326966753
1793,326971753
1797,326976753
1772,326981753
1768,326986753
1800,326991753
1806,326996753
1798,327001753
1801,327006753
1824,327011753
1823,327016753
1807,327021753
1791,327026753
1824,327031753
1839,327036753
1822,327041753
1842,327046753
1852,327051753
1859,327056753
1840,327061753
1839,327066753
1865,327071753
1882,327076753
1860,327081753
1856,327086753
1888,327091753
1887,327096753
1854,327101753
1856,327106753
1877,327111753
1892,327116753
1878,327121753
1881,327126753
1902,327131753
1903,327136753
1880,327141753
1876,327146753
1898,327151753
1897,327156753
1879,327161753
1868,327166753
1889,327171753
1895,327176753
1882,327181753
1868,327186753
1869,327191753
1880,327196753
1905,327201753
1941,327206753
1985,327211753
2005,327216753
2014,327221753
1987,327226753
1986,327231753
1974,327236753
1940,327241753
1893,327246753
1877,327251754
1842,327256753
1802,327261753
1781,327266753
1792,327271753
1811,327276753
1780,327281753
1788,327286753
1822,327291753
1833,327296753
1811,327301753
1821,327306753
1859,327311753
1877,327316753
1880,327321753
1875,327326753
1891,327331753
1856,327336753
1947,327341753
2318,327346753
2996,327351753
3773,327356753
4014,327361753
4077,327366753
4064,327371756
2705,327376753
1405,327381753
810,327386753
738,327391753
956,327396753
1117,327401753
1209,327406753
1311,327411753
1351,327416753
1362,327421753
1380,327426754
1442,327431755
1485,327436753
1501,327441753
1515,327446753
1547,327451753
1586,327456753
1594,327461753
1620,327466753
1670,327471753
1696,327476753
1705,327481753
1727,327486753
1772,327491753
1799,327496753
1793,327501753
1801,327506753
1842,327511753
1866,327516753
1862,327521753
1885,327526753
1920,327531753
1945,327536753
1969,327541753
1993,327546753
2040,327551753
2067,327556753
2088,327561753
2132,327566753
2181,327571753
2223,327576753
2251,327581753
2290,327586753
2344,327591753
2390,327596753
2401,327601753
2433,327606753
2491,327611753
2524,327616753
2525,327621753
2530,327626753
2548,327631753
2538,327636753
2456,327641753
2376,327646753
2296,327651753
2187,327656753
2026,327661753
1877,327666753
1758,327671753
1641,327676753
1518,327681753
1424,327686753
1361,327691753
1304,327696753
1260,327701753
1256,327706753
1277,327711753
1277,327716753
1279,327721753
1303,327726753
1348,327731753
1367,327736753
1362,327741753
1401,327746753
1463,327751753
1491,327756753
1492,327761753
1490,327766753
1536,327771753
1568,327776753
1571,327781753
1562,327786753
1596,327791753
1616,327796753
1606,327801753
1611,327806753
1644,327811753
1659,327816753
1640,327821753
1638,327826753
1683,327831753
1688,327836753
1674,327841753
1665,327846753
1698,327851753
1701,327856753
1683,327861753
1675,327866753
1704,327871753
1728,327876753
1704,327881753
1731,327886753
1746,327891753
1758,327896753
1738,327901753
1748,327906753
1783,327911753
1782,327916753
1766,327921753
1759,327926754
1770,327931754
1805,327936754
1791,327941753
1782,327946753
1819,327951753
1825,327956753
1798,327961753
1795,327966753
1827,327971753
1841,327976753
1836,327981753
1828,327986753
1840,327991753
1846,327996753
1814,328001753
1845,328006753
1871,328011753
1873,328016753
1869,328021753
1873,328026753
1897,328031753
1903,328036753
1883,328041753
1867,328046753
1885,328051753
1897,328056753
1883,328061753
1886,328066753
1904,328071753
1904,328076753
1886,328081753
1885,328086753
1903,328091753
1907,328096753
1896,328101753
1891,328106753
1922,328111753
1931,328116753
1924,328121753
1919,328126753
1926,328131753
1929,328136753
1907,328141753
1904,328146753
1928,328151753
1929,328156753
1901,328161753
1901,328166753
1928,328171753
1936,328176753
1907,328181753
1911,328186753
1940,328191753
1969,328196753
1929,328201753
1937,328206753
1968,328211753
1971,328216753
1938,328221753
1934,328226753
1979,328231753
2000,328236753
1990,328241753
2009,328246753
2055,328251753
2061,328256753
2025,328261753
2018,328266753
2034,328271753
2001,328276753
1918,328281753
1873,328286753
1873,328291753
1851,328296753
1822,328301753
1825,328306753
1856,328311753
1870,328316753
1846,328321753
1836,328326753
1871,328331753
1874,328336753
1878,328341753
1883,328346753
1919,328351753
1922,328356753
1880,328361753
1833,328366756
1969,328371753
2350,328376753
2974,328381753
3756,328386753
4008,328391753
4076,328396753
3988,328401753
2615,328406753
1491,328411753
948,328416753
786,328421753
965,328426755
1191,328431757
1303,328436754
1352,328441754
1406,328446753
1471,328451753
1500,328456753
1505,328461753
1523,328466753
1569,328471753
1598,328476753
1608,328481753
1633,328486753
1678,328491753
1704,328496753
1696,328501753
1714,328506753
1765,328511753
1774,328516753
1773,328521753
1780,328526754
1810,328531755
1839,328536753
1857,328541753
1876,328546753
1918,328551753
1945,328556753
1946,328561753
1963,328566753
2006,328571753
2030,328576753
2042,328581753
2075,328586753
2133,328591753
2166,328596753
2182,328601753
2207,328606753
2256,328611753
2299,328616753
2330,328621753
2382,328626753
2442,328631753
2485,328636753
2497,328641753
2507,328646753
2531,328651753
2552,328656753
2537,328661753
2515,328666753
2492,328671753
2443,328676753
2341,328681753
2210,328686753
2093,328691753
1965,328696753
1812,328701753
1671,328706753
1570,328711753
1467,328716753
1369,328721753
1302,328726753
1273,328731753
1260,328736753
1242,328741753
1254,328746753
1291,328751753
1317,328756753
1341,328761753
1350,328766753
1414,328771753
1456,328776753
1453,328781753
1471,328786753
1513,328791753
1527,328796753
1521,328801753
1553,328806753
1594,328811753
1613,328816753
1608,328821753
1623,328826753
1646,328831753
1658,328836753
1651,328841753
1651,328846753
1681,328851753
1690,328856753
1678,328861753
1676,328866753
1697,328871753
1709,328876753
1701,328881753
1701,328886753
1719,328891753
1718,328896753
1707,328901753
1711,328906753
1732,328911753
1728,328916753
1713,328921753
1722,328926753
1756,328931753
1768,328936753
1748,328941753
1732,328946753
1759,328951753
1776,328956753
1766,328961753
1766,328966753
1793,328971753
1811,328976753
1807,328981753
1801,328986753
1822,328991753
1812,328996753
1800,329001753
1819,329006753
1857,329011753
1865,329016753
1845,329021753
1827,329026757
1868,329031754
1860,329036753
1849,329041753
1862,329046753
1886,329051753
1892,329056753
1882,329061753
1886,329066753
1908,329071753
1908,329076753
1887,329081753
1890,329086753
1901,329091753
1918,329096753
1901,329101753
1908,329106753
1933,329111753
1933,329116753
1911,329121753
1914,329126753
1940,329131753
1938,329136753
1914,329141753
1904,329146753
1925,329151753
1920,329156753
1904,329161753
1909,329166753
1925,329171753
1930,329176753
1908,329181753
1900,329186753
1930,329191753
1963,329196753
1975,329201753
1989,329206753
2027,329211753
2056,329216753
2016,329221753
2001,329226753
2020,329231753
2004,329236753
1936,329241753
1882,329246753
1867,329251753
1866,329256753
1821,329261753
1804,329266753
1818,329271753
1835,329276753
1822,329281753
1833,329286753
1845,329291753
1870,329296753
1848,329301753
1853,329306753
1888,329311753
1919,329316753
1892,329321753
1843,329326753
1895,329331753
2168,329336753
2680,329341753
3524,329346753
3948,329351753
4059,329356753
4091,329361756
3222,329366753
1906,329371753
1135,329376753
780,329381753
843,329386753
1091,329391753
1260,329396753
1329,329401753
1391,329406753
1443,329411753
1478,329416753
1488,329421753
1510,329426753
1560,329431753
1576,329436753
1580,329441753
1595,329446753
1638,329451753
1672,329456753
1672,329461753
1689,329466753
1740,329471753
1765,329476753
1750,329481753
1772,329486753
1817,329491753
1820,329496753
1828,329501753
1851,329506753
1901,329511753
1926,329516753
1924,329521753
1929,329526755
1981,329531755
2015,329536754
2019,329541753
2049,329546753
2102,329551753
2136,329556753
2159,329561753
2197,329566753
2254,329571753
2303,329576753
2321,329581753
2362,329586753
2423,329591753
2447,329596753
2447,329601753
2478,329606753
2512,329611753
2524,329616753
2511,329621753
2506,329626753
2500,329631753
2428,329636753
2321,329641753
2221,329646753
2113,329651753
1970,329656753
1812,329661753
1659,329666753
1547,329671753
1457,329676753
1358,329681753
1293,329686753
1271,329691753
1246,329696753
1221,329701753
1234,329706753
1265,329711753
1284,329716753
1289,329721753
1310,329726753
1361,329731753
1386,329736753
1397,329741753
1424,329746753
1468,329751753
1515,329756753
1500,329761753
1509,329766753
1570,329771753
1593,329776753
1575,329781753
1592,329786753
1624,329791753
1629,329796753
1635,329801753
1642,329806753
1664,329811753
1679,329816753
1668,329821753
1677,329826753
1697,329831753
1696,329836753
1693,329841753
1680,329846753
1701,329851753
1705,329856753
1686,329861753
1701,329866753
1745,329871753
1761,329876753
1746,329881753
1752,329886753
1777,329891753
1788,329896753
1778,329901753
1775,329906753
1794,329911753
1806,329916753
1787,329921753
1802,329926753
1820,329931753
1826,329936753
1801,329941753
1800,329946753
1824,329951753
1853,329956753
1858,329961753
1841,329966753
1859,329971753
1865,329976753
1849,329981753
1852,329986753
1882,329991753
1882,329996753
1881,330001753
1882,330006753
1897,330011753
1913,330016753
1890,330021753
1881,330026754
1903,330031756
1922,330036753
1889,330041753
1898,330046753
1913,330051753
1917,330056753
1905,330061753
1907,330066753
1935,330071753
1918,330076753
1898,330081753
1931,330086753
1993,330091753
2025,330096753
2030,330101753
2059,330106753
2065,330111753
2037,330116753
2018,330121753
2013,330126755
1975,330131754
1935,330136754
1872,330141753
1855,330146753
1864,330151753
1856,330156753
1842,330161753
1840,330166753
1862,330171753
1863,330176753
1833,330181753
1835,330186753
1860,330191753
1878,330196753
1867,330201753
1872,330206753
1896,330211753
1872,330216753
1830,330221753
2044,330226753
2512,330231753
3302,330236753
3890,330241753
4044,330246753
4058,330251753
3498,330256753
2095,330261753
1234,330266753
846,330271753
811,330276753
1028,330281753
1213,330286753
1320,330291753
1420,330296753
1457,330301753
1480,330306753
1541,330311753
1581,330316753
1592,330321753
1599,330326753
1643,330331753
1673,330336753
1670,330341753
1666,330346753
1723,330351753
1761,330356756
1746,330361753
1744,330366753
1780,330371753
1810,330376753
1815,330381753
1838,330386753
1884,330391753
1897,330396753
1904,330401753
1920,330406753
1951,330411753
1984,330416753
1988,330421753
1992,330426753
2050,330431753
2081,330436753
2094,330441753
2126,330446753
2178,330451753
2225,330456753
2242,330461753
2259,330466753
2324,330471753
2378,330476753
2405,330481753
2463,330486753
2497,330491753
2513,330496753
2498,330501753
2509,330506753
2533,330511753
2536,330516753
2498,330521753
2423,330526753
2360,330531753
2236,330536753
2084,330541753
1929,330546753
1807,330551753
1674,330556753
1536,330561753
1427,330566753
1366,330571753
1316,330576753
1255,330581753
1217,330586753
1228,330591753
1257,330596753
1259,330601753
1290,330606753
1343,330611753
1379,330616753
1376,330621753
1386,330626754
1426,330631754
1467,330636754
1482,330641753
1506,330646753
1549,330651753
1581,330656753
1579,330661753
1594,330666753
1624,330671753
1644,330676753
1638,330681753
1638,330686753
1662,330691753
1665,330696753
1643,330701753
1630,330706753
1672,330711753
1685,330716753
1666,330721753
1666,330726753
1684,330731753
1694,330736753
1673,330741753
1670,330746753
1700,330751753
1705,330756753
1690,330761753
1700,330766753
1749,330771753
1765,330776753
1747,330781753
1745,330786753
1764,330791753
1786,330796753
1774,330801753
1776,330806753
1802,330811753
1828,330816753
1823,330821753
1817,330826753
1824,330831753
1832,330836753
1800,330841753
1827,330846753
1849,330851753
1867,330856753
1848,330861753
1834,330866753
1852,330871753
1866,330876753
1838,330881753
1842,330886753
1875,330891753
1898,330896753
1875,330901753
1865,330906753
1895,330911753
1887,330916753
1877,330921753
1884,330926753
1892,330931753
1894,330936753
1879,330941753
1883,330946753
1908,330951753
1907,330956753
1872,330961753
1889,330966753
1931,330971753
1963,330976753
1963,330981753
1998,330986753
2036,330991753
2030,330996753
2021,331001753
1995,331006753
1982,331011753
1924,331016753
1849,331021753
1828,331026753
1832,331031753
1819,331036753
1791,331041753
1793,331046753
1824,331051753
1830,331056753
1808,331061753
1825,331066753
1852,331071753
1874,331076753
1877,331081753
1894,331086753
1916,331091753
1900,331096753
1825,331101753
1906,331106753
2264,331111753
2882,331116753
3701,331121753
3994,331126756
4073,331131756
4049,331136754
2749,331141753
1565,331146753
979,331151753
777,331156753
902,331161753
1126,331166753
1275,331171753
1388,331176753
1432,331181753
1429,331186753
1473,331191753
1516,331196753
1538,331201753
1564,331206753
1615,331211753
1641,331216753
1637,331221753
1662,331226753
1715,331231753
1725,331236753
1707,331241753
1723,331246753
1776,331251753
1802,331256753
1844,331261753
1815,331266753
1840,331271753
1884,331276753
1896,331281753
1923,331286753
1955,331291753
1983,331296753
1988,331301753
2003,331306753
2048,331311753
2084,331316753
2087,331321753
2107,331326753
2161,331331753
2206,331336753
2221,331341753
2266,331346753
2321,331351754
2364,331356756
2389,331361753
2424,331366753
2486,331371753
2528,331376753
2523,331381753
2523,331386753
2540,331391753
2554,331396753
2512,331401753
2469,331406753
2418,331411753
2314,331416753
2162,331421753
2015,331426753
1890,331431753
1744,331436753
1590,331441753
1462,331446753
1389,331451753
1327,331456753
1269,331461753
1259,331466753
1247,331471753
1269,331476753
1270,331481753
1288,331486753
1326,331491753
1355,331496753
1389,331501753
1390,331506753
1441,331511753
1476,331516753
1477,331521753
1497,331526753
1531,331531753
1547,331536753
1532,331541753
1544,331546753
1571,331551753
1596,331556753
1589,331561753
1616,331566753
1648,331571753
1653,331576753
1636,331581753
1640,331586753
1664,331591753
1672,331596753
1661,331601753
1662,331606753
1688,331611753
1691,331616753
1676,331621753
1674,331626754
1688,331631756
1713,331636754
1697,331641753
1704,331646753
1747,331651753
1753,331656753
1741,331661753
1753,331666753
1778,331671753
1777,331676753
1766,331681753
1768,331686753
1796,331691753
1805,331696753
1780,331701753
1781,331706753
1813,331711753
1815,331716753
1797,331721753
1809,331726753
1835,331731753
1853,331736753
1825,331741753
1830,331746753
1848,331751753
1867,331756753
1873,331761753
1833,331766755
1892,331771753
1901,331776753
1898,331781753
1919,331786753
1963,331791753
2002,331796753
2010,331801753
1997,331806753
2016,331811753
2008,331816753
1988,331821753
1933,331826753
1898,331831753
1865,331836753
1841,331841753
1839,331846753
1828,331851753
1834,331856753
1821,331861753
1816,331866753
1858,331871753
1873,331876753
1850,331881753
1849,331886753
1877,331891753
1892,331896753
1875,331901753
1879,331906753
1893,331911753
1877,331916753
1902,331921753
2221,331926753
2818,331931753
3654,331936753
3984,331941753
4068,331946753
4091,331951753
2951,331956753
1714,331961753
1035,331966753
757,331971753
863,331976753
1080,331981753
1214,331986753
1337,331991753
1405,331996753
1422,332001753
1440,332006753
1500,332011753
1531,332016753
1541,332021753
1571,332026753
1615,332031753
1648,332036753
1641,332041753
1656,332046753
1693,332051753
1720,332056753
1725,332061753
1750,332066753
1784,332071753
1816,332076753
1809,332081753
1823,332086753
1861,332091753
1880,332096753
1879,332101753
1906,332106753
1933,332111753
1972,332116753
1993,332121753
2025,332126753
2055,332131753
2093,332136753
2101,332141753
2138,332146753
2201,332151753
2235,332156753
2249,332161753
2298,332166753
2356,332171753
2410,332176753
2426,332181753
2450,332186753
2499,332191753
2536,332196753
2526,332201753
2531,332206753
2535,332211753
2515,332216753
2445,332221753
2351,332226753
2269,332231753
2144,332236753
1955,332241753
1817,332246753
1705,332251753
1579,332256753
1447,332261753
1362,332266753
1328,332271753
1295,332276753
1245,332281756
1222,332286755
1246,332291754
1282,332296754
1296,332301753
1323,332306753
1375,332311753
1404,332316753
1419,332321753
1436,332326753
1481,332331753
1526,332336753
1536,332341753
1542,332346756
1585,332351753
1605,332356753
1600,332361753
1601,332366753
1657,332371753
1688,332376753
1687,332381753
1676,332386753
1703,332391753
1708,332396753
1696,332401753
1683,332406753
1696,332411753
1708,332416753
1695,332421753
1703,332426753
1722,332431753
1727,332436753
1719,332441753
1720,332446753
1747,332451753
1762,332456753
1747,332461753
1746,332466753
1779,332471753
1807,332476753
1786,332481753
1790,332486753
1810,332491753
1811,332496753
1799,332501753
1806,332506753
1831,332511753
1837,332516753
1826,332521753
1834,332526753
1869,332531753
1890,332536753
1873,332541753
1860,332546753
1884,332551753
1901,332556753
1902,332561753
1920,332566753
1960,332571753
1997,332576753
1988,332581753
1972,332586753
1989,332591753
1997,332596753
1956,332601753
1900,332606753
1880,332611753
1862,332616753
1840,332621753
1823,332626753
1825,332631753
1838,332636753
1813,332641753
1808,332646753
1841,332651753
1851,332656753
1854,332661753
1857,332666753
1898,332671753
1913,332676753
1923,332681753
1919,332686753
1927,332691753
1890,332696753
1957,332701753
2308,332706753
2962,332711753
3753,332716753
4008,332721753
4076,332726753
3972,332731753
2616,332736753
1505,332741753
939,332746753
741,332751753
921,332756753
1135,332761758
1276,332766755
1406,332771754
1478,332776753
1477,332781753
1515,332786753
1555,332791753
1589,332796753
1597,332801753
1623,332806753
1667,332811753
1701,332816753
1697,332821753
1705,332826753
1735,332831753
1763,332836753
1766,332841753
1795,332846753
1825,332851753
1853,332856753
1851,332861753
1868,332866753
1911,332871753
1940,332876753
1939,332881753
1965,332886753
1998,332891753
2023,332896753
2019,332901753
2034,332906753
2090,332911753
2120,332916753
2134,332921753
2174,332926753
2235,332931753
2274,332936753
2295,332941753
2343,332946753
2415,332951753
2468,332956753
2479,332961753
2492,332966753
2539,332971753
2547,332976753
2540,332981753
2544,332986753
2552,332991753
2511,332996753
2417,333001753
2308,333006753
2201,333011753
2054,333016753
1882,333021753
1747,333026753
1647,333031753
1529,333036753
1404,333041753
1336,333046753
1306,333051753
1277,333056753
1249,333061753
1245,333066753
1292,333071753
1317,333076753
1314,333081753
1337,333086753
1381,333091753
1428,333096753
1427,333101753
1446,333106753
1495,333111753
1527,333116753
1519,333121753
1544,333126753
1580,333131753
1597,333136753
1593,333141753
1588,333146753
1616,333151753
1639,333156753
1636,333161753
1650,333166753
1677,333171753
1680,333176753
1661,333181753
1664,333186753
1698,333191753
1699,333196753
1678,333201753
1674,333206753
1709,333211753
1728,333216753
1712,333221753
1718,333226753
1736,333231753
1752,333236753
1742,333241753
1720,333246753
1738,333251753
1753,333256753
1745,333261756
1753,333266754
1799,333271753
1811,333276753
1788,333281753
1804,333286753
1829,333291753
1828,333296753
1798,333301753
1798,333306753
1819,333311753
1838,333316753
1819,333321753
1823,333326756
1830,333331755
1865,333336753
1880,333341756
1900,333346753
1932,333351753
1971,333356753
1975,333361753
1951,333366753
1962,333371753
1962,333376753
1934,333381753
1894,333386753
1863,333391753
1838,333396753
1799,333401753
1789,333406753
1811,333411753
1808,333416753
1786,333421753
1797,333426753
1844,333431753
1840,333436753
1813,333441753
1813,333446753
1844,333451753
1865,333456753
1853,333461753
1850,333466753
1910,333471753
1889,333476753
1855,333481753
2024,333486753
2488,333491753
3251,333496753
3870,333501753
4052,333506753
4084,333511753
3660,333516753
2220,333521753
1251,333526753
824,333531753
788,333536753
989,333541753
1167,333546753
1280,333551753
1401,333556753
1429,333561753
1442,333566753
1497,333571753
1544,333576753
1547,333581753
1577,333586753
1626,333591753
1653,333596753
1655,333601753
1673,333606753
1708,333611753
1740,333616753
1753,333621753
1769,333626753
1794,333631753
1821,333636753
1828,333641753
1829,333646753
1865,333651753
1889,333656753
1896,333661753
1933,333666753
1909,333671753
1965,333676753
1986,333681753
2012,333686753
2051,333691753
2093,333696753
2108,333701753
2137,333706753
2177,333711753
2193,333716753
2217,333721753
2256,333726753
2333,333731753
2370,333736753
2395,333741753
2433,333746753
2487,333751753
2498,333756753
2517,333761753
2515,333766753
2539,333771753
2528,333776753
2458,333781753
2379,333786753
2300,333791753
2174,333796753
2013,333801753
1861,333806753
1742,333811753
1619,333816753
1494,333821753
1402,333826756
1345,333831755
1308,333836754
1290,333841753
1281,333846753
1302,333851753
1312,333856753
1311,333861753
1336,333866753
1384,333871753
1419,333876753
1426,333881753
1460,333886753
1500,333891753
1529,333896753
1536,333901753
1554,333906753
1600,333911753
1617,333916753
1611,333921753
1622,333926753
1667,333931753
1690,333936753
1680,333941753
1678,333946753
1700,333951753
1706,333956753
1678,333961753
1674,333966753
1696,333971753
1710,333976753
1699,333981753
1707,333986753
1732,333991753
1744,333996753
1715,334001753
1723,334006753
1743,334011753
1750,334016753
1734,334021753
1733,334026753
1762,334031753
1773,334036753
1749,334041753
1743,334046753
1786,334051753
1788,334056753
1774,334061753
1771,334066753
1800,334071753
1817,334076753
1803,334081753
1803,334086753
1831,334091753
1836,334096753
1825,334101753
1836,334106753
1887,334111753
1931,334116753
1910,334121753
1916,334126753
1986,334131753
1973,334136753
1947,334141753
1939,334146753
1970,334151753
1948,334156753
1873,334161753
1823,334166753
1822,334171753
1835,334176753
1795,334181753
1781,334186753
1807,334191753
1829,334196753
1805,334201753
1789,334206753
1823,334211753
1836,334216753
1833,334221753
1853,334226753
1890,334231753
1895,334236753
1894,334241753
1876,334246753
1879,334251753
1950,334256753
2292,334261753
2904,334266753
3714,334271753
4000,334276753
4074,334281753
4002,334286753
2681,334291753
1556,334296753
935,334301753
730,334306753
921,334311753
1145,334316753
1257,334321753
1332,334326757
1401,334331756
1446,334336758
1466,334341754
1492,334346753
1542,334351753
1575,334356753
1585,334361753
1600,334366753
1640,334371753
1671,334376753
1654,334381753
1672,334386753
1729,334391753
1764,334396753
1761,334401753
1779,334406753
1825,334411753
1842,334416753
1813,334421753
1819,334426753
1877,334431753
1896,334436753
1911,334441753
1940,334446753
1986,334451753
2032,334456753
2038,334461753
2062,334466753
2092,334471753
2119,334476753
2159,334481753
2196,334486753
2253,334491753
2321,334496753
2343,334501753
2372,334506753
2426,334511753
2462,334516753
2457,334521753
2466,334526753
2496,334531753
2532,334536753
2515,334541753
2491,334546753
2469,334551753
2396,334556753
2277,334561753
2147,334566753
2032,334571753
1891,334576753
1734,334581753
1597,334586753
1496,334591753
1398,334596753
1316,334601753
1284,334606753
1286,334611753
1283,334616753
1263,334621753
1264,334626753
1318,334631753
1344,334636753
1343,334641753
1365,334646753
1416,334651753
1459,334656753
1472,334661753
1506,334666753
1542,334671753
1551,334676753
1556,334681753
1580,334686753
1613,334691753
1630,334696753
1625,334701753
1631,334706753
1646,334711753
1661,334716753
1652,334721753
1637,334726753
1665,334731753
1684,334736753
1675,334741753
1670,334746753
1702,334751753
1694,334756753
1699,334761753
1700,334766753
1724,334771753
1741,334776753
1704,334781753
1710,334786753
1724,334791753
1760,334796753
1755,334801753
1760,334806753
1772,334811753
1789,334816753
1782,334821753
1768,334826754
1799,334831755
1818,334836753
1805,334841753
1825,334846753
1827,334851753
1825,334856753
1814,334861753
1839,334866753
1900,334871753
1930,334876753
1927,334881753
1974,334886753
1998,334891753
1993,334896753
1968,334901753
1959,334906753
1940,334911753
1901,334916753
1838,334921753
1811,334926755
1821,334931756
1830,334936754
1806,334941754
1805,334946753
1842,334951753
1863,334956753
1857,334961753
1845,334966753
1872,334971753
1878,334976753
1873,334981753
1885,334986753
1915,334991753
1932,334996753
1897,335001753
1855,335006753
1937,335011753
2242,335016753
2804,335021753
3641,335026753
3979,335031753
4068,335036753
4042,335041753
2716,335046753
1608,335051753
1011,335056753
726,335061753
832,335066753
1106,335071753
1300,335076753
1385,335081753
1464,335086753
1540,335091753
1579,335096753
1597,335101753
1618,335106753
1666,335111753
1705,335116753
1706,335121753
1722,335126753
1755,335131753
1780,335136753
1789,335141753
1798,335146753
1833,335151753
1864,335156753
1860,335161753
1863,335166753
1903,335171753
1917,335176753
1899,335181753
1896,335186753
1960,335191753
1996,335196753
2000,335201753
2021,335206753
2064,335211753
2088,335216753
2094,335221753
2116,335226753
2150,335231753
2200,335236753
2221,335241753
2247,335246753
2311,335251753
2363,335256753
2395,335261753
2423,335266753
2477,335271753
2506,335276753
2517,335281753
2525,335286753
2560,335291753
2566,335296753
2533,335301753
2496,335306753
2449,335311753
2337,335316753
2193,335321753
2051,335326756
1922,335331753
1790,335336753
1638,335341753
1512,335346753
1445,335351753
1391,335356753
1320,335361753
1291,335366753
1310,335371753
1323,335376753
1323,335381753
1340,335386753
1376,335391753
1416,335396753
1412,335401753
1428,335406753
1476,335411753
1519,335416753
1545,335421753
1554,335426755
1597,335431755
1619,335436753
1609,335441753
1616,335446753
1640,335451753
1657,335456753
1647,335461753
1653,335466753
1677,335471753
1683,335476753
1676,335481753
1666,335486753
1680,335491753
1693,335496753
1685,335501753
1685,335506753
1713,335511753
1717,335516753
1700,335521753
1696,335526753
1730,335531753
1766,335536753
1739,335541753
1737,335546753
1771,335551753
1765,335556753
1758,335561753
1762,335566753
1788,335571753
1812,335576753
1782,335581753
1773,335586753
1787,335591753
1805,335596753
1789,335601753
1792,335606753
1805,335611753
1822,335616753
1813,335621753
1815,335626753
1833,335631753
1845,335636753
1823,335641753
1831,335646753
1861,335651753
1877,335656753
1902,335661753
1925,335666753
1966,335671753
2002,335676753
2024,335681753
1992,335686753
1992,335691753
2004,335696753
1961,335701753
1913,335706753
1890,335711753
1840,335716753
1817,335721753
1814,335726753
1834,335731753
1850,335736753
1810,335741753
1800,335746753
1817,335751753
1826,335756753
1805,335761753
1806,335766753
1849,335771753
1878,335776753
1868,335781753
1876,335786753
1901,335791753
1889,335796753
1852,335801753
2019,335806753
2467,335811753
3216,335816753
3859,335821753
4036,335826753
4086,335831753
3857,335836753
2377,335841753
1283,335846753
805,335851753
765,335856753
981,335861753
1168,335866753
1283,335871753
1375,335876753
1402,335881753
1436,335886753
1481,335891753
1525,335896753
1545,335901753
1568,335906753
1618,335911753
1645,335916753
1654,335921753
1666,335926754
1689,335931755
1712,335936753
1717,335941753
1741,335946753
1791,335951753
1802,335956753
1809,335961753
1816,335966753
1844,335971753
1883,335976753
1891,335981753
1917,335986753
1956,335991753
1979,335996753
1981,336001753
1992,336006753
2051,336011753
2093,336016753
2097,336021753
2112,336026753
2182,336031753
2238,336036753
2256,336041753
2295,336046753
2359,336051753
2405,336056753
2438,336061753
2469,336066753
2512,336071753
2521,336076753
2522,336081753
2517,336086753
2530,336091753
2513,336096753
2469,336101753
2368,336106753
2285,336111753
2168,336116753
2002,336121753
1843,336126753
1727,336131753
1611,336136753
1470,336141753
1371,336146753
1333,336151753
1312,336156753
1282,336161753
1266,336166753
1290,336171753
1300,336176753
1304,336181753
1312,336186753
1359,336191753
1387,336196753
1407,336201753
1429,336206753
1477,336211753
1513,336216753
1518,336221753
1537,336226753
1563,336231753
1589,336236753
1583,336241753
1589,336246753
1634,336251753
1668,336256753
1644,336261753
1639,336266753
1660,336271753
1667,336276753
1660,336281753
1661,336286753
1664,336291753
1672,336296753
1673,336301753
1669,336306753
1697,336311753
1710,336316754
1689,336321756
1673,336326753
1717,336331753
1732,336336753
1721,336341753
1716,336346753
1742,336351753
1753,336356753
1749,336361753
1761,336366753
1788,336371753
1791,336376753
1766,336381753
1769,336386753
1790,336391753
1795,336396753
1789,336401753
1777,336406753
1805,336411753
1810,336416753
1797,336421753
1765,336426756
1826,336431756
1851,336436754
1839,336441753
1843,336446753
1847,336451753
1864,336456753
1864,336461753
1880,336466753
1920,336471753
1953,336476753
1947,336481753
2000,336486753
2021,336491753
2009,336496753
2005,336501753
1964,336506753
1952,336511753
1912,336516753
1850,336521753
1818,336526755
1832,336531755
1841,336536754
1835,336541754
1821,336546754
1843,336551753
1838,336556753
1825,336561753
1817,336566753
1841,336571753
1859,336576753
1868,336581753
1865,336586753
1896,336591753
1920,336596753
1903,336601753
1856,336606753
1890,336611753
2143,336616753
2630,336621753
3447,336626753
3927,336631753
4055,336636753
4089,336641753
3341,336646753
1965,336651753
1124,336656753
747,336661753
797,336666753
1064,336671753
1214,336676753
1297,336681753
1371,336686753
1430,336691753
1472,336696753
1487,336701753
1503,336706753
1552,336711753
1587,336716753
1591,336721753
1619,336726753
1657,336731753
1696,336736753
1691,336741753
1704,336746753
1737,336751753
1761,336756753
1770,336761753
1791,336766753
1829,336771753
1851,336776753
1858,336781753
1866,336786753
1912,336791753
1946,336796753
1960,336801753
1975,336806753
2018,336811753
2045,336816753
2039,336821753
2070,336826753
2130,336831753
2165,336836753
2188,336841753
2227,336846753
2285,336851753
2356,336856753
2355,336861753
2388,336866753
2449,336871753
2499,336876753
2510,336881753
2510,336886753
2544,336891753
2568,336896753
2524,336901753
2485,336906753
2438,336911753
2357,336916753
2234,336921753
2095,336926753
1970,336931753
1832,336936753
1677,336941753
1564,336946753
1470,336951753
1396,336956753
1320,336961753
1287,336966753
1273,336971753
1278,336976753
1271,336981753
1286,336986753
1319,336991753
1350,336996753
1364,337001753
1372,337006753
1412,337011753
1448,337016753
1431,337021753
1468,337026755
1514,337031754
1551,337036753
1566,337041753
1585,337046753
1619,337051753
1647,337056753
1631,337061753
1646,337066753
1694,337071753
1690,337076753
1672,337081753
1673,337086753
1712,337091753
1729,337096753
1710,337101753
1682,337106753
1714,337111753
1728,337116753
1707,337121753
1706,337126753
1729,337131753
1750,337136753
1726,337141753
1738,337146753
1752,337151753
1752,337156753
1734,337161753
1742,337166753
1770,337171753
1779,337176753
1774,337181753
1777,337186753
1795,337191753
1813,337196753
1803,337201753
1795,337206753
1817,337211753
1814,337216753
1794,337221753
1809,337226753
1846,337231753
1860,337236753
1858,337241753
1850,337246753
1867,337251753
1871,337256753
1868,337261753
1873,337266753
1893,337271753
1906,337276753
1868,337281753
1886,337286753
1928,337291753
1963,337296753
1976,337301753
1987,337306753
2037,337311753
2039,337316755
2014,337321753
2029,337326753
2027,337331753
1991,337336753
1921,337341753
1866,337346753
1871,337351753
1862,337356753
1828,337361753
1813,337366753
1843,337371753
1863,337376753
1841,337381753
1827,337386753
1857,337391753
1880,337396753
1855,337401753
1857,337406753
1899,337411753
1908,337416753
1907,337421753
1905,337426753
1876,337431753
1949,337436753
2249,337441753
2804,337446753
3647,337451753
3981,337456753
4067,337461753
4083,337466753
2884,337471753
1641,337476753
959,337481753
729,337486753
905,337491753
1162,337496753
1293,337501753
1376,337506753
1457,337511753
1495,337516753
1514,337521753
1526,337526754
1577,337531754
1621,337536753
1632,337541753
1647,337546753
1685,337551753
1714,337556753
1715,337561753
1733,337566753
1761,337571753
1791,337576753
1800,337581753
1814,337586753
1838,337591753
1880,337596753
1875,337601753
1888,337606753
1935,337611753
1966,337616753
1965,337621753
1976,337626753
2014,337631753
2050,337636753
2063,337641753
2067,337646753
2115,337651753
2149,337656753
2159,337661753
2189,337666753
2264,337671753
2316,337676753
2332,337681753
2362,337686753
2418,337691753
2460,337696753
2474,337701753
2482,337706753
2520,337711753
2536,337716753
2516,337721753
2505,337726753
2484,337731753
2448,337736753
2331,337741753
2200,337746753
2061,337751753
1957,337756753
1795,337761753
1640,337766753
1518,337771753
1436,337776753
1354,337781753
1297,337786753
1291,337791753
1285,337796753
1259,337801753
1266,337806753
1309,337811753
1350,337816753
1354,337821753
1371,337826753
1419,337831753
1452,337836753
1467,337841753
1498,337846753
1533,337851753
1547,337856753
1537,337861753
1545,337866753
1590,337871753
1614,337876753
1615,337881753
1613,337886753
1635,337891753
1652,337896753
1633,337901753
1638,337906753
1672,337911753
1672,337916753
1660,337921753
1649,337926753
1678,337931753
1680,337936753
1663,337941753
1660,337946753
1690,337951753
1716,337956753
1700,337961753
1705,337966753
1725,337971753
1733,337976753
1709,337981753
1700,337986753
1749,337991753
1776,337996753
1765,338001753
1755,338006753
1773,338011753
1795,338016753
1769,338021753
1765,338026757
1789,338031755
1811,338036753
1805,338041753
1790,338046753
1817,338051753
1828,338056753
1820,338061753
1815,338066753
1851,338071753
1850,338076753
1853,338081753
1842,338086753
1861,338091753
1868,338096753
1864,338101753
1850,338106753
1852,338111753
1866,338116753
1857,338121753
1850,338126754
1889,338131756
1897,338136753
1891,338141753
1885,338146753
1906,338151753
1924,338156753
1899,338161753
1886,338166753
1929,338171753
1975,338176753
1980,338181753
1979,338186753
2014,338191753
2052,338196753
2015,338201753
2004,338206753
2015,338211753
2001,338216753
1930,338221753
1873,338226753
1852,338231753
1848,338236753
1813,338241753
1795,338246753
1820,338251753
1839,338256753
1840,338261753
1822,338266753
1843,338271753
1855,338276753
1840,338281753
1847,338286753
1876,338291753
1884,338296753
1878,338301753
1871,338306756
1866,338311753
1871,338316753
2085,338321753
2556,338326753
3358,338331753
3903,338336753
4049,338341753
4086,338346753
3492,338351753
2081,338356753
1156,338361753
756,338366753
822,338371753
1072,338376753
1230,338381753
1320,338386753
1412,338391753
1466,338396753
1467,338401753
1484,338406753
1524,338411753
1589,338416753
1588,338421753
1598,338426753
1644,338431753
1672,338436753
1680,338441753
1690,338446753
1720,338451753
1763,338456753
1760,338461753
1772,338466753
1816,338471753
1846,338476753
1828,338481753
1850,338486753
1889,338491753
1905,338496753
1910,338501753
1938,338506753
1994,338511753
2016,338516753
2018,338521753
2027,338526753
2073,338531753
2106,338536753
2130,338541753
2165,338546753
2212,338551753
2260,338556753
2303,338561753
2314,338566753
2394,338571753
2441,338576753
2442,338581753
2467,338586753
2519,338591753
2532,338596753
2533,338601753
2541,338606753
2536,338611753
2510,338616753
2419,338621753
2312,338626755
2211,338631755
2098,338636754
1936,338641754
1785,338646754
1679,338651753
1548,338656753
1417,338661753
1338,338666753
1302,338671753
1279,338676753
1242,338681753
1238,338686753
1272,338691753
1293,338696753
1308,338701753
1336,338706753
1383,338711753
1420,338716753
1424,338721753
1441,338726753
1475,338731753
1493,338736753
1496,338741753
1510,338746753
1540,338751753
1558,338756753
1551,338761753
1561,338766753
1604,338771753
1622,338776753
1612,338781753
1620,338786753
1646,338791753
1659,338796753
1653,338801753
1652,338806753
1680,338811753
1689,338816753
1670,338821753
1666,338826753
1699,338831753
1703,338836753
1656,338841753
1681,338846753
1707,338851753
1728,338856753
1718,338861753
1706,338866753
1720,338871753
1734,338876753
1721,338881753
1717,338886753
1746,338891753
1766,338896753
1749,338901753
1753,338906753
1781,338911753
1790,338916753
1762,338921753
1769,338926753
1803,338931753
1822,338936753
1797,338941753
1796,338946753
1824,338951753
1837,338956753
1814,338961753
1820,338966753
1834,338971753
1839,338976753
1834,338981753
1839,338986753
1864,338991753
1874,338996753
1861,339001753
1856,339006753
1874,339011753
1878,339016753
1868,339021753
1897,339026753
1937,339031753
1959,339036753
1965,339041753
2014,339046753
2025,339051753
2020,339056753
1980,339061753
1963,339066753
1950,339071753
1911,339076753
1854,339081753
1845,339086753
1851,339091753
1856,339096753
1847,339101753
1825,339106753
1843,339111753
1856,339116753
1849,339121753
1811,339126755
1856,339131756
1867,339136754
1857,339141753
1867,339146753
1900,339151753
1918,339156753
1875,339161753
1828,339166753
2018,339171753
2471,339176753
3191,339181753
3853,339186753
4035,339191753
4083,339196753
3623,339201753
2182,339206753
1243,339211753
816,339216753
730,339221753
956,339226753
1185,339231753
1308,339236753
1379,339241753
1422,339246753
1481,339251753
1512,339256753
1544,339261753
1581,339266753
1628,339271753
1666,339276753
1663,339281753
1680,339286753
1722,339291753
1750,339296756
1752,339301753
1750,339306753
1794,339311753
1829,339316753
1836,339321753
1844,339326753
1866,339331753
1889,339336753
1896,339341753
1902,339346753
1947,339351753
1973,339356753
1989,339361753
2001,339366753
2035,339371753
2064,339376753
2079,339381753
2097,339386753
2156,339391753
2190,339396753
2214,339401753
2264,339406753
2307,339411753
2360,339416753
2381,339421753
2414,339426753
2463,339431753
2508,339436753
2527,339441753
2521,339446753
2553,339451753
2575,339456753
2537,339461753
2497,339466753
2453,339471753
2361,339476753
2216,339481753
2062,339486753
1937,339491753
1812,339496753
1653,339501753
1530,339506753
1451,339511753
1393,339516753
1315,339521753
1258,339526753
1263,339531753
1269,339536753
1269,339541753
1281,339546753
1333,339551753
1358,339556753
1362,339561753
1386,339566753
1448,339571753
1488,339576753
1489,339581753
1503,339586753
1537,339591753
1567,339596753
1576,339601753
1593,339606753
1622,339611753
1632,339616753
1625,339621753
1612,339626754
1657,339631755
1688,339636753
1670,339641753
1658,339646753
1682,339651753
1706,339656753
1675,339661753
1685,339666753
1716,339671753
1727,339676753
1710,339681753
1711,339686753
1723,339691753
1740,339696753
1729,339701753
1731,339706753
1736,339711753
1747,339716753
1751,339721753
1748,339726753
1776,339731753
1773,339736753
1759,339741753
1768,339746753
1788,339751753
1805,339756753
1794,339761753
1802,339766753
1824,339771753
1817,339776753
1821,339781756
1808,339786755
1825,339791753
1847,339796753
1847,339801753
1840,339806753
1852,339811753
1869,339816753
1849,339821753
1832,339826753
1878,339831753
1896,339836753
1869,339841753
1862,339846753
1876,339851753
1894,339856753
1878,339861753
1883,339866753
1899,339871753
1914,339876753
1892,339881753
1892,339886753
1896,339891753
1936,339896753
1944,339901753
1951,339906753
1998,339911753
2057,339916753
2020,339921753
1997,339926753
2018,339931753
2018,339936753
1975,339941753
1907,339946753
1868,339951753
1846,339956753
1820,339961753
1803,339966753
1825,339971753
1851,339976753
1833,339981753
1838,339986753
1855,339991753
1866,339996753
1857,340001753
1854,340006753
1876,340011753
1886,340016753
1880,340021753
1859,340026753
1878,340031753
1856,340036753
2025,340041753
2448,340046753
3186,340051753
3854,340056753
4036,340061753
4083,340066753
3738,340071753
2287,340076753
1261,340081753
798,340086753
781,340091753
1027,340096753
1195,340101753
1270,340106753
1391,340111753
1453,340116753
1473,340121753
1504,340126753
1567,340131753
1603,340136753
1609,340141753
1613,340146753
1658,340151753
1699,340156753
1702,340161753
1689,340166753
1736,340171753
1765,340176753
1770,340181753
1784,340186753
1811,340191753
1842,340196753
1849,340201753
1852,340206753
1894,340211753
1922,340216753
1931,340221753
1948,340226753
1999,340231753
2030,340236753
2020,340241753
2039,340246753
2070,340251753
2105,340256755
2140,340261755
2165,340266753
2224,340271753
2278,340276753
2310,340281753
2336,340286753
2404,340291755
2451,340296753
2456,340301753
2484,340306753
2521,340311753
2553,340316753
2563,340321753
2553,340326753
2546,340331753
2523,340336753
2441,340341753
2332,340346753
2226,340351753
2109,340356753
1949,340361753
1789,340366753
1666,340371753
1554,340376753
1431,340381753
1349,340386753
1325,340391753
1296,340396753
1258,340401753
1242,340406753
1265,340411753
1307,340416753
1312,340421753
1327,340426753
1359,340431753
1386,340436753
1408,340441753
1424,340446753
1456,340451753
1498,340456753
1506,340461753
1520,340466753
1566,340471753
1595,340476753
1600,340481753
1601,340486753
1631,340491753
1650,340496753
1642,340501753
1634,340506753
1661,340511753
1670,340516753
1681,340521753
1664,340526753
1697,340531753
1714,340536753
1688,340541753
1678,340546753
1694,340551753
1711,340556753
1700,340561753
1695,340566753
1715,340571753
1731,340576753
1729,340581753
1737,340586753
1751,340591753
1766,340596753
1755,340601753
1743,340606753
1758,340611753
1781,340616753
1765,340621753
1763,340626753
1781,340631753
1786,340636753
1777,340641753
1778,340646753
1796,340651753
1810,340656753
1800,340661753
1806,340666753
1834,340671753
1841,340676753
1845,340681753
1833,340686753
1858,340691753
1860,340696753
1837,340701753
1830,340706753
1868,340711753
1883,340716753
1862,340721753
1846,340726753
1869,340731753
1892,340736753
1868,340741753
1857,340746753
1891,340751753
1941,340756754
1922,340761756
1956,340766754
1987,340771754
2032,340776753
2006,340781753
1992,340786753
2009,340791753
2020,340796753
1962,340801753
1886,340806753
1863,340811753
1845,340816753
1821,340821753
1799,340826753
1817,340831753
1829,340836753
1813,340841753
1808,340846753
1829,340851753
1840,340856753
1833,340861753
1839,340866753
1874,340871753
1884,340876753
1858,340881753
1860,340886753
1853,340891753
1851,340896753
2034,340901753
2493,340906753
3293,340911753
3886,340916753
4044,340921753
4085,340926753
3517,340931753
2124,340936753
1192,340941753
782,340946753
796,340951753
1046,340956753
1226,340961753
1318,340966753
1416,340971753
1441,340976753
1453,340981753
1488,340986753
1530,340991753
1567,340996753
1574,341001753
1588,341006753
1631,341011753
1670,341016753
1676,341021753
1686,341026753
1734,341031753
1761,341036753
1770,341041753
1779,341046753
1809,341051753
1835,341056753
1818,341061753
1828,341066753
1881,341071753
1901,341076753
1914,341081753
1923,341086753
1959,341091753
1991,341096753
1985,341101753
2014,341106753
2062,341111753
2102,341116753
2109,341121753
2140,341126753
2197,341131753
2251,341136753
2292,341141753
2326,341146753
2387,341151753
2422,341156753
2433,341161753
2460,341166753
2516,341171753
2555,341176753
2553,341181753
2545,341186753
2549,341191753
2494,341196753
2407,341201753
2309,341206753
2199,341211753
2063,341216753
1899,341221753
1744,341226753
1624,341231753
1524,341236753
1387,341241753
1324,341246753
1281,341251753
1251,341256753
1233,341261753
1225,341266753
1258,341271753
1297,341276753
1304,341281753
1339,341286756
1373,341291753
1417,341296753
1451,341301753
1435,341306754
1458,341311756
1502,341316753
1520,341321753
1553,341326753
1561,341331754
1603,341336755
1617,341341754
1624,341346753
1661,341351753
1682,341356753
1662,341361753
1657,341366753
1676,341371753
1700,341376753
1682,341381753
1679,341386753
1711,341391753
1715,341396753
1691,341401753
1681,341406753
1700,341411753
1710,341416753
1704,341421753
1693,341426753
1714,341431753
1743,341436753
1733,341441753
1725,341446753
1740,341451753
1755,341456753
1734,341461753
1729,341466753
1756,341471753
1763,341476753
1757,341481753
1753,341486753
1779,341491753
1797,341496753
1786,341501753
1791,341506753
1824,341511753
1834,341516753
1814,341521753
1813,341526753
1844,341531753
1855,341536753
1838,341541753
1842,341546753
1880,341551753
1897,341556753
1864,341561753
1866,341566753
1920,341571753
1952,341576753
1956,341581753
1993,341586753
2039,341591753
2033,341596753
2018,341601753
1996,341606753
1983,341611753
1947,341616753
1882,341621753
1835,341626753
1852,341631753
1854,341636753
1837,341641753
1829,341646753
1857,341651753
1879,341656753
1868,341661753
1857,341666753
1884,341671753
1895,341676753
1896,341681753
1900,341686753
1930,341691753
1958,341696753
1928,341701753
1871,341706753
1948,341711753
2263,341716753
2847,341721753
3668,341726753
3985,341731753
4067,341736753
4000,341741753
2655,341746753
1564,341751753
1026,341756753
755,341761753
852,341766753
1142,341771753
1345,341776753
1446,341781753
1524,341786753
1595,341791753
1627,341796753
1632,341801753
1653,341806753
1706,341811753
1738,341816753
1747,341821753
1749,341826755
1790,341831756
1837,341836754
1836,341841753
1840,341846753
1877,341851753
1900,341856753
1909,341861753
1914,341866753
1933,341871753
1954,341876753
1949,341881753
1953,341886753
1984,341891753
2007,341896753
2012,341901753
2019,341906753
2043,341911753
2078,341916753
2078,341921753
2093,341926753
2141,341931753
2182,341936753
2197,341941753
2227,341946753
2285,341951753
2328,341956753
2375,341961753
2396,341966753
2449,341971753
2476,341976753
2476,341981753
2472,341986753
2498,341991753
2523,341996753
2499,342001753
2455,342006753
2399,342011753
2330,342016753
2210,342021753
2072,342026753
1949,342031753
1817,342036753
1680,342041753
1553,342046753
1476,342051753
1395,342056753
1325,342061753
1284,342066753
1287,342071753
1293,342076753
1272,342081753
1275,342086753
1309,342091753
1348,342096753
1353,342101753
1389,342106753
1444,342111753
1483,342116753
1463,342121753
1478,342126753
1537,342131753
1577,342136753
1581,342141753
1584,342146753
1621,342151753
1652,342156753
1647,342161753
1641,342166753
1660,342171753
1676,342176753
1650,342181753
1644,342186753
1663,342191753
1674,342196753
1661,342201753
1654,342206753
1684,342211753
1698,342216753
1690,342221753
1690,342226753
1719,342231753
1736,342236753
1715,342241753
1717,342246753
1744,342251753
1751,342256753
1754,342261753
1748,342266753
1772,342271753
1780,342276753
1765,342281755
1749,342286756
1777,342291753
1801,342296753
1781,342301753
1776,342306753
1807,342311753
1830,342316753
1822,342321753
1817,342326754
1846,342331753
1868,342336753
1843,342341753
1827,342346753
1845,342351753
1870,342356753
1859,342361753
1886,342366753
1933,342371753
1954,342376753
1957,342381753
1991,342386753
2017,342391753
2003,342396753
1980,342401753
1981,342406753
1957,342411753
1920,342416753
1864,342421753
1818,342426753
1837,342431753
1831,342436753
1810,342441753
1802,342446753
1818,342451753
1836,342456753
1822,342461753
1827,342466753
1860,342471753
1883,342476753
1871,342481753
1903,342486753
1916,342491753
1931,342496753
1893,342501753
1857,342506753
2042,342511753
2490,342516753
3213,342521753
3887,342526753
4036,342531753
4086,342536753
3737,342541753
2264,342546753
1253,342551753
811,342556753
783,342561753
1017,342566753
1226,342571753
1337,342576753
1401,342581753
1437,342586753
1488,342591753
1519,342596753
1538,342601753
1558,342606753
1591,342611753
1617,342616753
1629,342621753
1651,342626753
1687,342631753
1720,342636753
1724,342641753
1727,342646753
1763,342651753
1790,342656753
1782,342661753
1778,342666753
1800,342671753
1825,342676753
1831,342681753
1848,342686753
1895,342691753
1936,342696753
1944,342701753
1967,342706753
2017,342711753
2043,342716753
2052,342721753
2079,342726753
2140,342731753
2184,342736753
2216,342741753
2261,342746753
2310,342751753
2355,342756753
2401,342761753
2427,342766753
2466,342771753
2512,342776753
2518,342781753
2520,342786753
2545,342791753
2552,342796753
2509,342801753
2446,342806753
2370,342811753
2279,342816753
2142,342821753
1974,342826756
1851,342831755
1719,342836753
1581,342841753
1458,342846753
1387,342851753
1325,342856753
1258,342861753
1233,342866753
1252,342871753
1261,342876753
1245,342881753
1248,342886753
1299,342891753
1339,342896753
1357,342901753
1390,342906753
1432,342911753
1456,342916753
1474,342921753
1481,342926753
1521,342931757
1555,342936754
1562,342941753
1574,342946753
1613,342951753
1639,342956753
1633,342961753
1642,342966753
1667,342971753
1695,342976753
1679,342981753
1681,342986753
1712,342991753
1728,342996753
1717,343001753
1691,343006753
1723,343011753
1744,343016753
1715,343021753
1710,343026753
1737,343031753
1747,343036753
1735,343041753
1723,343046753
1742,343051753
1771,343056753
1761,343061753
1757,343066753
1776,343071753
1785,343076753
1776,343081753
1771,343086753
1803,343091753
1815,343096753
1806,343101753
1797,343106753
1816,343111753
1835,343116753
1821,343121753
1809,343126753
1845,343131753
1865,343136753
1843,343141753
1835,343146753
1854,343151753
1866,343156753
1875,343161753
1900,343166753
1959,343171753
1983,343176753
2001,343181753
2011,343186753
2019,343191753
2017,343196753
1992,343201753
1950,343206753
1923,343211753
1886,343216753
1819,343221753
1800,343226753
1814,343231753
1820,343236753
1813,343241753
1807,343246753
1834,343251753
1853,343256753
1851,343261753
1872,343266753
1899,343271753
1922,343276755
1905,343281756
1895,343286753
1929,343291753
1920,343296753
1854,343301753
1923,343306753
2290,343311753
2904,343316753
3707,343321753
3995,343326753
4074,343331753
4060,343336753
2778,343341753
1557,343346753
936,343351753
747,343356753
922,343361753
1129,343366753
1266,343371753
1362,343376753
1397,343381753
1436,343386753
1507,343391753
1551,343396753
1555,343401753
1569,343406753
1618,343411753
1645,343416753
1657,343421753
1677,343426754
1705,343431756
1728,343436754
1752,343441753
1753,343446753
1800,343451753
1819,343456753
1813,343461753
1820,343466753
1843,343471753
1872,343476753
1889,343481753
1903,343486753
1939,343491753
1964,343496753
1963,343501753
1994,343506753
2021,343511753
2065,343516753
2084,343521753
2111,343526753
2166,343531753
2216,343536753
2253,343541753
2301,343546753
2353,343551753
2401,343556753
2442,343561753
2490,343566753
2545,343571753
2569,343576753
2561,343581753
2564,343586753
2580,343591753
2582,343596753
2503,343601753
2422,343606753
2345,343611753
2219,343616753
2064,343621753
1898,343626753
1764,343631753
1646,343636753
1514,343641753
1412,343646753
1350,343651753
1301,343656753
1251,343661753
1235,343666753
1259,343671753
1276,343676753
1265,343681753
1302,343686753
1356,343691753
1391,343696753
1394,343701753
1413,343706753
1464,343711753
1492,343716753
1487,343721753
1507,343726753
1553,343731753
1590,343736753
1592,343741753
1605,343746753
1650,343751753
1671,343756753
1662,343761753
1670,343766753
1698,343771753
1707,343776753
1684,343781753
1661,343786753
1693,343791753
1718,343796753
1702,343801753
1700,343806753
1710,343811753
1725,343816753
1709,343821753
1710,343826753
1728,343831753
1732,343836753
1726,343841753
1727,343846753
1750,343851753
1763,343856753
1733,343861753
1735,343866753
1765,343871753
1775,343876753
1761,343881753
1757,343886753
1776,343891753
1799,343896753
1788,343901753
1791,343906753
1807,343911753
1814,343916753
1804,343921753
1797,343926754
1843,343931754
1857,343936753
1839,343941753
1843,343946753
1870,343951753
1878,343956753
1866,343961753
1871,343966753
1884,343971753
1895,343976753
1904,343981753
1916,343986753
1965,343991753
2015,343996753
2023,344001753
1990,344006753
1995,344011753
2016,344016753
1976,344021753
1919,344026753
1871,344031753
1844,344036753
1827,344041753
1811,344046753
1820,344051753
1821,344056753
1807,344061753
1820,344066753
1838,344071753
1850,344076753
1849,344081753
1853,344086753
1880,344091753
1884,344096753
1884,344101753
1897,344106753
1899,344111753
1885,344116753
1870,344121753
2068,344126753
2548,344131753
3347,344136753
3900,344141753
4046,344146753
4087,344151753
3531,344156753
2088,344161753
1170,344166753
791,344171753
825,344176753
1045,344181753
1207,344186753
1322,344191753
1406,344196753
1444,344201753
1476,344206753
1514,344211753
1551,344216753
1563,344221753
1579,344226753
1609,344231753
1639,344236753
1656,344241753
1678,344246753
1717,344251753
1758,344256753
1763,344261753
1768,344266756
1798,344271753
1825,344276753
1838,344281753
1835,344286753
1859,344291753
1885,344296753
1881,344301753
1894,344306753
1937,344311753
1977,344316753
1987,344321753
2002,344326753
2053,344331753
2092,344336753
2101,344341753
2127,344346753
2171,344351753
2229,344356753
2251,344361753
2291,344366753
2360,344371753
2412,344376753
2444,344381753
2456,344386753
2500,344391753
2529,344396753
2530,344401753
2546,344406753
2562,344411753
2533,344416753
2465,344421753
2361,344426754
2263,344431755
2141,344436753
1976,344441753
1823,344446753
1704,344451753
1568,344456753
1432,344461753
1334,344466753
1294,344471753
1263,344476753
1222,344481753
1200,344486753
1241,344491753
1267,344496753
1246,344501753
1270,344506753
1309,344511753
1345,344516753
1352,344521753
1370,344526753
1418,344531753
1450,344536756
1469,344541753
1494,344546753
1537,344551753
1572,344556753
1558,344561753
1568,344566753
1610,344571753
1631,344576753
1617,344581753
1621,344586753
1645,344591753
1660,344596753
1648,344601753
1647,344606753
1664,344611753
1683,344616753
1668,344621753
1661,344626753
1672,344631753
1688,344636753
1689,344641753
1698,344646753
1713,344651753
1740,344656753
1728,344661753
1720,344666753
1746,344671753
1759,344676753
1731,344681753
1716,344686753
1753,344691753
1767,344696753
1751,344701753
1756,344706753
1781,344711753
1784,344716753
1791,344721753
1792,344726753
1803,344731753
1835,344736753
1826,344741753
1822,344746753
1825,344751753
1832,344756753
1828,344761753
1828,344766753
1852,344771753
1871,344776753
1855,344781753
1863,344786753
1899,344791753
1939,344796753
1936,344801753
1940,344806753
2001,344811753
2037,344816753
2009,344821753
1995,344826753
2009,344831753
1984,344836753
1904,344841753
1839,344846753
1858,344851753
1850,344856753
1816,344861753
1796,344866753
1816,344871753
1828,344876753
1814,344881753
1815,344886753
1844,344891753
1859,344896753
1845,344901753
1837,344906753
1874,344911753
1892,344916753
1884,344921753
1896,344926753
1877,344931753
1865,344936753
2052,344941753
2502,344946753
3288,344951753
3885,344956753
4041,344961753
4090,344966753
3466,344971753
2063,344976753
1167,344981753
770,344986753
770,344991753
1031,344996753
1229,345001753
1338,345006753
1441,345011753
1522,345016753
1525,345021753
1550,345026753
1595,345031753
1627,345036753
1647,345041753
1671,345046753
1721,345051753
1743,345056753
1747,345061753
1751,345066753
1779,345071753
1797,345076755
1799,345081754
1815,345086753
1862,345091753
1888,345096753
1889,345101753
1899,345106753
1933,345111753
1945,345116753
1942,345121753
1964,345126753
2000,345131753
2024,345136753
2020,345141753
2028,345146753
2080,345151753
2114,345156753
2129,345161753
2167,345166753
2232,345171753
2281,345176753
2314,345181753
2344,345186753
2402,345191753
2448,345196753
2467,345201753
2497,345206753
2535,345211753
2552,345216753
2533,345221753
2527,345226753
2530,345231753
2496,345236753
2382,345241753
2263,345246753
2143,345251753
2008,345256756
1851,345261753
1698,345266753
1580,345271753
1502,345276753
1399,345281753
1324,345286753
1294,345291753
1279,345296753
1257,345301753
1264,345306753
1297,345311753
1314,345316753
1316,345321753
1341,345326753
1398,345331753
1436,345336753
1442,345341753
1460,345346753
1514,345351753
1544,345356753
1555,345361753
1558,345366753
1603,345371753
1631,345376753
1643,345381753
1656,345386753
1672,345391753
1692,345396753
1683,345401753
1663,345406753
1685,345411753
1707,345416753
1690,345421753
1686,345426753
1697,345431753
1721,345436753
1701,345441753
1693,345446753
1739,345451753
1745,345456753
1726,345461753
1730,345466753
1754,345471753
1763,345476753
1741,345481753
1741,345486753
1771,345491753
1761,345496753
1758,345501753
1765,345506753
1793,345511753
1798,345516753
1786,345521753
1770,345526754
1784,345531756
1816,345536754
1792,345541754
1808,345546753
1835,345551753
1850,345556753
1844,345561753
1850,345566753
1863,345571753
1875,345576753
1853,345581753
1848,345586753
1868,345591753
1885,345596753
1876,345601753
1869,345606753
1892,345611753
1887,345616753
1867,345621753
1881,345626753
1939,345631753
1956,345636753
1960,345641753
2005,345646753
2048,345651753
2036,345656753
2017,345661753
2005,345666753
1985,345671753
1921,345676753
1859,345681753
1841,345686753
1860,345691753
1844,345696753
1824,345701753
1819,345706753
1832,345711753
1841,345716753
1823,345721753
1822,345726753
1865,345731753
1869,345736753
1860,345741753
1866,345746753
1899,345751753
1910,345756753
1904,345761753
1884,345766753
1881,345771753
2065,345776753
2504,345781753
3255,345786753
3874,345791753
4041,345796753
4083,345801753
3692,345806753
2239,345811753
1221,345816753
769,345821753
755,345826753
1016,345831753
1211,345836753
1298,345841753
1387,345846753
1454,345851753
1488,345856753
1510,345861753
1539,345866753
1576,345871753
1615,345876753
1615,345881753
1635,345886753
1678,345891753
1707,345896753
1712,345901753
1721,345906753
1760,345911753
1796,345916753
1782,345921753
1798,345926753
1828,345931753
1846,345936753
1843,345941753
1856,345946753
1899,345951753
1932,345956753
1929,345961753
1929,345966753
1981,345971753
2012,345976753
2023,345981753
2053,345986753
2100,345991753
2134,345996753
2165,346001753
2194,346006753
2270,346011753
2329,346016753
2337,346021753
2371,346026756
2430,346031756
2480,346036754
2494,346041753
2509,346046753
2543,346051753
2570,346056753
2546,346061753
2514,346066753
2486,346071753
2411,346076753
2275,346081753
2130,346086753
1991,346091753
1859,346096753
1694,346101753
1578,346106753
1495,346111753
1418,346116753
1333,346121753
1259,346126753
1252,346131753
1243,346136756
1233,346141753
1252,346146753
1286,346151753
1316,346156753
1320,346161753
1336,346166753
1392,346171753
1420,346176753
1435,346181753
1454,346186753
1499,346191753
1531,346196753
1542,346201753
1567,346206753
1612,346211753
1648,346216753
1625,346221753
1620,346226753
1663,346231753
1688,346236753
1678,346241753
1681,346246753
1686,346251755
1701,346256756
1673,346261753
1666,346266753
1680,346271753
1670,346276753
1672,346281753
1669,346286753
1693,346291753
1702,346296753
1685,346301753
1687,346306753
1726,346311753
1753,346316753
1740,346321753
1749,346326753
1779,346331753
1790,346336753
1774,346341753
1767,346346753
1793,346351753
1805,346356753
1796,346361753
1791,346366753
1801,346371753
1791,346376753
1772,346381753
1784,346386753
1827,346391753
1848,346396753
1833,346401753
1829,346406753
1853,346411753
1874,346416753
1853,346421753
1851,346426753
1875,346431753
1893,346436753
1889,346441753
1865,346446753
1881,346451753
1881,346456753
1871,346461753
1861,346466753
1885,346471753
1900,346476753
1892,346481753
1880,346486753
1892,346491753
1893,346496753
1875,346501753
1912,346506753
1954,346511753
1992,346516753
1979,346521753
2023,346526753
2032,346531753
2027,346536753
2010,346541753
1988,346546753
1962,346551753
1919,346556753
1860,346561753
1827,346566753
1842,346571753
1839,346576753
1815,346581753
1812,346586753
1825,346591753
1840,346596753
1831,346601753
1833,346606753
1855,346611753
1866,346616753
1859,346621753
1861,346626756
1901,346631755
1923,346636753
1904,346641753
1864,346646753
1923,346651753
2210,346656753
2740,346661753
3589,346666753
3965,346671753
4065,346676753
4093,346681753
3054,346686753
1747,346691753
1013,346696753
725,346701753
839,346706753
1098,346711753
1246,346716753
1328,346721753
1408,346726753
1454,346731753
1485,346736753
1506,346741753
1526,346746753
1569,346751753
1591,346756753
1601,346761753
1625,346766753
1659,346771753
1705,346776753
1713,346781753
1723,346786753
1755,346791753
1760,346796753
1768,346801753
1789,346806753
1834,346811753
1859,346816753
1861,346821753
1883,346826753
1923,346831753
1943,346836753
1950,346841753
1961,346846753
2009,346851753
2040,346856753
2065,346861753
2090,346866753
2143,346871753
2189,346876753
2191,346881753
2222,346886753
2295,346891753
2337,346896753
2365,346901753
2406,346906753
2451,346911753
2480,346916753
2490,346921753
2491,346926753
2518,346931753
2540,346936753
2504,346941753
2489,346946753
2470,346951753
2383,346956753
2244,346961753
2110,346966753
1988,346971753
1848,346976753
1682,346981753
1555,346986753
1473,346991753
1401,346996753
1318,347001753
1265,347006753
1257,347011753
1260,347016753
1246,347021753
1252,347026753
1281,347031753
1301,347036753
1298,347041753
1312,347046753
1364,347051753
1398,347056753
1409,347061753
1431,347066753
1480,347071753
1518,347076753
1525,347081753
1530,347086753
1568,347091753
1592,347096753
1586,347101753
1601,347106753
1630,347111753
1653,347116753
1634,347121753
1636,347126756
1665,347131755
1680,347136753
1669,347141753
1668,347146753
1698,347151753
1702,347156753
1681,347161753
1674,347166753
1702,347171753
1717,347176753
1697,347181753
1711,347186753
1742,347191753
1750,347196753
1741,347201753
1739,347206753
1755,347211753
1785,347216753
1769,347221753
1769,347226753
1794,347231753
1806,347236753
1786,347241753
1788,347246755
1808,347251757
1819,347256753
1810,347261753
1814,347266753
1837,347271753
1854,347276753
1843,347281753
1833,347286753
1858,347291753
1868,347296753
1864,347301753
1863,347306753
1877,347311753
1898,347316753
1877,347321753
1878,347326753
1907,347331753
1915,347336753
1888,347341753
1886,347346753
1916,347351753
1923,347356753
1910,347361753
1926,347366753
1959,347371753
1977,347376753
1997,347381753
2029,347386753
2035,347391753
2028,347396753
2015,347401753
2001,347406753
1974,347411753
1928,347416753
1877,347421753
1850,347426753
1866,347431753
1853,347436753
1832,347441753
1837,347446753
1867,347451753
1871,347456753
1849,347461753
1845,347466753
1873,347471753
1892,347476753
1887,347481753
1905,347486753
1936,347491753
1950,347496753
1914,347501753
1860,347506753
1967,347511753
2322,347516753
2928,347521753
3731,347526753
4001,347531753
4075,347536753
3972,347541753
2573,347546753
1459,347551753
911,347556753
719,347561753
898,347566753
1166,347571753
1334,347576753
1419,347581753
1476,347586753
1536,347591753
1576,347596753
1582,347601753
1608,347606753
1651,347611753
1693,347616753
1699,347621753
1700,347626755
1723,347631756
1749,347636754
1752,347641754
1777,347646754
1819,347651753
1842,347656753
1836,347661753
1841,347666753
1872,347671753
1900,347676753
1892,347681753
1895,347686753
1923,347691753
1944,347696753
1952,347701753
1979,347706753
2028,347711753
2088,347716753
2074,347721753
2093,347726753
2144,347731753
2178,347736753
2236,347741753
2243,347746753
2300,347751753
2354,347756753
2394,347761753
2432,347766753
2491,347771757
2522,347776754
2533,347781753
2545,347786753
2575,347791753
2586,347796753
2546,347801753
2515,347806753
2464,347811753
2380,347816753
2243,347821753
2100,347826753
1979,347831753
1831,347836753
1672,347841753
1529,347846753
1447,347851753
1370,347856753
1293,347861753
1251,347866753
1251,347871753
1263,347876753
1246,347881753
1269,347886753
1314,347891753
1349,347896753
1348,347901753
1374,347906753
1426,347911753
1460,347916753
1470,347921753
1485,347926753
1530,347931753
1563,347936753
1562,347941753
1579,347946753
1601,347951753
1630,347956753
1637,347961753
1636,347966753
1661,347971753
1682,347976753
1664,347981753
1670,347986753
1689,347991753
1697,347996753
1672,348001753
1670,348006753
1698,348011753
1715,348016753
1711,348021753
1716,348026753
1726,348031753
1724,348036753
1706,348041753
1711,348046753
1737,348051753
1762,348056753
1761,348061753
1764,348066753
1791,348071753
1792,348076753
1774,348081753
1762,348086753
1782,348091753
1810,348096753
1792,348101753
1780,348106753
1802,348111753
1817,348116753
1808,348121753
1815,348126753
1844,348131753
1856,348136753
1837,348141753
1839,348146753
1851,348151753
1867,348156753
1857,348161753
1868,348166753
1885,348171753
1896,348176753
1879,348181753
1869,348186753
1893,348191753
1905,348196753
1877,348201753
1868,348206753
1888,348211753
1901,348216753
1877,348221753
1871,348226753
1899,348231753
1903,348236753
1879,348241754
1874,348246756
1897,348251753
1954,348256753
1944,348261755
1966,348266753
2016,348271753
2044,348276753
2058,348281753
2026,348286753
2043,348291753
2031,348296753
1969,348301753
1917,348306753
1891,348311753
1864,348316753
1836,348321753
1816,348326753
1842,348331753
1868,348336753
1852,348341753
1832,348346753
1844,348351753
1856,348356753
1843,348361753
1841,348366753
1856,348371753
1876,348376753
1883,348381753
1908,348386753
1927,348391753
1891,348396753
1897,348401753
2165,348406753
2711,348411753
3552,348416753
3954,348421753
4062,348426753
4091,348431753
3223,348436753
1828,348441753
1027,348446753
744,348451753
874,348456753
1093,348461753
1240,348466753
1348,348471753
1429,348476753
1439,348481753
1474,348486753
1531,348491753
1550,348496753
1555,348501753
1568,348506753
1626,348511753
1649,348516753
1652,348521753
1679,348526753
1727,348531753
1743,348536753
1737,348541753
1761,348546753
1797,348551753
1829,348556753
1822,348561753
1827,348566753
1876,348571753
1898,348576753
1895,348581753
1909,348586753
1959,348591753
2002,348596753
1999,348601753
2005,348606753
2049,348611753
2081,348616753
2097,348621753
2137,348626753
2192,348631753
2244,348636753
2261,348641753
2294,348646753
2366,348651753
2418,348656753
2441,348661753
2469,348666753
2515,348671753
2539,348676753
2542,348681753
2546,348686753
2566,348691753
2538,348696753
2474,348701753
2394,348706753
2310,348711753
2198,348716753
2040,348721753
1885,348726753
1766,348731753
1640,348736753
1494,348741753
1397,348746753
1338,348751753
1283,348756753
1233,348761753
1225,348766753
1241,348771753
1263,348776753
1275,348781756
1290,348786754
1340,348791753
1375,348796753
1376,348801753
1398,348806753
1446,348811753
1482,348816753
1502,348821753
1518,348826753
1551,348831753
1578,348836753
1565,348841753
1604,348846753
1631,348851753
1640,348856753
1630,348861753
1650,348866753
1691,348871753
1715,348876753
1702,348881753
1677,348886753
1701,348891753
1710,348896753
1683,348901753
1679,348906753
1693,348911753
1709,348916753
1698,348921753
1689,348926753
1728,348931753
1729,348936753
1716,348941753
1717,348946753
1742,348951753
1754,348956753
1747,348961753
1764,348966753
1801,348971753
1802,348976753
1784,348981753
1777,348986753
1800,348991753
1807,348996753
1783,349001753
1784,349006753
1819,349011753
1833,349016753
1828,349021753
1837,349026753
1856,349031753
1862,349036753
1845,349041753
1844,349046753
1856,349051753
1855,349056753
1845,349061753
1853,349066753
1871,349071753
1881,349076753
1873,349081753
1877,349086753
1902,349091753
1900,349096753
1875,349101753
1873,349106753
1913,349111753
1926,349116753
1903,349121753
1899,349126753
1912,349131753
1908,349136753
1908,349141753
1912,349146753
1919,349151753
1910,349156753
1875,349161753
1878,349166753
1913,349171753
1924,349176753
1901,349181753
1897,349186753
1919,349191753
1949,349196753
1956,349201753
1955,349206753
1984,349211753
2024,349216753
2002,349221753
1980,349226753
2005,349231753
2011,349236756
1942,349241753
1880,349246753
1835,349251753
1829,349256756
1808,349261754
1810,349266753
1830,349271753
1832,349276753
1824,349281753
1825,349286753
1849,349291753
1857,349296753
1848,349301753
1845,349306753
1867,349311753
1873,349316753
1862,349321753
1859,349326753
1842,349331753
1858,349336756
2107,349341754
2624,349346753
3458,349351753
3931,349356753
4055,349361753
4089,349366753
3291,349371753
1906,349376753
1069,349381753
735,349386753
832,349391753
1084,349396753
1243,349401753
1321,349406753
1408,349411753
1451,349416753
1472,349421753
1500,349426753
1552,349431753
1587,349436753
1584,349441753
1602,349446753
1640,349451753
1666,349456753
1676,349461753
1702,349466753
1737,349471753
1766,349476753
1776,349481753
1783,349486753
1805,349491753
1838,349496753
1840,349501753
1841,349506753
1888,349511753
1912,349516753
1929,349521753
1931,349526753
1964,349531753
2000,349536753
2014,349541753
2026,349546753
2077,349551753
2092,349556753
2114,349561753
2133,349566753
2179,349571753
2232,349576753
2271,349581753
2325,349586753
2390,349591753
2423,349596753
2436,349601753
2461,349606753
2496,349611753
2521,349616753
2514,349621753
2511,349626753
2516,349631753
2486,349636753
2408,349641753
2312,349646753
2228,349651753
2109,349656753
1937,349661753
1783,349666753
1665,349671753
1532,349676753
1402,349681753
1333,349686753
1307,349691753
1283,349696753
1233,349701753
1226,349706753
1251,349711753
1261,349716753
1261,349721753
1290,349726753
1337,349731753
1378,349736753
1382,349741753
1402,349746753
1462,349751753
1503,349756753
1516,349761753
1519,349766753
1562,349771753
1586,349776753
1579,349781753
1581,349786753
1614,349791753
1637,349796753
1629,349801753
1620,349806753
1656,349811753
1667,349816753
1666,349821753
1654,349826754
1676,349831755
1691,349836753
1681,349841753
1685,349846753
1701,349851753
1717,349856753
1706,349861753
1714,349866753
1742,349871753
1740,349876753
1710,349881753
1719,349886753
1734,349891753
1736,349896753
1730,349901753
1736,349906753
1759,349911753
1765,349916753
1753,349921753
1760,349926753
1786,349931753
1791,349936753
1784,349941753
1784,349946753
1809,349951753
1831,349956753
1814,349961753
1819,349966753
1838,349971753
1852,349976753
1844,349981753
1858,349986753
1881,349991753
1876,349996753
1867,350001753
1863,350006753
1874,350011753
1879,350016753
1859,350021753
1876,350026753
1924,350031753
1958,350036753
1956,350041753
2001,350046753
2033,350051753
2013,350056753
1993,350061753
1985,350066753
1977,350071753
1933,350076753
1874,350081753
1846,350086753
1845,350091753
1829,350096753
1828,350101753
1844,350106753
1854,350111753
1866,350116753
1844,350121753
1846,350126753
1873,350131753
1882,350136753
1872,350141753
1875,350146753
1902,350151753
1938,350156753
1895,350161753
1842,350166753
1968,350171753
2336,350176753
2960,350181753
3746,350186753
4013,350191753
4077,350196753
3857,350201753
2419,350206753
1415,350211753
921,350216753
701,350221753
890,350226753
1180,350231755
1359,350236756
1441,350241753
1509,350246753
1551,350251753
1598,350256753
1592,350261753
1614,350266753
1668,350271753
1699,350276753
1702,350281753
1715,350286753
1753,350291753
1775,350296753
1771,350301753
1785,350306753
1817,350311753
1847,350316753
1854,350321753
1859,350326754
1887,350331754
1917,350336753
1914,350341753
1926,350346753
1966,350351753
1989,350356753
1997,350361753
2017,350366753
2053,350371753
2067,350376753
2079,350381753
2110,350386753
2156,350391753
2191,350396753
2201,350401753
2229,350406753
2285,350411753
2323,350416753
2356,350421753
2381,350426753
2432,350431753
2467,350436753
2476,350441753
2497,350446753
2537,350451753
2547,350456753
2516,350461753
2488,350466753
2435,350471753
2358,350476753
2212,350481753
2085,350486753
1955,350491753
1809,350496753
1618,350501753
1505,350506753
1449,350511753
1381,350516753
1299,350521753
1262,350526753
1267,350531753
1271,350536753
1258,350541753
1279,350546753
1337,350551753
1364,350556753
1374,350561753
1397,350566753
1454,350571753
1494,350576753
1492,350581753
1532,350586753
1565,350591753
1572,350596753
1563,350601753
1572,350606753
1605,350611753
1614,350616753
1599,350621753
1622,350626753
1657,350631753
1670,350636753
1654,350641753
1665,350646753
1691,350651753
1688,350656753
1673,350661753
1672,350666753
1711,350671753
1715,350676753
1701,350681753
1704,350686753
1727,350691753
1734,350696753
1724,350701753
1723,350706753
1746,350711753
1756,350716753
1734,350721753
1723,350726753
1761,350731753
1772,350736753
1762,350741753
1764,350746753
1790,350751753
1798,350756753
1788,350761753
1795,350766753
1820,350771753
1827,350776753
1811,350781753
1808,350786753
1835,350791753
1846,350796753
1823,350801753
1837,350806753
1858,350811753
1863,350816753
1842,350821753
1839,350826754
1859,350831756
1865,350836754
1851,350841753
1851,350846753
1875,350851753
1864,350856753
1860,350861753
1864,350866753
1886,350871753
1878,350876753
1886,350881753
1910,350886753
1962,350891753
1996,350896753
2032,350901753
2037,350906753
2027,350911753
2034,350916753
2013,350921753
1974,350926753
1943,350931753
1897,350936753
1837,350941757
1817,350946754
1834,350951753
1832,350956753
1808,350961753
1810,350966753
1835,350971753
1839,350976753
1823,350981753
1823,350986753
1870,350991753
1888,350996753
1887,351001753
1873,351006753
1907,351011753
1871,351016753
1838,351021753
2074,351026753
2587,351031753
3410,351036753
3917,351041753
4052,351046753
4088,351051753
3479,351056753
2003,351061753
1072,351066753
742,351071753
808,351076753
1037,351081753
1201,351086753
1293,351091753
1394,351096753
1416,351101753
1446,351106753
1500,351111753
1532,351116753
1532,351121753
1563,351126753
1593,351131753
1629,351136753
1616,351141753
1633,351146753
1681,351151753
1695,351156753
1694,351161753
1708,351166753
1751,351171753
1783,351176753
1785,351181753
1794,351186753
1851,351191753
1868,351196753
1864,351201753
1878,351206753
1943,351211753
1949,351216753
1951,351221753
1980,351226756
2028,351231753
2065,351236753
2078,351241753
2113,351246753
2171,351251753
2198,351256753
2245,351261753
2281,351266753
2351,351271753
2399,351276753
2413,351281753
2446,351286753
2483,351291753
2508,351296753
2505,351301753
2514,351306753
2561,351311753
2549,351316753
2485,351321753
2411,351326753
2340,351331753
2220,351336753
2051,351341753
1897,351346753
1771,351351753
1640,351356753
1486,351361753
1373,351366753
1319,351371753
1283,351376753
1240,351381753
1223,351386753
1245,351391753
1258,351396753
1248,351401753
1273,351406753
1323,351411753
1349,351416753
1363,351421753
1401,351426755
1467,351431755
1506,351436754
1488,351441753
1499,351446753
1551,351451753
1582,351456753
1573,351461753
1604,351466753
1637,351471753
1651,351476753
1637,351481753
1653,351486753
1698,351491753
1707,351496753
1683,351501753
1683,351506753
1709,351511753
1696,351516753
1682,351521753
1690,351526753
1724,351531753
1737,351536753
1722,351541753
1721,351546753
1736,351551753
1735,351556753
1719,351561753
1721,351566753
1753,351571753
1753,351576753
1729,351581753
1745,351586753
1777,351591753
1786,351596753
1774,351601753
1773,351606753
1792,351611753
1808,351616753
1787,351621753
1791,351626753
1818,351631753
1822,351636753
1797,351641753
1804,351646753
1832,351651753
1859,351656753
1845,351661753
1838,351666753
1868,351671753
1873,351676753
1854,351681753
1855,351686753
1887,351691753
1877,351696753
1852,351701753
1879,351706753
1924,351711753
1946,351716753
1939,351721753
2008,351726753
2014,351731753
2000,351736753
1968,351741753
1961,351746753
1961,351751753
1909,351756753
1842,351761753
1810,351766753
1829,351771753
1827,351776753
1808,351781753
1808,351786753
1835,351791753
1837,351796753
1811,351801753
1809,351806753
1856,351811753
1874,351816753
1843,351821753
1852,351826753
1892,351831753
1914,351836753
1871,351841753
1832,351846753
1995,351851753
2377,351856753
3020,351861753
3780,351866753
4016,351871753
4079,351876753
3929,351881753
2512,351886753
1410,351891753
873,351896753
712,351901753
919,351906753
1163,351911753
1291,351916753
1370,351921753
1406,351926754
1478,351931755
1513,351936753
1536,351941753
1560,351946753
1603,351951753
1640,351956753
1627,351961753
1646,351966753
1692,351971753
1726,351976753
1727,351981753
1738,351986753
1777,351991753
1802,351996753
1787,352001753
1821,352006753
1859,352011753
1886,352016753
1883,352021753
1888,352026753
1928,352031753
1952,352036753
1957,352041753
1986,352046753
2032,352051753
2043,352056753
2051,352061753
2085,352066753
2133,352071753
2180,352076753
2191,352081753
2236,352086753
2291,352091753
2322,352096753
2338,352101753
2377,352106753
2445,352111753
2483,352116753
2484,352121753
2493,352126753
2546,352131753
2570,352136753
2550,352141753
2494,352146753
2429,352151753
2332,352156753
2185,352161753
2039,352166753
1943,352171753
1807,352176753
1639,352181753
1516,352186753
1425,352191753
1342,352196753
1280,352201753
1253,352206753
1267,352211753
1249,352216755
1237,352221756
1263,352226753
1310,352231753
1331,352236753
1342,352241753
1376,352246753
1433,352251753
1458,352256753
1468,352261753
1482,352266753
1546,352271753
1563,352276753
1554,352281753
1587,352286753
1637,352291753
1648,352296753
1627,352301753
1627,352306753
1657,352311753
1656,352316753
1636,352321753
1637,352326753
1659,352331753
1681,352336753
1659,352341753
1659,352346753
1699,352351753
1710,352356753
1678,352361753
1677,352366753
1720,352371753
1721,352376753
1709,352381753
1727,352386753
1734,352391753
1740,352396753
1722,352401753
1732,352406753
1769,352411753
1791,352416753
1777,352421753
1766,352426754
1802,352431755
1792,352436753
1763,352441753
1783,352446753
1817,352451753
1827,352456753
1809,352461753
1824,352466753
1856,352471753
1860,352476753
1835,352481753
1835,352486753
1864,352491753
1898,352496753
1901,352501753
1930,352506753
1971,352511753
2006,352516753
1984,352521753
1979,352526753
1994,352531753
1981,352536753
1914,352541756
1879,352546753
1864,352551753
1869,352556753
1831,352561753
1824,352566753
1857,352571753
1854,352576753
1825,352581753
1830,352586753
1864,352591753
1866,352596753
1853,352601753
1869,352606753
1917,352611753
1930,352616753
1902,352621753
1902,352626753
1919,352631753
1874,352636753
1948,352641753
2281,352646753
2922,352651753
3724,352656753
4002,352661753
4074,352666753
3955,352671753
2557,352676753
1471,352681753
938,352686753
708,352691753
836,352696753
1077,352701753
1281,352706753
1421,352711753
1497,352716753
1517,352721753
1563,352726753
1618,352731753
1654,352736753
1652,352741753
1680,352746753
1740,352751753
1766,352756753
1763,352761753
1776,352766753
1806,352771753
1794,352776753
1821,352781753
1840,352786753
1889,352791753
1908,352796753
1905,352801753
1926,352806753
1942,352811753
1958,352816753
1958,352821753
1982,352826753
2035,352831753
2059,352836753
2061,352841753
2062,352846753
2118,352851753
2147,352856753
2138,352861753
2176,352866753
2236,352871753
2273,352876753
2291,352881753
2330,352886753
2385,352891753
2424,352896753
2438,352901753
2467,352906753
2502,352911753
2526,352916753
2518,352921753
2532,352926753
2544,352931753
2497,352936753
2404,352941753
2309,352946753
2220,352951753
2088,352956753
1940,352961753
1809,352966753
1686,352971753
1557,352976753
1442,352981753
1362,352986753
1356,352991753
1333,352996753
1299,353001753
1286,353006753
1336,353011753
1376,353016753
1380,353021753
1399,353026755
1436,353031755
1476,353036753
1468,353041753
1486,353046753
1525,353051753
1557,353056753
1561,353061753
1575,353066753
1616,353071753
1635,353076753
1630,353081753
1656,353086753
1696,353091753
1715,353096753
1689,353101753
1693,353106753
1721,353111753
1724,353116753
1705,353121753
1699,353126753
1734,353131753
1734,353136753
1718,353141753
1722,353146753
1748,353151753
1731,353156753
1708,353161753
1714,353166753
1746,353171753
1746,353176753
1731,353181753
1743,353186753
1778,353191753
1785,353196753
1767,353201753
1761,353206753
1794,353211755
1787,353216753
1754,353221753
1771,353226753
1814,353231753
1824,353236753
1809,353241753
1793,353246753
1834,353251753
1822,353256753
1813,353261753
1821,353266753
1840,353271753
1849,353276753
1827,353281753
1845,353286753
1877,353291753
1905,353296753
1917,353301753
1950,353306753
1986,353311753
2013,353316753
2007,353321753
1979,353326753
2003,353331753
2005,353336753
1958,353341753
1912,353346753
1895,353351753
1862,353356753
1816,353361753
1810,353366753
1838,353371753
1833,353376753
1811,353381753
1808,353386753
1818,353391753
1839,353396753
1841,353401753
1839,353406753
1871,353411753
1867,353416753
1862,353421753
1888,353426753
1908,353431753
1865,353436753
1944,353441753
2317,353446753
2987,353451753
3765,353456753
4010,353461753
4076,353466753
4050,353471753
2716,353476753
1438,353481753
819,353486753
716,353491753
924,353496753
1132,353501753
1249,353506753
1358,353511753
1418,353516753
1431,353521753
1427,353526755
1505,353531755
1546,353536753
1548,353541753
1584,353546753
1628,353551753
1650,353556753
1662,353561753
1691,353566753
1720,353571753
1751,353576753
1758,353581753
1763,353586753
1806,353591753
1819,353596753
1811,353601753
1831,353606753
1875,353611753
1893,353616753
1900,353621753
1932,353626753
1976,353631753
2004,353636753
2011,353641753
2036,353646753
2082,353651753
2114,353656753
2126,353661753
2161,353666753
2215,353671753
2257,353676753
2284,353681753
2325,353686753
2384,353691753
2423,353696753
2440,353701753
2473,353706753
2525,353711753
2540,353716753
2528,353721753
2521,353726753
2537,353731753
2498,353736753
2395,353741753
2296,353746753
2200,353751753
2075,353756753
1899,353761753
1757,353766753
1648,353771753
1530,353776753
1424,353781753
1346,353786753
1304,353791753
1274,353796753
1238,353801753
1237,353806753
1274,353811753
1290,353816753
1284,353821753
1316,353826753
1371,353831753
1409,353836753
1415,353841753
1434,353846753
1478,353851753
1510,353856753
1509,353861753
1531,353866753
1582,353871753
1593,353876753
1588,353881753
1619,353886753
1649,353891753
1654,353896753
1645,353901753
1660,353906753
1681,353911753
1684,353916753
1675,353921753
1680,353926753
1717,353931753
1726,353936753
1705,353941753
1706,353946753
1752,353951753
1745,353956753
1710,353961753
1730,353966753
1764,353971753
1759,353976753
1723,353981753
1736,353986753
1786,353991753
1791,353996753
1761,354001753
1755,354006753
1776,354011753
1788,354016753
1754,354021753
1792,354026753
1802,354031753
1811,354036753
1798,354041753
1795,354046756
1836,354051754
1843,354056753
1829,354061753
1829,354066753
1881,354071753
1875,354076753
1842,354081753
1838,354086753
1890,354091753
1921,354096753
1933,354101753
1953,354106753
2011,354111753
2038,354116753
1987,354121753
1977,354126753
2013,354131753
1973,354136753
1920,354141754
1884,354146754
1874,354151753
1861,354156753
1830,354161753
1812,354166753
1827,354171753
1834,354176753
1824,354181753
1826,354186753
1842,354191753
1853,354196753
1832,354201755
1838,354206756
1878,354211753
1879,354216753
1865,354221753
1887,354226753
1873,354231753
1859,354236753
2006,354241753
2448,354246753
3218,354251753
3867,354256753
4040,354261753
4085,354266753
3745,354271753
2301,354276753
1249,354281753
801,354286753
783,354291753
1007,354296753
1178,354301753
1297,354306753
1422,354311753
1466,354316753
1467,354321753
1490,354326753
1541,354331753
1574,354336753
1577,354341753
1599,354346753
1643,354351753
1662,354356753
1664,354361753
1692,354366753
1738,354371753
1765,354376753
1774,354381753
1777,354386753
1823,354391753
1840,354396753
1840,354401753
1872,354406753
1914,354411753
1929,354416753
1933,354421753
1958,354426753
2006,354431753
2023,354436753
2013,354441753
2038,354446753
2092,354451753
2126,354456753
2133,354461753
2179,354466753
2246,354471753
2286,354476753
2311,354481753
2355,354486753
2416,354491753
2456,354496753
2466,354501753
2491,354506753
2554,354511753
2564,354516753
2532,354521753
2546,354526753
2549,354531753
2493,354536753
2386,354541753
2290,354546753
2195,354551753
2040,354556753
1865,354561753
1726,354566753
1626,354571753
1510,354576753
1397,354581753
1330,354586753
1305,354591753
1281,354596753
1251,354601753
1248,354606753
1284,354611753
1307,354616753
1319,354621753
1325,354626755
1403,354631755
1441,354636754
1428,354641754
1445,354646754
1489,354651754
1529,354656753
1533,354661753
1550,354666753
1603,354671753
1625,354676753
1603,354681753
1604,354686753
1639,354691753
1654,354696753
1650,354701753
1668,354706753
1691,354711753
1686,354716753
1657,354721753
1668,354726753
1699,354731753
1699,354736753
1677,354741753
1695,354746753
1730,354751753
1726,354756753
1708,354761753
1703,354766753
1728,354771753
1728,354776753
1715,354781753
1725,354786753
1743,354791753
1757,354796753
1733,354801753
1737,354806753
1775,354811753
1766,354816753
1751,354821753
1773,354826753
1798,354831753
1808,354836753
1786,354841753
1790,354846753
1815,354851753
1810,354856753
1778,354861753
1789,354866753
1840,354871753
1859,354876753
1839,354881753
1831,354886753
1854,354891753
1860,354896753
1870,354901753
1894,354906753
1938,354911753
1973,354916753
1964,354921753
1944,354926753
1975,354931753
1983,354936753
1928,354941753
1879,354946753
1860,354951753
1815,354956753
1776,354961753
1778,354966753
1807,354971753
1796,354976753
1768,354981753
1792,354986753
1831,354991753
1845,354996753
1832,355001753
1836,355006753
1873,355011753
1870,355016753
1843,355021753
1861,355026753
1898,355031753
1884,355036753
1828,355041753
1975,355046753
2405,355051753
3091,355056753
3810,355061753
4023,355066753
4081,355071753
3809,355076753
2346,355081753
1307,355086753
837,355091753
695,355096753
884,355101753
1129,355106753
1300,355111753
1392,355116753
1436,355121753
1461,355126756
1508,355131755
1546,355136754
1553,355141754
1581,355146753
1626,355151753
1650,355156753
1676,355161753
1701,355166753
1728,355171753
1728,355176753
1729,355181753
1748,355186753
1790,355191753
1806,355196753
1804,355201755
1836,355206753
1868,355211753
1882,355216753
1891,355221753
1917,355226753
1969,355231753
2004,355236753
1999,355241753
2018,355246753
2059,355251753
2089,355256753
2088,355261753
2124,355266753
2178,355271753
2250,355276753
2249,355281753
2298,355286753
2357,355291753
2399,355296753
2436,355301753
2456,355306753
2496,355311753
2510,355316753
2508,355321753
2525,355326753
2549,355331753
2524,355336753
2464,355341753
2380,355346753
2304,355351753
2191,355356753
2036,355361753
1893,355366753
1786,355371753
1658,355376753
1506,355381753
1417,355386753
1368,355391753
1309,355396753
1259,355401753
1256,355406753
1289,355411753
1295,355416753
1309,355421753
1323,355426753
1363,355431753
1379,355436753
1382,355441753
1415,355446753
1465,355451753
1496,355456753
1506,355461753
1537,355466753
1590,355471753
1614,355476753
1602,355481753
1618,355486753
1657,355491753
1667,355496753
1633,355501753
1666,355506753
1696,355511753
1692,355516753
1682,355521753
1701,355526753
1723,355531753
1720,355536753
1712,355541753
1718,355546753
1747,355551753
1745,355556753
1713,355561753
1717,355566753
1754,355571753
1751,355576753
1735,355581753
1751,355586753
1785,355591753
1791,355596753
1765,355601753
1779,355606753
1805,355611753
1796,355616753
1764,355621753
1776,355626755
1814,355631754
1820,355636754
1809,355641753
1820,355646753
1843,355651753
1846,355656753
1827,355661753
1852,355666753
1882,355671753
1888,355676753
1878,355681753
1920,355686753
1965,355691753
1971,355696753
1964,355701753
2008,355706753
2014,355711753
2018,355716753
1994,355721753
1978,355726753
1954,355731753
1905,355736753
1843,355741753
1834,355746753
1846,355751753
1831,355756754
1802,355761756
1813,355766753
1824,355771753
1836,355776753
1829,355781753
1837,355786753
1865,355791753
1869,355796753
1861,355801753
1869,355806753
1901,355811753
1916,355816753
1888,355821753
1858,355826753
1988,355831753
2354,355836753
2976,355841753
3758,355846753
4009,355851753
4075,355856753
3960,355861753
2529,355866753
1386,355871753
826,355876753
665,355881753
892,355886753
1160,355891753
1301,355896753
1379,355901753
1430,355906753
1495,355911753
1522,355916753
1527,355921753
1556,355926753
1605,355931753
1649,355936753
1656,355941753
1678,355946753
1723,355951753
1746,355956753
1736,355961753
1750,355966753
1785,355971753
1796,355976753
1792,355981753
1817,355986753
1877,355991753
1890,355996753
1886,356001753
1896,356006753
1948,356011753
1964,356016753
1962,356021753
1992,356026753
2042,356031753
2069,356036753
2078,356041753
2107,356046753
2152,356051753
2195,356056753
2207,356061753
2248,356066753
2326,356071753
2378,356076753
2392,356081753
2427,356086753
2478,356091753
2505,356096753
2512,356101753
2532,356106753
2565,356111753
2532,356116753
2485,356121753
2449,356126753
2402,356131753
2285,356136753
2134,356141753
2001,356146753
1884,356151753
1742,356156753
1587,356161753
1470,356166753
1405,356171753
1347,356176753
1269,356181753
1252,356186753
1280,356191755
1274,356196753
1258,356201753
1282,356206753
1320,356211753
1338,356216753
1339,356221753
1386,356226753
1439,356231753
1456,356236753
1450,356241753
1485,356246753
1549,356251753
1564,356256753
1576,356261753
1597,356266753
1603,356271754
1635,356276754
1624,356281753
1644,356286753
1682,356291753
1702,356296753
1676,356301753
1696,356306753
1729,356311753
1715,356316753
1697,356321753
1690,356326753
1716,356331753
1712,356336753
1688,356341753
1693,356346753
1716,356351753
1720,356356753
1699,356361753
1705,356366753
1751,356371753
1755,356376753
1734,356381753
1753,356386753
1788,356391753
1800,356396753
1791,356401753
1807,356406753
1832,356411753
1821,356416753
1799,356421753
1830,356426753
1864,356431753
1866,356436753
1834,356441753
1848,356446753
1885,356451753
1892,356456753
1848,356461753
1868,356466753
1892,356471753
1895,356476753
1871,356481753
1882,356486753
1931,356491753
1959,356496753
1959,356501753
1976,356506753
2036,356511753
2025,356516753
1983,356521753
1982,356526753
1999,356531753
1963,356536753
1885,356541753
1849,356546753
1857,356551753
1837,356556753
1812,356561753
1812,356566753
1832,356571753
1845,356576753
1821,356581753
1819,356586753
1854,356591753
1866,356596753
1852,356601753
1858,356606753
1898,356611753
1897,356616753
1885,356621753
1889,356626753
1902,356631753
1882,356636753
2037,356641753
2478,356646753
3257,356651753
3873,356656753
4040,356661753
4085,356666753
3700,356671753
2229,356676753
1190,356681753
748,356686753
766,356691753
994,356696753
1166,356701753
1277,356706753
1384,356711753
1419,356716753
1434,356721753
1473,356726753
1527,356731753
1561,356736753
1563,356741753
1584,356746753
1636,356751753
1647,356756754
1636,356761755
1676,356766754
1724,356771754
1759,356776753
1761,356781753
1769,356786753
1820,356791753
1836,356796753
1838,356801753
1864,356806753
1904,356811753
1913,356816753
1898,356821753
1933,356826753
1987,356831753
2009,356836753
1998,356841753
2029,356846753
2083,356851753
2109,356856753
2112,356861753
2142,356866753
2202,356871753
2253,356876753
2279,356881753
2305,356886753
2365,356891753
2399,356896753
2423,356901753
2451,356906753
2504,356911753
2510,356916753
2485,356921753
2484,356926753
2497,356931753
2459,356936753
2369,356941753
2275,356946753
2184,356951753
2036,356956753
1866,356961753
1732,356966753
1637,356971753
1526,356976753
1422,356981753
1362,356986753
1339,356991753
1302,356996753
1265,357001753
1278,357006753
1326,357011753
1330,357016753
1331,357021753
1368,357026753
1422,357031753
1438,357036753
1443,357041753
1469,357046753
1511,357051753
1537,357056753
1531,357061753
1572,357066753
1621,357071753
1636,357076753
1632,357081753
1662,357086753
1690,357091753
1686,357096753
1665,357101753
1680,357106753
1714,357111753
1711,357116753
1680,357121753
1679,357126753
1716,357131753
1720,357136753
1708,357141753
1725,357146753
1755,357151753
1745,357156753
1709,357161753
1723,357166753
1752,357171753
1739,357176753
1712,357181754
1725,357186756
1754,357191753
1752,357196753
1730,357201753
1745,357206753
1780,357211753
1767,357216753
1737,357221753
1756,357226753
1786,357231753
1770,357236753
1760,357241753
1778,357246753
1817,357251753
1806,357256755
1787,357261754
1800,357266753
1816,357271753
1830,357276753
1827,357281753
1843,357286753
1860,357291753
1860,357296753
1845,357301753
1853,357306753
1872,357311753
1877,357316753
1852,357321753
1860,357326755
1895,357331754
1942,357336753
1950,357341753
1965,357346753
2015,357351753
2055,357356753
2027,357361753
2024,357366753
2048,357371753
2025,357376753
1952,357381753
1901,357386753
1879,357391753
1869,357396753
1834,357401753
1841,357406753
1860,357411753
1835,357416753
1806,357421753
1810,357426753
1831,357431753
1838,357436753
1821,357441753
1830,357446753
1870,357451753
1866,357456753
1853,357461753
1888,357466753
1891,357471753
1832,357476753
1890,357481753
2238,357486753
2875,357491753
3715,357496753
3995,357501753
4072,357506753
4057,357511753
2715,357516753
1481,357521753
871,357526753
723,357531753
910,357536753
1107,357541753
1244,357546753
1373,357551753
1434,357556753
1448,357561753
1477,357566753
1533,357571753
1578,357576753
1578,357581753
1608,357586753
1651,357591753
1657,357596753
1648,357601753
1684,357606753
1734,357611753
1751,357616753
1731,357621753
1746,357626753
1790,357631753
1801,357636753
1793,357641753
1829,357646753
1889,357651753
1897,357656753
1901,357661753
1919,357666753
1967,357671753
1986,357676753
2000,357681753
2027,357686753
2081,357691753
2113,357696753
2115,357701753
2150,357706753
2187,357711753
2220,357716753
2258,357721753
2314,357726753
2375,357731753
2425,357736753
2432,357741753
2465,357746753
2515,357751753
2529,357756753
2522,357761753
2543,357766753
2573,357771753
2542,357776753
2456,357781753
2375,357786753
2280,357791753
2145,357796753
1971,357801753
1835,357806753
1731,357811753
1596,357816753
1458,357821753
1372,357826754
1341,357831753
1310,357836753
1267,357841753
1269,357846753
1295,357851753
1296,357856753
1294,357861753
1338,357866753
1382,357871753
1410,357876753
1428,357881753
1458,357886753
1511,357891753
1512,357896753
1505,357901753
1543,357906753
1593,357911753
1600,357916753
1585,357921753
1595,357926753
1644,357931753
1643,357936753
1635,357941753
1648,357946753
1672,357951753
1669,357956753
1649,357961753
1675,357966753
1699,357971753
1692,357976753
1670,357981753
1701,357986753
1729,357991753
1727,357996753
1716,358001753
1721,358006753
1738,358011753
1737,358016753
1721,358021753
1744,358026753
1778,358031753
1775,358036753
1744,358041753
1759,358046753
1789,358051753
1776,358056753
1764,358061753
1780,358066753
1820,358071753
1819,358076753
1788,358081753
1794,358086753
1821,358091753
1805,358096753
1782,358101753
1808,358106753
1836,358111753
1846,358116753
1834,358121753
1832,358126753
1866,358131753
1849,358136753
1835,358141753
1851,358146753
1892,358151753
1882,358156753
1865,358161753
1870,358166753
1894,358171753
1897,358176755
1880,358181756
1881,358186753
1909,358191753
1908,358196753
1887,358201753
1886,358206753
1926,358211753
1961,358216753
1955,358221753
1972,358226753
2032,358231753
2056,358236753
1996,358241753
1985,358246753
2001,358251753
1967,358256753
1902,358261753
1879,358266753
1872,358271753
1849,358276753
1815,358281753
1813,358286753
1832,358291753
1825,358296753
1817,358301753
1823,358306753
1861,358311753
1853,358316753
1842,358321753
1854,358326754
1898,358331755
1909,358336753
1888,358341753
1890,358346753
1891,358351753
1866,358356753
2051,358361753
2534,358366753
3364,358371753
3905,358376753
4049,358381753
4088,358386753
3500,358391753
2045,358396753
1117,358401753
739,358406753
787,358411753
1034,358416753
1197,358421753
1311,358426753
1429,358431753
1464,358436753
1475,358441753
1515,358446753
1567,358451753
1596,358456753
1597,358461753
1633,358466753
1672,358471753
1689,358476753
1686,358481753
1723,358486753
1753,358491753
1765,358496753
1755,358501753
1778,358506753
1822,358511753
1837,358516753
1845,358521753
1870,358526753
1909,358531753
1920,358536753
1923,358541753
1962,358546753
1999,358551753
2012,358556753
2021,358561753
2054,358566753
2101,358571753
2124,358576753
2143,358581753
2181,358586753
2240,358591753
2277,358596753
2294,358601753
2342,358606753
2406,358611753
2432,358616753
2453,358621753
2502,358626753
2546,358631753
2539,358636753
2520,358641753
2536,358646753
2540,358651753
2491,358656753
2394,358661753
2304,358666753
2198,358671753
2069,358676753
1906,358681753
1764,358686753
1648,358691753
1523,358696753
1405,358701753
1343,358706753
1309,358711753
1281,358716753
1248,358721753
1248,358726753
1294,358731753
1307,358736753
1297,358741753
1334,358746753
1379,358751753
1395,358756753
1400,358761753
1437,358766753
1489,358771753
1510,358776753
1509,358781753
1531,358786753
1578,358791753
1596,358796753
1593,358801753
1609,358806753
1650,358811753
1639,358816753
1635,358821753
1640,358826755
1662,358831754
1676,358836753
1652,358841753
1657,358846753
1681,358851753
1691,358856753
1669,358861753
1677,358866753
1717,358871753
1716,358876753
1695,358881753
1713,358886753
1739,358891753
1729,358896753
1711,358901753
1726,358906753
1764,358911753
1766,358916753
1737,358921753
1737,358926755
1784,358931754
1787,358936753
1778,358941753
1775,358946753
1808,358951753
1808,358956753
1800,358961753
1807,358966753
1846,358971753
1842,358976753
1821,358981753
1840,358986753
1867,358991753
1875,358996753
1850,359001753
1854,359006753
1882,359011753
1881,359016753
1860,359021753
1866,359026753
1873,359031753
1861,359036753
1843,359041753
1871,359046753
1897,359051753
1900,359056753
1884,359061753
1897,359066753
1929,359071753
1917,359076753
1890,359081753
1885,359086753
1904,359091753
1942,359096753
1945,359101753
1980,359106753
2030,359111753
2056,359116753
2034,359121753
2011,359126753
2017,359131753
2010,359136753
1964,359141753
1920,359146753
1912,359151753
1875,359156753
1838,359161753
1828,359166755
1847,359171756
1838,359176753
1804,359181753
1805,359186753
1852,359191753
1852,359196753
1832,359201753
1846,359206753
1888,359211753
1892,359216753
1873,359221753
1893,359226753
1905,359231753
1853,359236753
1910,359241753
2265,359246753
2909,359251753
3719,359256753
3994,359261753
4067,359266753
4078,359271753
2815,359276753
1553,359281753
915,359286753
748,359291753
917,359296753
1112,359301753
1251,359306753
1386,359311753
1427,359316753
1435,359321753
1475,359326753
1528,359331753
1560,359336753
1578,359341753
1613,359346753
1644,359351753
1655,359356753
1659,359361753
1688,359366753
1730,359371753
1748,359376753
1753,359381753
1779,359386753
1804,359391753
1813,359396753
1817,359401753
1854,359406753
1891,359411753
1898,359416753
1894,359421753
1914,359426755
1960,359431755
1978,359436754
1984,359441753
2014,359446753
2068,359451753
2098,359456753
2107,359461753
2144,359466753
2212,359471753
2238,359476753
2267,359481753
2318,359486753
2377,359491753
2415,359496753
2444,359501753
2472,359506753
2518,359511753
2532,359516753
2513,359521753
2533,359526753
2567,359531753
2525,359536753
2455,359541753
2361,359546753
2267,359551753
2132,359556753
1972,359561753
1842,359566753
1725,359571753
1594,359576753
1446,359581753
1366,359586753
1319,359591753
1266,359596753
1212,359601753
1220,359606753
1269,359611753
1285,359616753
1269,359621753
1305,359626753
1361,359631753
1375,359636753
1377,359641753
1413,359646753
1477,359651753
1508,359656753
1504,359661753
1530,359666753
1587,359671753
1601,359676753
1578,359681753
1610,359686753
1640,359691753
1636,359696753
1620,359701753
1641,359706753
1669,359711753
1671,359716753
1637,359721753
1647,359726753
1670,359731753
1673,359736753
1651,359741753
1661,359746753
1677,359751753
1709,359756753
1684,359761753
1696,359766753
1723,359771753
1719,359776753
1703,359781753
1716,359786753
1737,359791753
1746,359796753
1732,359801753
1737,359806753
1762,359811753
1767,359816753
1734,359821753
1748,359826753
1784,359831753
1777,359836753
1753,359841753
1780,359846753
1810,359851753
1800,359856753
1792,359861753
1825,359866753
1846,359871753
1842,359876753
1825,359881753
1835,359886753
1855,359891753
1855,359896753
1832,359901753
1843,359906753
1877,359911753
1872,359916753
1856,359921753
1859,359926754
1870,359931755
1869,359936753
1840,359941753
1859,359946753
1900,359951753
1922,359956753
1916,359961753
1950,359966753
2020,359971753
2026,359976753
1988,359981753
1998,359986753
2024,359991753
1976,359996753
1909,360001753
1860,360006753
1872,360011753
1854,360016753
1812,360021753
1818,360026753
1852,360031753
1853,360036753
1827,360041753
1833,360046753
1867,360051753
1871,360056753
1849,360061753
1869,360066753
1907,360071753
1897,360076753
1893,360081753
1892,360086753
1881,360091753
1981,360096753
2341,360101753
3001,360106753
3772,360111753
4013,360116753
4078,360121753
3860,360126753
2442,360131753
1401,360136753
864,360141753
671,360146753
881,360151753
1124,360156753
1265,360161755
1386,360166756
1484,360171753
1525,360176753
1544,360181753
1575,360186753
1641,360191753
1661,360196753
1656,360201753
1686,360206753
1728,360211753
1741,360216753
1731,360221753
1766,360226753
1799,360231753
1812,360236753
1795,360241753
1822,360246753
1856,360251753
1883,360256753
1882,360261753
1899,360266753
1933,360271753
1950,360276753
1932,360281753
1963,360286753
2013,360291753
2036,360296753
2040,360301753
2078,360306753
2129,360311753
2147,360316753
2157,360321753
2190,360326753
2247,360331753
2287,360336753
2327,360341753
2376,360346753
2447,360351753
2484,360356753
2479,360361753
2511,360366753
2546,360371753
2555,360376753
2530,360381753
2518,360386753
2518,360391753
2450,360396753
2340,360401753
2253,360406753
2137,360411753
1989,360416753
1830,360421753
1704,360426756
1614,360431755
1517,360436753
1406,360441753
1356,360446753
1328,360451753
1281,360456753
1261,360461753
1273,360466753
1330,360471753
1337,360476753
1333,360481753
1379,360486753
1430,360491753
1453,360496753
1461,360501753
1496,360506753
1549,360511753
1558,360516753
1554,360521753
1564,360526753
1610,360531753
1627,360536755
1624,360541753
1652,360546753
1699,360551753
1704,360556753
1685,360561753
1687,360566753
1704,360571753
1702,360576753
1679,360581753
1697,360586753
1733,360591753
1732,360596753
1715,360601753
1728,360606753
1757,360611753
1752,360616753
1732,360621753
1745,360626753
1768,360631753
1781,360636753
1778,360641753
1800,360646753
1833,360651753
1816,360656753
1794,360661753
1805,360666753
1821,360671753
1830,360676753
1818,360681753
1831,360686753
1854,360691753
1852,360696753
1843,360701753
1858,360706753
1889,360711753
1881,360716753
1859,360721753
1860,360726753
1888,360731753
1889,360736753
1859,360741753
1876,360746753
1915,360751753
1887,360756753
1894,360761753
1941,360766753
1997,360771753
2006,360776753
2016,360781753
2050,360786753
2037,360791753
2030,360796753
2002,360801753
1984,360806753
1953,360811753
1899,360816753
1843,360821753
1835,360826753
1847,360831753
1842,360836753
1821,360841753
1833,360846753
1863,360851753
1870,360856753
1858,360861753
1862,360866753
1892,360871753
1889,360876753
1879,360881753
1900,360886753
1940,360891753
1931,360896753
1866,360901753
1913,360906753
2233,360911753
2787,360916753
3605,360921753
3970,360926753
4065,360931753
4093,360936753
3063,360941753
1717,360946753
980,360951753
719,360956753
847,360961753
1117,360966753
1290,360971753
1384,360976753
1437,360981753
1468,360986753
1520,360991753
1541,360996753
1556,361001754
1592,361006753
1640,361011753
1642,361016753
1648,361021753
1679,361026753
1694,361031756
1721,361036753
1723,361041753
1753,361046753
1790,361051753
1790,361056753
1795,361061753
1829,361066753
1878,361071753
1875,361076753
1861,361081753
1887,361086753
1928,361091753
1951,361096753
1949,361101753
1970,361106753
2024,361111753
2057,361116753
2076,361121753
2107,361126753
2152,361131753
2176,361136753
2196,361141753
2244,361146753
2308,361151753
2347,361156756
2370,361161753
2411,361166753
2464,361171753
2461,361176753
2460,361181753
2475,361186753
2513,361191753
2511,361196753
2453,361201753
2411,361206753
2337,361211753
2204,361216753
2060,361221753
1921,361226753
1793,361231753
1653,361236753
1512,361241753
1406,361246753
1354,361251753
1272,361256753
1215,361261753
1200,361266753
1211,361271753
1218,361276753
1230,361281753
1272,361286753
1321,361291753
1337,361296753
1358,361301753
1395,361306753
1455,361311753
1476,361316753
1486,361321753
1511,361326753
1554,361331753
1567,361336753
1564,361341753
1595,361346753
1635,361351753
1643,361356753
1618,361361753
1641,361366753
1675,361371753
1672,361376753
1641,361381753
1663,361386753
1684,361391753
1672,361396753
1663,361401753
1671,361406753
1693,361411753
1695,361416753
1672,361421753
1679,361426753
1703,361431753
1701,361436753
1680,361441753
1697,361446753
1735,361451753
1725,361456753
1710,361461753
1717,361466753
1754,361471753
1752,361476753
1730,361481753
1753,361486753
1768,361491753
1774,361496753
1760,361501753
1775,361506753
1792,361511753
1780,361516753
1769,361521753
1772,361526756
1797,361531755
1793,361536754
1775,361541753
1809,361546753
1844,361551753
1849,361556753
1829,361561753
1840,361566753
1884,361571753
1880,361576753
1865,361581753
1901,361586753
1945,361591753
1952,361596753
1959,361601753
2010,361606753
2018,361611753
1997,361616753
1975,361621753
1970,361626753
1947,361631753
1889,361636753
1840,361641753
1824,361646753
1835,361651753
1826,361656753
1821,361661753
1837,361666753
1851,361671753
1853,361676753
1841,361681753
1858,361686753
1900,361691753
1905,361696753
1907,361701753
1915,361706753
1961,361711753
1959,361716753
1900,361721753
1889,361726753
2143,361731753
2627,361736753
3394,361741753
3914,361746753
4053,361751753
4089,361756753
3487,361761753
2076,361766753
1189,361771753
803,361776753
811,361781753
1063,361786753
1255,361791753
1336,361796753
1395,361801753
1447,361806753
1505,361811753
1532,361816753
1552,361821753
1576,361826753
1640,361831753
1658,361836753
1663,361841753
1679,361846753
1710,361851753
1719,361856753
1711,361861753
1740,361866753
1768,361871753
1771,361876753
1776,361881753
1799,361886753
1832,361891753
1842,361896753
1842,361901753
1877,361906753
1908,361911753
1924,361916753
1926,361921753
1957,361926753
2003,361931753
2028,361936753
2026,361941753
2079,361946753
2132,361951753
2171,361956753
2192,361961753
2236,361966753
2293,361971753
2320,361976753
2339,361981753
2397,361986753
2451,361991753
2483,361996753
2474,362001753
2485,362006753
2519,362011753
2512,362016753
2468,362021753
2435,362026754
2381,362031754
2264,362036753
2118,362041753
1991,362046753
1873,362051753
1728,362056753
1581,362061753
1477,362066753
1408,362071753
1330,362076753
1279,362081753
1261,362086753
1279,362091753
1281,362096753
1264,362101753
1292,362106753
1354,362111753
1379,362116753
1378,362121753
1410,362126756
1457,362131755
1478,362136753
1489,362141753
1523,362146753
1562,362151756
1588,362156753
1595,362161753
1605,362166753
1649,362171753
1649,362176753
1645,362181753
1660,362186753
1699,362191753
1689,362196753
1676,362201753
1677,362206753
1704,362211753
1679,362216753
1676,362221753
1651,362226753
1665,362231753
1665,362236753
1661,362241753
1689,362246753
1691,362251753
1698,362256753
1679,362261753
1716,362266753
1752,362271753
1756,362276753
1731,362281753
1757,362286753
1772,362291753
1748,362296753
1739,362301753
1745,362306753
1783,362311753
1777,362316753
1761,362321753
1772,362326753
1800,362331753
1796,362336753
1781,362341753
1791,362346753
1828,362351753
1829,362356753
1806,362361753
1831,362366753
1859,362371753
1851,362376753
1843,362381753
1877,362386753
1925,362391753
1948,362396753
1960,362401753
1999,362406753
2011,362411753
1982,362416753
1959,362421753
1965,362426753
1945,362431753
1894,362436753
1830,362441753
1818,362446753
1827,362451753
1809,362456753
1785,362461753
1792,362466753
1831,362471753
1844,362476753
1824,362481753
1843,362486753
1868,362491753
1876,362496753
1870,362501753
1900,362506753
1897,362511753
1909,362516753
1879,362521753
1846,362526753
1969,362531753
2302,362536753
2882,362541753
3698,362546753
3995,362551753
4072,362556753
4028,362561753
2706,362566753
1541,362571753
915,362576753
685,362581753
861,362586753
1126,362591753
1263,362596753
1339,362601753
1406,362606753
1473,362611753
1506,362616753
1509,362621753
1547,362626753
1604,362631755
1630,362636754
1632,362641753
1666,362646753
1706,362651753
1702,362656753
1685,362661753
1709,362666753
1762,362671753
1762,362676753
1759,362681753
1805,362686753
1853,362691753
1862,362696753
1858,362701753
1881,362706753
1921,362711753
1913,362716753
1907,362721753
1941,362726753
1992,362731753
2029,362736753
2061,362741753
2079,362746753
2149,362751753
2149,362756753
2174,362761753
2219,362766753
2276,362771753
2316,362776753
2346,362781753
2387,362786753
2466,362791753
2492,362796753
2477,362801753
2500,362806753
2533,362811753
2543,362816753
2514,362821753
2498,362826753
2440,362831753
2337,362836753
2196,362841753
2083,362846753
1949,362851753
1780,362856753
1627,362861753
1514,362866753
1440,362871753
1359,362876753
1284,362881753
1253,362886753
1260,362891753
1263,362896753
1250,362901753
1284,362906753
1321,362911753
1319,362916753
1315,362921753
1343,362926753
1392,362931753
1406,362936753
1429,362941753
1476,362946753
1540,362951753
1548,362956753
1528,362961753
1556,362966753
1589,362971753
1604,362976753
1607,362981753
1634,362986753
1666,362991753
1672,362996753
1661,363001753
1666,363006753
1680,363011753
1693,363016753
1678,363021753
1683,363026753
1704,363031753
1710,363036753
1700,363041753
1718,363046753
1749,363051753
1720,363056753
1710,363061753
1726,363066753
1766,363071753
1754,363076753
1749,363081753
1764,363086753
1794,363091753
1793,363096753
1786,363101753
1790,363106753
1807,363111753
1803,363116753
1802,363121753
1784,363126756
1829,363131756
1818,363136753
1827,363141755
1834,363146756
1868,363151753
1876,363156753
1868,363161753
1918,363166753
1955,363171753
1979,363176753
2010,363181753
2028,363186753
2026,363191753
2013,363196753
1997,363201753
1959,363206753
1921,363211753
1876,363216753
1838,363221753
1823,363226753
1835,363231753
1819,363236753
1806,363241753
1825,363246753
1856,363251753
1845,363256753
1839,363261753
1871,363266753
1893,363271753
1888,363276753
1884,363281753
1897,363286753
1922,363291753
1900,363296753
1839,363301753
1920,363306753
2251,363311753
2819,363316753
3637,363321753
3978,363326753
4068,363331753
4052,363336753
2720,363341753
1573,363346753
988,363351753
697,363356753
752,363361753
1037,363366753
1290,363371753
1420,363376753
1501,363381753
1562,363386753
1613,363391753
1626,363396753
1640,363401753
1666,363406753
1711,363411753
1724,363416753
1715,363421753
1749,363426753
1788,363431753
1819,363436753
1817,363441753
1856,363446753
1896,363451753
1907,363456753
1896,363461753
1914,363466753
1949,363471753
1951,363476753
1938,363481753
1975,363486753
2019,363491753
2044,363496753
2040,363501753
2067,363506753
2119,363511753
2132,363516753
2142,363521753
2171,363526753
2213,363531753
2243,363536753
2260,363541753
2304,363546753
2373,363551753
2412,363556753
2424,363561753
2467,363566753
2523,363571753
2527,363576753
2518,363581753
2541,363586753
2575,363591753
2554,363596753
2495,363601753
2428,363606753
2353,363611753
2218,363616753
2076,363621753
1930,363626755
1805,363631755
1659,363636753
1528,363641753
1437,363646753
1394,363651753
1341,363656753
1310,363661753
1309,363666753
1325,363671753
1320,363676753
1310,363681753
1337,363686753
1402,363691753
1421,363696753
1415,363701753
1455,363706753
1503,363711753
1528,363716753
1516,363721753
1562,363726753
1607,363731753
1612,363736753
1606,363741753
1646,363746753
1683,363751753
1654,363756754
1658,363761754
1687,363766753
1714,363771753
1709,363776753
1696,363781753
1700,363786753
1721,363791753
1721,363796753
1697,363801753
1713,363806753
1741,363811753
1749,363816753
1726,363821753
1730,363826753
1768,363831753
1763,363836753
1744,363841753
1738,363846753
1782,363851753
1781,363856753
1748,363861753
1774,363866753
1804,363871753
1813,363876753
1795,363881753
1799,363886753
1821,363891753
1817,363896753
1803,363901753
1822,363906753
1841,363911753
1847,363916753
1833,363921753
1838,363926753
1863,363931753
1855,363936753
1840,363941753
1877,363946753
1938,363951753
1961,363956753
1959,363961753
2006,363966753
2038,363971753
1995,363976753
1967,363981753
1983,363986753
1979,363991753
1906,363996753
1852,364001753
1853,364006753
1831,364011753
1812,364016753
1790,364021753
1807,364026753
1843,364031753
1823,364036753
1804,364041753
1814,364046753
1858,364051753
1878,364056753
1848,364061753
1870,364066753
1902,364071753
1911,364076753
1890,364081753
1865,364086753
1931,364091753
2213,364096753
2738,364101753
3577,364106753
3961,364111753
4064,364116753
4092,364121753
3179,364126753
1773,364131753
960,364136756
675,364141753
821,364146753
1088,364151753
1235,364156753
1323,364161753
1393,364166753
1454,364171753
1465,364176753
1461,364181753
1513,364186753
1570,364191753
1603,364196753
1615,364201753
1644,364206753
1679,364211753
1692,364216753
1691,364221753
1714,364226753
1757,364231753
1763,364236753
1758,364241753
1786,364246753
1828,364251753
1823,364256753
1833,364261753
1881,364266753
1931,364271753
1952,364276753
1934,364281753
1954,364286753
1990,364291760
1998,364296754
2021,364301753
2062,364306753
2117,364311753
2140,364316753
2161,364321753
2213,364326753
2282,364331753
2315,364336753
2339,364341753
2393,364346753
2466,364351753
2493,364356753
2499,364361753
2533,364366753
2568,364371753
2561,364376753
2520,364381753
2492,364386753
2447,364391753
2337,364396753
2193,364401753
2056,364406753
1929,364411753
1763,364416753
1609,364421753
1500,364426753
1428,364431753
1344,364436753
1268,364441753
1237,364446753
1244,364451753
1239,364456753
1219,364461753
1242,364466753
1291,364471753
1311,364476753
1325,364481753
1354,364486753
1404,364491753
1437,364496753
1453,364501753
1475,364506753
1527,364511753
1551,364516753
1539,364521753
1576,364526753
1621,364531753
1620,364536753
1601,364541753
1636,364546753
1672,364551753
1669,364556753
1658,364561753
1666,364566753
1697,364571753
1701,364576753
1686,364581753
1703,364586753
1726,364591753
1711,364596753
1681,364601753
1695,364606753
1724,364611753
1730,364616753
1709,364621753
1722,364626753
1750,364631753
1749,364636753
1727,364641753
1733,364646753
1760,364651753
1761,364656753
1739,364661753
1746,364666753
1794,364671753
1787,364676753
1774,364681753
1790,364686753
1817,364691753
1813,364696753
1792,364701753
1825,364706753
1834,364711753
1835,364716753
1806,364721753
1835,364726753
1867,364731753
1878,364736753
1886,364741753
1924,364746753
1984,364751753
2004,364756753
1970,364761755
1972,364766754
1996,364771753
1969,364776753
1882,364781753
1838,364786753
1824,364791753
1805,364796753
1773,364801753
1770,364806753
1805,364811753
1800,364816753
1792,364821753
1797,364826753
1823,364831753
1820,364836753
1806,364841753
1815,364846753
1850,364851753
1858,364856753
1835,364861753
1873,364866753
1897,364871753
1841,364876753
1968,364881753
2368,364886753
3040,364891753
3791,364896753
4020,364901753
4079,364906753
3954,364911753
2527,364916753
1361,364921753
824,364926753
729,364931753
947,364936753
1149,364941753
1276,364946753
1401,364951753
1436,364956753
1439,364961753
1488,364966753
1544,364971753
1567,364976753
1565,364981753
1592,364986753
1635,364991753
1657,364996753
1687,365001753
1694,365006753
1733,365011753
1746,365016753
1750,365021753
1783,365026753
1817,365031753
1829,365036753
1805,365041753
1843,365046753
1885,365051753
1893,365056753
1907,365061753
1924,365066753
1977,365071753
1987,365076753
1997,365081753
2025,365086753
2063,365091753
2080,365096753
2099,365101753
2145,365106753
2220,365111753
2262,365116753
2289,365121753
2341,365126755
2408,365131756
2446,365136753
2450,365141753
2497,365146753
2551,365151753
2543,365156753
2537,365161753
2542,365166753
2539,365171753
2481,365176753
2371,365181753
2267,365186753
2164,365191753
2018,365196753
1856,365201753
1707,365206753
1589,365211753
1466,365216753
1355,365221753
1295,365226753
1274,365231753
1245,365236753
1200,365241753
1215,365246753
1291,365251753
1273,365256754
1283,365261754
1319,365266754
1370,365271753
1398,365276753
1416,365281753
1451,365286753
1497,365291753
1510,365296753
1504,365301753
1547,365306753
1587,365311753
1592,365316753
1596,365321753
1625,365326755
1667,365331755
1672,365336753
1646,365341753
1660,365346753
1689,365351753
1679,365356753
1661,365361753
1681,365366753
1722,365371753
1715,365376753
1696,365381753
1714,365386753
1727,365391753
1712,365396753
1692,365401753
1706,365406753
1737,365411753
1733,365416753
1721,365421753
1729,365426753
1759,365431753
1750,365436753
1725,365441753
1731,365446753
1759,365451753
1757,365456753
1758,365461753
1765,365466753
1793,365471753
1790,365476753
1768,365481753
1776,365486753
1810,365491753
1807,365496753
1790,365501753
1784,365506753
1837,365511753
1835,365516753
1812,365521753
1811,365526753
1840,365531753
1877,365536753
1877,365541753
1907,365546753
1964,365551753
2011,365556753
1978,365561753
1956,365566753
1973,365571753
1981,365576753
1924,365581753
1882,365586753
1854,365591753
1820,365596753
1792,365601753
1792,365606753
1815,365611753
1818,365616753
1796,365621753
1813,365626753
1838,365631753
1822,365636753
1786,365641753
1809,365646753
1835,365651753
1856,365656753
1858,365661753
1876,365666753
1900,365671753
1871,365676753
1809,365681753
1989,365686753
2444,365691753
3161,365696753
3840,365701753
4031,365706753
4081,365711753
3652,365716753
2185,365721753
1227,365726753
795,365731753
671,365736753
880,365741753
1139,365746753
1299,365751753
1410,365756753
1472,365761753
1506,365766753
1563,365771753
1587,365776753
1583,365781753
1619,365786753
1684,365791753
1706,365796753
1688,365801753
1717,365806753
1758,365811753
1766,365816753
1765,365821753
1795,365826753
1800,365831753
1833,365836757
1842,365841754
1861,365846753
1906,365851753
1927,365856753
1927,365861753
1957,365866753
2000,365871753
2019,365876753
2024,365881753
2055,365886753
2099,365891753
2113,365896753
2112,365901753
2143,365906753
2203,365911753
2234,365916753
2258,365921753
2306,365926753
2360,365931753
2413,365936753
2444,365941753
2484,365946753
2539,365951753
2556,365956753
2533,365961753
2536,365966753
2556,365971753
2537,365976753
2460,365981753
2387,365986753
2300,365991753
2174,365996753
2041,366001753
1881,366006753
1765,366011753
1638,366016753
1503,366021753
1414,366026753
1376,366031753
1332,366036753
1290,366041753
1283,366046753
1307,366051753
1309,366056753
1320,366061753
1351,366066753
1396,366071753
1420,366076753
1421,366081753
1464,366086753
1521,366091753
1540,366096753
1529,366101753
1548,366106753
1600,366111753
1625,366116753
1623,366121753
1649,366126755
1689,366131753
1697,366136753
1688,366141753
1694,366146753
1717,366151753
1715,366156753
1705,366161753
1711,366166753
1736,366171753
1736,366176753
1705,366181753
1711,366186753
1737,366191753
1740,366196753
1699,366201753
1736,366206753
1769,366211753
1763,366216753
1756,366221753
1756,366226753
1780,366231753
1781,366236753
1758,366241753
1779,366246753
1798,366251753
1809,366256753
1788,366261753
1792,366266753
1834,366271753
1832,366276753
1813,366281753
1834,366286753
1872,366291753
1858,366296753
1829,366301753
1848,366306753
1883,366311753
1882,366316753
1860,366321753
1870,366326754
1888,366331755
1906,366336753
1922,366341753
1947,366346753
1988,366351753
2029,366356753
2031,366361753
2016,366366753
2043,366371753
2021,366376753
1968,366381753
1931,366386753
1909,366391753
1875,366396753
1843,366401753
1826,366406753
1848,366411753
1853,366416753
1829,366421753
1832,366426753
1875,366431753
1874,366436753
1860,366441753
1876,366446753
1912,366451753
1927,366456753
1913,366461753
1913,366466753
1952,366471753
1938,366476753
1876,366481753
1911,366486753
2229,366491753
2758,366496753
3578,366501753
3979,366506753
4041,366511753
4092,366516753
3077,366521753
1718,366526753
960,366531753
680,366536753
806,366541753
1075,366546753
1268,366551753
1370,366556753
1428,366561753
1479,366566753
1528,366571753
1548,366576753
1551,366581753
1596,366586753
1659,366591753
1684,366596753
1691,366601753
1700,366606753
1737,366611753
1753,366616753
1750,366621753
1775,366626753
1820,366631753
1833,366636753
1837,366641753
1861,366646753
1887,366651753
1909,366656753
1896,366661753
1919,366666753
1973,366671753
2004,366676753
1999,366681753
2027,366686753
2072,366691753
2078,366696753
2093,366701753
2122,366706753
2178,366711753
2216,366716753
2228,366721753
2279,366726753
2360,366731753
2416,366736753
2443,366741753
2486,366746753
2524,366751753
2530,366756753
2517,366761753
2532,366766753
2576,366771753
2546,366776753
2473,366781753
2431,366786753
2351,366791753
2215,366796753
2066,366801753
1931,366806753
1809,366811753
1680,366816753
1529,366821753
1393,366826756
1365,366831754
1306,366836754
1265,366841753
1261,366846753
1272,366851753
1265,366856753
1243,366861753
1281,366866753
1335,366871753
1357,366876753
1349,366881753
1393,366886753
1441,366891753
1458,366896753
1476,366901753
1509,366906753
1557,366911753
1571,366916753
1562,366921753
1538,366926755
1618,366931754
1641,366936753
1628,366941753
1634,366946753
1663,366951753
1666,366956753
1665,366961753
1680,366966753
1692,366971753
1676,366976753
1670,366981753
1698,366986753
1720,366991753
1705,366996753
1666,367001753
1707,367006753
1744,367011753
1752,367016753
1733,367021753
1742,367026753
1759,367031753
1759,367036753
1739,367041753
1759,367046753
1781,367051753
1783,367056753
1764,367061753
1777,367066753
1800,367071753
1795,367076753
1779,367081753
1779,367086753
1811,367091753
1792,367096753
1821,367101753
1820,367106753
1858,367111753
1848,367116753
1825,367121756
1841,367126753
1887,367131753
1896,367136753
1872,367141753
1872,367146753
1898,367151753
1902,367156753
1868,367161753
1881,367166753
1901,367171753
1915,367176753
1884,367181753
1897,367186753
1926,367191753
1909,367196753
1882,367201753
1876,367206753
1897,367211753
1916,367216753
1934,367221753
1964,367226753
2000,367231753
2011,367236753
2029,367241753
2018,367246753
2020,367251753
2024,367256753
1983,367261753
1935,367266753
1890,367271753
1844,367276753
1802,367281753
1800,367286753
1815,367291753
1806,367296753
1789,367301753
1808,367306753
1836,367311753
1824,367316753
1805,367321753
1838,367326753
1885,367331753
1887,367336753
1883,367341753
1883,367346753
1925,367351753
1913,367356753
1852,367361753
1857,367366753
2150,367371753
2660,367376753
3465,367381753
3933,367386753
4056,367391753
4091,367396753
3385,367401753
1927,367406753
1049,367411753
711,367416753
795,367421753
1026,367426753
1201,367431753
1307,367436756
1370,367441754
1410,367446753
1469,367451753
1507,367456753
1505,367461753
1531,367466753
1585,367471753
1614,367476753
1618,367481753
1645,367486753
1706,367491753
1716,367496753
1683,367501753
1721,367506753
1772,367511753
1774,367516753
1785,367521753
1798,367526753
1841,367531753
1863,367536753
1864,367541753
1884,367546753
1934,367551753
1952,367556753
1947,367561753
1971,367566753
2008,367571753
2050,367576753
2040,367581753
2078,367586753
2134,367591753
2173,367596753
2208,367601753
2249,367606753
2304,367611753
2355,367616753
2379,367621753
2438,367626753
2503,367631753
2534,367636753
2526,367641753
2542,367646753
2578,367651753
2570,367656753
2515,367661753
2476,367666753
2424,367671753
2315,367676753
2163,367681753
2033,367686753
1904,367691753
1752,367696753
1598,367701753
1471,367706753
1395,367711753
1324,367716753
1268,367721753
1245,367726753
1250,367731753
1253,367736753
1239,367741753
1254,367746753
1300,367751753
1314,367756753
1327,367761753
1358,367766753
1414,367771753
1451,367776753
1461,367781753
1494,367786753
1547,367791753
1564,367796753
1556,367801753
1587,367806753
1634,367811753
1631,367816753
1605,367821753
1621,367826753
1672,367831753
1672,367836753
1633,367841753
1640,367846753
1668,367851753
1673,367856753
1656,367861753
1681,367866753
1695,367871753
1694,367876753
1687,367881753
1694,367886753
1714,367891753
1710,367896753
1699,367901753
1709,367906753
1732,367911753
1734,367916753
1742,367921753
1748,367926754
1775,367931755
1786,367936753
1774,367941753
1780,367946753
1803,367951753
1810,367956753
1777,367961753
1782,367966753
1818,367971753
1819,367976753
1805,367981753
1809,367986753
1844,367991753
1853,367996753
1812,368001753
1831,368006753
1849,368011753
1862,368016753
1850,368021753
1844,368026753
1870,368031753
1886,368036753
1883,368041753
1880,368046753
1905,368051753
1908,368056753
1868,368061753
1854,368066753
1891,368071753
1893,368076753
1874,368081753
1859,368086753
1891,368091753
1910,368096753
1915,368101753
1952,368106753
1988,368111753
2018,368116753
2011,368121755
1996,368126753
2004,368131753
2016,368136753
1961,368141753
1904,368146753
1885,368151753
1843,368156753
1801,368161753
1800,368166753
1830,368171753
1821,368176753
1806,368181753
1810,368186753
1841,368191753
1839,368196753
1840,368201753
1848,368206753
1883,368211753
1897,368216753
1875,368221753
1882,368226753
1917,368231753
1890,368236753
1839,368241753
2013,368246753
2485,368251753
3237,368256753
3866,368261753
4039,368266753
4085,368271753
3648,368276753
2166,368281753
1187,368286753
755,368291753
704,368296753
928,368301753
1161,368306753
1302,368311753
1409,368316753
1437,368321753
1485,368326753
1542,368331753
1559,368336753
1578,368341753
1604,368346753
1657,368351753
1682,368356753
1665,368361753
1689,368366753
1740,368371753
1777,368376753
1744,368381753
1761,368386753
1788,368391753
1821,368396753
1820,368401753
1826,368406753
1862,368411753
1889,368416753
1887,368421753
1913,368426755
1959,368431756
1987,368436754
1985,368441754
2013,368446753
2070,368451753
2085,368456753
2094,368461753
2130,368466753
2185,368471753
2224,368476753
2236,368481753
2285,368486753
2353,368491753
2399,368496753
2402,368501753
2436,368506753
2499,368511753
2502,368516753
2508,368521753
2517,368526754
2532,368531756
2514,368536754
2457,368541753
2404,368546753
2332,368551753
2206,368556753
2059,368561753
1918,368566753
1794,368571753
1656,368576753
1503,368581753
1418,368586753
1377,368591753
1319,368596753
1264,368601753
1260,368606753
1287,368611753
1289,368616753
1276,368621753
1294,368626753
1318,368631753
1343,368636753
1355,368641753
1384,368646753
1429,368651753
1468,368656753
1477,368661753
1511,368666753
1564,368671753
1574,368676753
1567,368681753
1594,368686753
1633,368691753
1646,368696753
1631,368701753
1655,368706753
1685,368711753
1678,368716753
1665,368721753
1671,368726753
1700,368731753
1713,368736753
1695,368741753
1691,368746753
1707,368751753
1707,368756753
1702,368761753
1711,368766753
1743,368771753
1745,368776753
1726,368781753
1732,368786753
1761,368791753
1763,368796753
1752,368801753
1760,368806753
1808,368811753
1829,368816753
1790,368821753
1780,368826753
1806,368831753
1816,368836753
1795,368841753
1798,368846753
1824,368851753
1841,368856753
1820,368861753
1823,368866753
1877,368871753
1884,368876753
1854,368881753
1866,368886753
1901,368891753
1913,368896753
1889,368901753
1890,368906753
1913,368911753
1940,368916753
1947,368921753
1973,368926753
2029,368931753
2070,368936753
2050,368941753
2041,368946753
2061,368951753
2031,368956753
1955,368961753
1904,368966753
1897,368971753
1876,368976753
1835,368981753
1820,368986753
1843,368991753
1841,368996753
1812,369001753
1833,369006753
1872,369011753
1879,369016753
1846,369021753
1862,369026753
1897,369031753
1896,369036757
1893,369041754
1913,369046753
1955,369051753
1935,369056753
1884,369061753
2035,369066753
2491,369071753
3221,369076753
3864,369081753
4038,369086753
4085,369091753
3703,369096753
2201,369101753
1209,369106753
759,369111753
678,369116755
918,369121753
1182,369126753
1354,369131753
1460,369136753
1492,369141753
1520,369146753
1589,369151753
1622,369156753
1615,369161753
1624,369166753
1671,369171753
1714,369176753
1714,369181753
1734,369186753
1772,369191753
1790,369196753
1782,369201753
1812,369206753
1842,369211753
1865,369216753
1856,369221753
1868,369226753
1912,369231753
1909,369236753
1914,369241753
1946,369246753
1986,369251753
2012,369256753
1997,369261753
2038,369266753
2078,369271753
2108,369276753
2088,369281753
2138,369286753
2199,369291753
2241,369296753
2261,369301753
2306,369306753
2383,369311753
2418,369316753
2422,369321753
2457,369326753
2493,369331753
2516,369336753
2511,369341753
2518,369346753
2555,369351753
2537,369356753
2452,369361753
2387,369366753
2304,369371753
2196,369376753
2043,369381753
1891,369386753
1765,369391753
1625,369396753
1483,369401753
1387,369406753
1336,369411753
1307,369416753
1261,369421753
1244,369426753
1271,369431753
1290,369436753
1276,369441753
1309,369446753
1357,369451753
1396,369456753
1403,369461753
1435,369466753
1484,369471753
1503,369476753
1496,369481753
1520,369486753
1573,369491753
1596,369496753
1576,369501753
1595,369506753
1633,369511753
1649,369516753
1638,369521753
1633,369526756
1664,369531754
1676,369536753
1645,369541753
1641,369546753
1676,369551753
1683,369556753
1663,369561753
1671,369566753
1698,369571753
1710,369576753
1696,369581753
1710,369586753
1737,369591753
1741,369596753
1723,369601753
1724,369606753
1759,369611753
1770,369616753
1746,369621753
1759,369626753
1780,369631753
1791,369636753
1768,369641753
1765,369646753
1797,369651753
1821,369656753
1797,369661753
1794,369666753
1828,369671753
1829,369676753
1818,369681753
1833,369686753
1861,369691753
1866,369696753
1845,369701753
1848,369706753
1858,369711753
1865,369716753
1862,369721753
1872,369726753
1890,369731753
1879,369736753
1856,369741753
1862,369746753
1877,369751753
1892,369756753
1875,369761753
1871,369766753
1899,369771753
1899,369776753
1878,369781753
1890,369786753
1924,369791753
1921,369796753
1890,369801753
1876,369806753
1901,369811753
1937,369816753
1941,369821753
1961,369826753
2001,369831753
2030,369836753
2026,369841753
1996,369846753
2018,369851753
2017,369856753
1953,369861753
1914,369866753
1890,369871753
1860,369876753
1824,369881753
1820,369886753
1836,369891753
1836,369896753
1820,369901753
1825,369906753
1842,369911753
1850,369916753
1831,369921753
1827,369926753
1867,369931753
1890,369936753
1886,369941753
1903,369946753
1941,369951753
1896,369956753
1840,369961753
2063,369966753
2573,369971753
3356,369976753
3898,369981753
4046,369986753
4085,369991753
3630,369996753
2115,370001753
1110,370006753
736,370011753
807,370016753
1018,370021753
1194,370026756
1320,370031754
1400,370036753
1413,370041753
1441,370046753
1498,370051753
1527,370056753
1520,370061753
1560,370066753
1612,370071753
1652,370076753
1646,370081753
1674,370086753
1710,370091753
1737,370096753
1730,370101754
1753,370106756
1791,370111753
1812,370116753
1819,370121753
1832,370126754
1872,370131757
1898,370136753
1878,370141753
1901,370146753
1956,370151753
1974,370156753
1960,370161753
1985,370166753
2027,370171753
2058,370176753
2072,370181753
2113,370186753
2167,370191753
2190,370196753
2218,370201753
2267,370206753
2335,370211753
2401,370216753
2421,370221753
2447,370226753
2506,370231753
2525,370236753
2510,370241753
2533,370246753
2572,370251753
2554,370256753
2514,370261753
2456,370266753
2377,370271753
2251,370276753
2084,370281753
1935,370286753
1812,370291753
1685,370296753
1543,370301753
1417,370306753
1372,370311753
1291,370316753
1221,370321753
1227,370326753
1244,370331753
1255,370336753
1244,370341753
1273,370346753
1324,370351753
1352,370356753
1363,370361753
1391,370366753
1437,370371753
1451,370376753
1450,370381753
1488,370386753
1538,370391753
1554,370396753
1538,370401753
1558,370406753
1608,370411753
1613,370416753
1599,370421753
1601,370426753
1638,370431753
1647,370436753
1641,370441753
1647,370446753
1688,370451753
1686,370456753
1672,370461753
1686,370466753
1726,370471753
1714,370476753
1686,370481753
1677,370486753
1702,370491753
1710,370496753
1696,370501753
1703,370506753
1743,370511753
1753,370516753
1736,370521753
1729,370526753
1765,370531753
1764,370536753
1757,370541753
1752,370546753
1791,370551753
1801,370556753
1781,370561753
1782,370566753
1816,370571753
1811,370576753
1809,370581753
1819,370586753
1856,370591753
1861,370596753
1844,370601753
1846,370606753
1873,370611753
1871,370616753
1853,370621753
1844,370626753
1863,370631753
1852,370636753
1825,370641755
1846,370646754
1879,370651753
1889,370656753
1865,370661753
1861,370666753
1889,370671753
1903,370676753
1870,370681753
1873,370686753
1905,370691753
1902,370696753
1876,370701753
1905,370706753
1952,370711753
1981,370716753
1988,370721753
2019,370726753
2016,370731753
1997,370736753
1974,370741753
1964,370746753
1940,370751753
1898,370756753
1827,370761753
1817,370766753
1836,370771753
1816,370776754
1796,370781753
1807,370786753
1824,370791753
1825,370796753
1814,370801753
1830,370806753
1861,370811753
1884,370816753
1865,370821753
1868,370826753
1921,370831753
1906,370836753
1855,370841753
1837,370846753
2041,370851753
2496,370856753
3219,370861753
3861,370866753
4037,370871753
4083,370876753
3666,370881753
2181,370886753
1204,370891753
770,370896753
702,370901753
929,370906753
1167,370911753
1284,370916753
1347,370921753
1403,370926753
1480,370931753
1513,370936753
1508,370941753
1541,370946753
1594,370951753
1616,370956753
1616,370961753
1634,370966753
1696,370971753
1714,370976753
1697,370981753
1726,370986753
1784,370991753
1798,370996753
1793,371001753
1795,371006753
1838,371011753
1860,371016753
1870,371021753
1896,371026753
1936,371031753
1949,371036753
1938,371041753
1963,371046753
2018,371051753
2056,371056753
2058,371061753
2082,371066753
2134,371071753
2166,371076753
2191,371081753
2238,371086753
2305,371091753
2339,371096755
2347,371101756
2374,371106753
2432,371111753
2458,371116753
2455,371121753
2484,371126755
2522,371131754
2539,371136753
2508,371141753
2479,371146753
2444,371151753
2362,371156753
2219,371161753
2085,371166753
1959,371171753
1811,371176753
1653,371181753
1529,371186753
1450,371191753
1353,371196753
1270,371201753
1237,371206753
1247,371211753
1234,371216753
1221,371221753
1245,371226753
1301,371231753
1337,371236753
1325,371241753
1360,371246753
1405,371251753
1440,371256753
1454,371261753
1475,371266753
1527,371271753
1547,371276753
1551,371281753
1577,371286753
1619,371291753
1638,371296753
1618,371301753
1618,371306753
1650,371311753
1657,371316753
1653,371321753
1662,371326753
1694,371331753
1690,371336753
1673,371341753
1688,371346753
1710,371351753
1723,371356753
1706,371361753
1718,371366753
1748,371371753
1751,371376753
1733,371381753
1739,371386753
1757,371391753
1761,371396753
1753,371401753
1774,371406753
1797,371411753
1801,371416753
1793,371421753
1801,371426753
1814,371431753
1814,371436753
1792,371441753
1799,371446753
1833,371451753
1850,371456753
1829,371461753
1832,371466753
1857,371471753
1852,371476753
1839,371481753
1857,371486753
1883,371491753
1892,371496753
1883,371501753
1884,371506753
1912,371511753
1918,371516753
1887,371521753
1904,371526753
1959,371531753
1964,371536753
1967,371541753
2018,371546753
2056,371551753
2027,371556753
1992,371561753
2006,371566753
1992,371571753
1939,371576753
1881,371581753
1866,371586753
1870,371591753
1851,371596753
1817,371601753
1821,371606753
1860,371611753
1866,371616753
1866,371621753
1856,371626754
1893,371631756
1907,371636754
1885,371641754
1889,371646753
1925,371651753
1952,371656753
1913,371661753
1864,371666753
1984,371671753
2351,371676753
2965,371681753
3748,371686753
4006,371691753
4076,371696753
3948,371701753
2519,371706753
1427,371711753
872,371716753
666,371721753
860,371726753
1144,371731753
1314,371736753
1408,371741753
1481,371746753
1538,371751753
1581,371756753
1572,371761754
1598,371766756
1649,371771754
1679,371776753
1716,371781753
1738,371786753
1770,371791753
1779,371796753
1768,371801753
1777,371806753
1815,371811753
1845,371816753
1831,371821753
1851,371826753
1891,371831753
1904,371836753
1902,371841753
1921,371846753
1971,371851753
1996,371856753
1985,371861753
1999,371866753
2042,371871753
2069,371876753
2070,371881753
2123,371886753
2172,371891753
2205,371896753
2204,371901753
2234,371906753
2294,371911753
2349,371916753
2368,371921753
2416,371926753
2475,371931753
2494,371936753
2504,371941753
2511,371946753
2553,371951753
2565,371956753
2522,371961753
2493,371966753
2458,371971753
2380,371976753
2238,371981753
2080,371986753
1955,371991753
1827,371996753
1660,372001753
1525,372006753
1455,372011753
1374,372016753
1293,372021753
1268,372026753
1265,372031753
1282,372036753
1267,372041753
1281,372046753
1322,372051753
1355,372056753
1362,372061753
1381,372066753
1438,372071753
1468,372076753
1468,372081753
1495,372086755
1521,372091756
1569,372096753
1566,372101753
1574,372106753
1617,372111753
1645,372116753
1622,372121753
1632,372126753
1673,372131753
1685,372136753
1661,372141753
1654,372146753
1677,372151753
1683,372156753
1666,372161753
1672,372166753
1701,372171753
1704,372176753
1681,372181753
1684,372186753
1724,372191753
1740,372196753
1713,372201753
1712,372206753
1747,372211753
1767,372216753
1746,372221753
1742,372226753
1767,372231753
1789,372236753
1765,372241753
1754,372246753
1787,372251753
1787,372256753
1782,372261753
1777,372266753
1807,372271755
1827,372276754
1808,372281753
1819,372286753
1838,372291753
1853,372296753
1834,372301753
1823,372306753
1858,372311753
1863,372316753
1842,372321753
1834,372326753
1886,372331753
1896,372336753
1870,372341753
1863,372346753
1887,372351753
1901,372356753
1895,372361753
1914,372366753
1976,372371753
1985,372376753
2001,372381753
2018,372386753
2013,372391753
2024,372396753
1991,372401753
1958,372406753
1918,372411753
1896,372416753
1838,372421753
1814,372426753
1845,372431753
1829,372436753
1804,372441753
1797,372446753
1824,372451753
1831,372456753
1809,372461753
1810,372466753
1847,372471753
1865,372476753
1850,372481753
1860,372486753
1900,372491753
1885,372496753
1835,372501753
1926,372506753
2323,372511753
2961,372516753
3746,372521753
4005,372526753
4076,372531753
4044,372536753
2696,372541753
1456,372546753
871,372551753
720,372556753
914,372561753
1130,372566753
1267,372571753
1368,372576753
1402,372581753
1427,372586753
1484,372591753
1525,372596753
1543,372601753
1566,372606753
1610,372611753
1636,372616753
1635,372621753
1647,372626753
1689,372631753
1693,372636753
1688,372641753
1708,372646753
1761,372651753
1785,372656753
1790,372661753
1812,372666753
1863,372671753
1874,372676753
1885,372681753
1907,372686753
1944,372691753
1969,372696753
1960,372701753
1980,372706753
2037,372711753
2083,372716753
2082,372721753
2107,372726753
2155,372731753
2202,372736753
2229,372741753
2264,372746753
2346,372751753
2388,372756753
2391,372761753
2415,372766757
2476,372771755
2515,372776754
2508,372781754
2521,372786754
2542,372791753
2545,372796753
2499,372801753
2433,372806753
2359,372811753
2264,372816753
2113,372821753
1962,372826753
1851,372831753
1718,372836753
1571,372841753
1466,372846753
1394,372851753
1324,372856753
1257,372861753
1238,372866753
1254,372871753
1260,372876753
1247,372881753
1262,372886753
1324,372891753
1357,372896753
1356,372901753
1373,372906753
1431,372911753
1457,372916753
1454,372921753
1481,372926753
1531,372931753
1575,372936753
1570,372941753
1574,372946753
1614,372951753
1642,372956753
1623,372961753
1622,372966753
1658,372971753
1674,372976753
1661,372981753
1656,372986753
1681,372991753
1707,372996753
1676,373001753
1677,373006753
1716,373011753
1716,373016753
1689,373021753
1679,373026753
1720,373031753
1723,373036753
1713,373041753
1715,373046753
1741,373051753
1755,373056753
1742,373061753
1744,373066753
1776,373071753
1790,373076753
1784,373081755
1781,373086756
1806,373091753
1807,373096753
1790,373101753
1796,373106753
1832,373111753
1828,373116753
1795,373121753
1805,373126753
1846,373131753
1868,373136753
1860,373141753
1850,373146753
1869,373151753
1873,373156753
1860,373161753
1880,373166753
1946,373171753
1968,373176753
1955,373181753
1986,373186753
2030,373191753
2018,373196753
1972,373201753
1971,373206753
1976,373211753
1917,373216753
1845,373221753
1810,373226753
1831,373231753
1818,373236753
1791,373241753
1785,373246753
1810,373251753
1817,373256753
1802,373261753
1805,373266753
1840,373271753
1821,373276753
1835,373281755
1837,373286753
1870,373291753
1890,373296753
1880,373301753
1837,373306753
1888,373311753
2163,373316753
2652,373321753
3466,373326755
3934,373331755
4056,373336753
4089,373341753
3220,373346753
1865,373351753
1057,373356753
704,373361753
756,373366753
1039,373371753
1241,373376753
1317,373381753
1397,373386753
1469,373391753
1498,373396753
1524,373401753
1546,373406753
1597,373411753
1626,373416753
1633,373421753
1655,373426753
1693,373431753
1713,373436753
1706,373441753
1719,373446753
1753,373451753
1785,373456753
1785,373461753
1795,373466753
1847,373471753
1864,373476753
1851,373481753
1865,373486753
1904,373491753
1932,373496753
1941,373501753
1950,373506753
1995,373511753
2025,373516753
2037,373521753
2062,373526753
2121,373531753
2169,373536753
2182,373541753
2204,373546753
2257,373551753
2317,373556753
2344,373561753
2386,373566753
2451,373571753
2478,373576753
2473,373581753
2495,373586753
2547,373591753
2555,373596753
2524,373601753
2495,373606753
2469,373611753
2380,373616753
2243,373621753
2113,373626753
2005,373631753
1864,373636753
1691,373641753
1569,373646753
1483,373651753
1401,373656753
1304,373661753
1245,373666753
1253,373671753
1266,373676753
1248,373681753
1238,373686753
1291,373691753
1327,373696753
1330,373701753
1350,373706753
1398,373711753
1446,373716753
1457,373721753
1484,373726753
1543,373731753
1558,373736753
1547,373741753
1578,373746753
1617,373751753
1643,373756753
1641,373761753
1635,373766753
1670,373771753
1673,373776753
1662,373781753
1657,373786753
1682,373791753
1699,373796753
1684,373801753
1689,373806753
1728,373811753
1738,373816753
1719,373821753
1702,373826753
1729,373831753
1731,373836753
1712,373841755
1730,373846753
1736,373851753
1748,373856753
1746,373861753
1747,373866753
1762,373871753
1779,373876753
1757,373881753
1749,373886753
1782,373891753
1800,373896753
1783,373901753
1790,373906753
1826,373911753
1847,373916753
1826,373921753
1823,373926753
1849,373931753
1852,373936753
1833,373941753
1838,373946753
1876,373951753
1916,373956753
1928,373961753
1937,373966753
2000,373971753
2044,373976753
2010,373981753
1997,373986753
2018,373991753
1986,373996753
1912,374001753
1858,374006753
1859,374011753
1868,374016753
1831,374021753
1810,374026753
1825,374031753
1838,374036753
1822,374041753
1833,374046753
1867,374051753
1878,374056753
1865,374061753
1865,374066753
1904,374071753
1914,374076755
1897,374081753
1901,374086753
1919,374091753
1871,374096753
2021,374101753
2430,374106753
3175,374111753
3848,374116753
4035,374121753
4086,374126753
3654,374131753
2200,374136753
1253,374141753
796,374146753
693,374151753
926,374156753
1169,374161753
1325,374166753
1459,374171753
1529,374176753
1547,374181753
1585,374186753
1648,374191753
1689,374196753
1692,374201753
1697,374206753
1742,374211753
1773,374216753
1769,374221753
1767,374226753
1805,374231753
1821,374236753
1807,374241753
1801,374246753
1857,374251753
1876,374256753
1873,374261753
1895,374266753
1942,374271753
1973,374276753
1968,374281753
1978,374286753
2029,374291753
2054,374296753
2050,374301753
2073,374306753
2116,374311753
2151,374316753
2157,374321753
2172,374326757
2232,374331755
2284,374336754
2306,374341753
2348,374346753
2409,374351753
2455,374356753
2466,374361753
2480,374366753
2523,374371753
2547,374376753
2533,374381753
2526,374386753
2534,374391753
2518,374396753
2415,374401753
2300,374406753
2189,374411753
2067,374416753
1898,374421753
1754,374426753
1648,374431753
1536,374436753
1429,374441753
1355,374446753
1316,374451753
1291,374456753
1262,374461753
1256,374466753
1290,374471753
1332,374476753
1318,374481753
1337,374486753
1393,374491753
1432,374496753
1443,374501753
1475,374506753
1526,374511753
1570,374516753
1575,374521753
1587,374526753
1614,374531753
1635,374536753
1628,374541753
1638,374546753
1679,374551753
1696,374556753
1675,374561753
1660,374566753
1687,374571753
1718,374576753
1696,374581753
1679,374586753
1720,374591753
1732,374596753
1732,374601753
1715,374606753
1725,374611753
1746,374616753
1711,374621753
1726,374626753
1761,374631753
1752,374636753
1733,374641753
1720,374646753
1746,374651753
1754,374656753
1731,374661753
1734,374666753
1778,374671753
1788,374676753
1778,374681753
1785,374686753
1811,374691753
1820,374696753
1794,374701753
1801,374706753
1833,374711753
1840,374716753
1819,374721753
1822,374726753
1855,374731753
1863,374736753
1837,374741753
1835,374746753
1862,374751753
1876,374756753
1887,374761753
1892,374766753
1925,374771753
1961,374776753
1981,374781753
1983,374786753
1993,374791753
1993,374796753
1947,374801753
1898,374806753
1891,374811753
1854,374816753
1809,374821753
1784,374826755
1806,374831755
1830,374836753
1816,374841753
1812,374846753
1841,374851753
1842,374856753
1826,374861753
1821,374866753
1852,374871753
1874,374876753
1865,374881753
1870,374886753
1897,374891753
1899,374896753
1848,374901753
1947,374906753
2336,374911753
2987,374916753
3760,374921753
4016,374926756
4076,374931755
4050,374936754
2686,374941753
1411,374946753
813,374951753
698,374956753
897,374961753
1116,374966753
1249,374971753
1350,374976753
1391,374981753
1436,374986753
1482,374991753
1529,374996753
1538,375001753
1562,375006753
1612,375011753
1640,375016753
1644,375021753
1656,375026753
1699,375031753
1730,375036753
1733,375041753
1743,375046753
1785,375051753
1795,375056753
1789,375061753
1800,375066753
1853,375071755
1891,375076753
1885,375081753
1909,375086753
1951,375091753
1980,375096753
1973,375101753
1989,375106753
2043,375111753
2074,375116753
2091,375121753
2119,375126753
2170,375131753
2227,375136753
2253,375141753
2289,375146753
2356,375151753
2403,375156753
2438,375161753
2461,375166753
2509,375171753
2545,375176753
2547,375181753
2546,375186753
2563,375191753
2550,375196753
2490,375201753
2421,375206753
2348,375211753
2237,375216753
2075,375221753
1908,375226753
1786,375231753
1655,375236753
1524,375241753
1433,375246753
1380,375251753
1317,375256753
1282,375261753
1255,375266753
1264,375271753
1280,375276753
1269,375281753
1278,375286753
1329,375291753
1366,375296753
1359,375301753
1380,375306753
1441,375311753
1479,375316753
1485,375321753
1495,375326753
1559,375331753
1600,375336753
1591,375341753
1583,375346753
1627,375351753
1644,375356753
1622,375361753
1627,375366753
1665,375371753
1689,375376753
1670,375381753
1657,375386753
1683,375391753
1709,375396753
1676,375401753
1674,375406753
1696,375411753
1716,375416753
1692,375421753
1687,375426754
1728,375431755
1754,375436753
1738,375441753
1736,375446753
1767,375451753
1784,375456753
1759,375461753
1755,375466753
1772,375471753
1793,375476753
1768,375481753
1773,375486753
1808,375491753
1804,375496753
1799,375501753
1783,375506753
1804,375511753
1810,375516753
1801,375521753
1802,375526753
1840,375531753
1851,375536753
1837,375541753
1829,375546753
1860,375551753
1875,375556753
1867,375561753
1856,375566753
1890,375571753
1932,375576753
1944,375581753
1945,375586753
1983,375591753
2032,375596753
1990,375601753
1963,375606753
1994,375611753
2008,375616753
1926,375621753
1866,375626753
1849,375631753
1840,375636753
1805,375641753
1783,375646753
1793,375651753
1798,375656753
1778,375661753
1787,375666753
1819,375671753
1831,375676753
1833,375681753
1838,375686753
1863,375691753
1889,375696753
1869,375701753
1869,375706753
1892,375711753
1859,375716753
1866,375721753
2129,375726753
2665,375731753
3504,375736753
3942,375741753
4027,375746753
4095,375751753
3330,375756753
1913,375761753
1047,375766753
730,375771753
829,375776753
1065,375781753
1224,375786753
1318,375791753
1420,375796753
1443,375801753
1462,375806753
1517,375811753
1560,375816753
1592,375821753
1600,375826753
1636,375831753
1666,375836753
1666,375841753
1673,375846753
1707,375851753
1741,375856753
1738,375861753
1750,375866753
1786,375871753
1810,375876753
1811,375881753
1840,375886753
1891,375891753
1935,375896753
1932,375901753
1932,375906753
1946,375911753
1988,375916753
1991,375921753
1995,375926756
2043,375931755
2096,375936753
2095,375941753
2118,375946753
2180,375951753
2241,375956753
2268,375961753
2306,375966753
2377,375971753
2424,375976753
2436,375981753
2477,375986753
2530,375991753
2558,375996753
2526,376001753
2535,376006753
2554,376011753
2542,376016753
2473,376021753
2383,376026753
2270,376031753
2153,376036753
2010,376041753
1833,376046753
1710,376051753
1592,376056753
1458,376061756
1367,376066753
1323,376071753
1288,376076753
1242,376081753
1210,376086753
1245,376091753
1251,376096753
1246,376101753
1265,376106753
1334,376111753
1363,376116753
1372,376121753
1401,376126753
1452,376131753
1490,376136753
1474,376141753
1500,376146753
1546,376151753
1580,376156753
1575,376161753
1580,376166753
1622,376171753
1643,376176753
1644,376181753
1653,376186753
1682,376191753
1693,376196753
1681,376201753
1657,376206753
1685,376211753
1694,376216753
1659,376221753
1659,376226753
1706,376231753
1717,376236753
1702,376241753
1694,376246753
1714,376251753
1730,376256753
1713,376261753
1706,376266753
1743,376271753
1757,376276753
1740,376281753
1725,376286753
1756,376291753
1768,376296753
1763,376301753
1760,376306753
1791,376311753
1804,376316753
1787,376321753
1785,376326753
1805,376331753
1838,376336753
1831,376341753
1829,376346753
1866,376351753
1885,376356753
1855,376361753
1835,376366753
1865,376371753
1911,376376753
1917,376381753
1929,376386753
1988,376391753
2043,376396753
1990,376401753
1985,376406753
2002,376411753
1994,376416753
1935,376421753
1838,376426754
1838,376431754
1846,376436753
1811,376441753
1800,376446753
1842,376451753
1869,376456753
1831,376461753
1812,376466753
1842,376471753
1854,376476753
1853,376481753
1868,376486753
1896,376491753
1914,376496753
1930,376501753
1912,376506753
1933,376511753
1919,376516753
1956,376521753
2237,376526755
2833,376531754
3668,376536753
3985,376541753
4069,376546753
4065,376551753
2770,376556753
1556,376561753
915,376566753
663,376571753
791,376576753
1038,376581753
1230,376586753
1365,376591753
1466,376596753
1500,376601753
1546,376606753
1596,376611753
1639,376616753
1648,376621753
1655,376626753
1710,376631753
1734,376636753
1731,376641753
1746,376646753
1789,376651753
1816,376656753
1811,376661753
1806,376666753
1827,376671753
1880,376676753
1893,376681753
1897,376686753
1924,376691753
1948,376696753
1950,376701753
1967,376706753
2011,376711753
2035,376716753
2043,376721753
2059,376726753
2108,376731753
2149,376736753
2161,376741753
2181,376746753
2240,376751753
2298,376756753
2315,376761753
2347,376766753
2405,376771753
2457,376776753
2474,376781753
2491,376786753
2534,376791753
2565,376796753
2549,376801753
2546,376806753
2545,376811753
2529,376816753
2450,376821753
2342,376826753
2249,376831753
2140,376836753
1974,376841753
1810,376846753
1701,376851753
1592,376856753
1471,376861753
1392,376866753
1373,376871753
1331,376876753
1283,376881753
1278,376886753
1308,376891753
1347,376896753
1336,376901753
1331,376906753
1389,376911753
1442,376916753
1457,376921753
1475,376926753
1512,376931753
1548,376936753
1558,376941753
1563,376946753
1592,376951753
1628,376956753
1616,376961753
1617,376966753
1650,376971753
1669,376976753
1650,376981753
1658,376986753
1681,376991753
1712,376996753
1678,377001753
1683,377006753
1707,377011753
1724,377016753
1706,377021753
1718,377026753
1706,377031753
1714,377036755
1689,377041754
1701,377046754
1728,377051754
1745,377056756
1742,377061753
1754,377066753
1785,377071753
1782,377076753
1762,377081753
1765,377086753
1793,377091753
1801,377096753
1769,377101753
1769,377106753
1791,377111753
1809,377116753
1791,377121753
1790,377126753
1829,377131753
1851,377136753
1842,377141753
1827,377146753
1855,377151753
1860,377156753
1853,377161753
1845,377166753
1880,377171753
1889,377176753
1871,377181753
1868,377186753
1878,377191753
1889,377196753
1886,377201753
1914,377206753
1978,377211753
2008,377216753
2010,377221753
2025,377226753
2028,377231753
2020,377236753
1999,377241753
1971,377246753
1959,377251753
1907,377256753
1847,377261753
1825,377266753
1838,377271753
1844,377276753
1818,377281753
1801,377286753
1840,377291753
1857,377296753
1849,377301753
1843,377306753
1882,377311753
1894,377316753
1878,377321753
1892,377326753
1911,377331753
1917,377336753
1870,377341753
1817,377346753
1955,377351753
2365,377356753
2995,377361753
3765,377366753
4013,377371753
4078,377376753
4007,377381753
2585,377386753
1375,377391753
814,377396753
713,377401753
938,377406753
1166,377411753
1288,377416753
1356,377421753
1403,377426753
1454,377431753
1503,377436753
1523,377441753
1540,377446753
1579,377451753
1626,377456753
1625,377461753
1636,377466753
1674,377471753
1712,377476753
1714,377481753
1730,377486753
1785,377491753
1809,377496753
1805,377501753
1801,377506753
1833,377511753
1861,377516753
1855,377521753
1868,377526754
1909,377531756
1945,377536754
1946,377541753
1948,377546753
1991,377551753
2022,377556753
2033,377561753
2059,377566753
2110,377571753
2159,377576753
2192,377581753
2223,377586753
2271,377591753
2333,377596753
2361,377601753
2398,377606753
2454,377611753
2506,377616753
2521,377621753
2533,377626753
2571,377631753
2574,377636753
2543,377641753
2502,377646753
2446,377651753
2353,377656753
2221,377661753
2081,377666753
1957,377671753
1819,377676753
1654,377681753
1513,377686753
1430,377691753
1363,377696753
1282,377701753
1231,377706753
1229,377711753
1257,377716753
1237,377721753
1252,377726753
1298,377731753
1327,377736753
1340,377741753
1371,377746753
1427,377751753
1448,377756753
1457,377761753
1468,377766753
1522,377771753
1556,377776753
1551,377781753
1566,377786753
1603,377791753
1619,377796753
1616,377801753
1611,377806753
1657,377811753
1684,377816753
1662,377821753
1659,377826753
1687,377831753
1695,377836753
1679,377841753
1676,377846753
1698,377851753
1717,377856753
1700,377861753
1688,377866753
1717,377871753
1731,377876753
1721,377881753
1723,377886753
1745,377891753
1763,377896753
1750,377901753
1733,377906753
1744,377911753
1759,377916753
1759,377921753
1753,377926753
1777,377931753
1795,377936753
1785,377941753
1773,377946753
1808,377951753
1833,377956753
1813,377961753
1800,377966753
1821,377971753
1814,377976753
1806,377981753
1802,377986753
1831,377991753
1851,377996753
1854,378001753
1825,378006753
1846,378011753
1860,378016753
1837,378021753
1813,378026754
1862,378031756
1914,378036754
1934,378041754
1946,378046754
1999,378051756
2041,378056753
1992,378061753
1977,378066753
2003,378071753
1992,378076753
1916,378081753
1860,378086753
1834,378091753
1836,378096753
1822,378101753
1807,378106753
1824,378111753
1831,378116753
1823,378121753
1808,378126754
1831,378131755
1847,378136753
1846,378141753
1843,378146753
1873,378151753
1892,378156753
1879,378161753
1871,378166753
1857,378171753
1851,378176753
2061,378181753
2532,378186753
3340,378191753
3898,378196753
4048,378201753
4086,378206753
3516,378211753
2084,378216753
1130,378221753
711,378226753
743,378231753
1005,378236753
1180,378241753
1265,378246753
1369,378251753
1428,378256753
1448,378261753
1471,378266753
1522,378271753
1546,378276753
1569,378281753
1597,378286753
1641,378291753
1664,378296753
1673,378301753
1675,378306753
1715,378311753
1749,378316753
1749,378321753
1752,378326753
1781,378331753
1815,378336753
1826,378341753
1827,378346753
1871,378351753
1913,378356753
1918,378361753
1923,378366753
1967,378371753
2006,378376753
2015,378381753
2029,378386753
2092,378391753
2143,378396753
2164,378401753
2171,378406753
2222,378411753
2273,378416753
2304,378421753
2327,378426753
2382,378431753
2456,378436753
2469,378441753
2486,378446753
2533,378451753
2564,378456753
2551,378461753
2524,378466753
2519,378471753
2496,378476753
2404,378481753
2285,378486753
2179,378491753
2057,378496753
1892,378501753
1719,378506753
1588,378511753
1488,378516753
1387,378521753
1321,378526753
1292,378531753
1278,378536753
1228,378541753
1219,378546753
1254,378551753
1294,378556753
1309,378561753
1326,378566753
1385,378571753
1428,378576753
1432,378581753
1430,378586753
1464,378591753
1521,378596753
1525,378601753
1531,378606753
1570,378611753
1601,378616753
1594,378621753
1588,378626756
1634,378631756
1665,378636753
1643,378641753
1634,378646753
1660,378651753
1694,378656753
1694,378661753
1681,378666753
1704,378671753
1713,378676753
1700,378681753
1701,378686753
1723,378691753
1745,378696753
1736,378701753
1715,378706753
1736,378711753
1752,378716753
1720,378721753
1728,378726753
1758,378731753
1784,378736753
1755,378741753
1760,378746753
1754,378751753
1786,378756753
1788,378761753
1782,378766753
1806,378771753
1832,378776753
1824,378781753
1807,378786753
1816,378791753
1843,378796753
1826,378801753
1812,378806753
1837,378811753
1865,378816753
1851,378821753
1825,378826753
1857,378831753
1898,378836753
1921,378841753
1932,378846753
1976,378851753
2037,378856753
2032,378861753
1997,378866753
2018,378871753
2028,378876753
1976,378881753
1893,378886753
1857,378891753
1852,378896753
1835,378901753
1802,378906753
1836,378911753
1846,378916753
1826,378921753
1829,378926753
1846,378931753
1874,378936753
1861,378941753
1854,378946753
1881,378951753
1891,378956753
1884,378961753
1898,378966753
1926,378971753
1897,378976753
1923,378981753
2210,378986753
2791,378991753
3624,378996753
3980,379001753
4067,379006753
4091,379011753
2894,379016753
1624,379021753
953,379026753
705,379031753
830,379036753
1093,379041756
1279,379046753
1386,379051753
1499,379056753
1528,379061753
1552,379066753
1597,379071753
1661,379076753
1659,379081753
1662,379086753
1693,379091753
1731,379096753
1732,379101753
1743,379106753
1773,379111753
1795,379116753
1791,379121753
1837,379126753
1837,379131757
1886,379136754
1898,379141754
1912,379146753
1943,379151753
1959,379156753
1948,379161753
1949,379166753
1985,379171753
1994,379176753
1993,379181753
2001,379186753
2057,379191753
2113,379196753
2127,379201753
2160,379206753
2207,379211753
2251,379216753
2285,379221753
2317,379226753
2395,379231753
2469,379236753
2457,379241753
2474,379246753
2527,379251753
2548,379256753
2546,379261753
2550,379266753
2554,379271753
2519,379276753
2449,379281753
2339,379286753
2251,379291753
2146,379296753
1992,379301753
1822,379306753
1692,379311753
1581,379316753
1464,379321753
1373,379326753
1329,379331753
1313,379336753
1276,379341753
1270,379346753
1304,379351753
1332,379356753
1330,379361753
1346,379366753
1395,379371753
1439,379376753
1442,379381753
1439,379386753
1483,379391753
1524,379396753
1524,379401753
1553,379406753
1573,379411753
1609,379416753
1623,379421753
1610,379426753
1645,379431753
1664,379436753
1649,379441753
1635,379446753
1658,379451753
1689,379456753
1679,379461753
1679,379466753
1705,379471753
1719,379476753
1706,379481753
1696,379486753
1720,379491753
1737,379496753
1714,379501753
1694,379506753
1717,379511753
1742,379516753
1731,379521753
1701,379526753
1744,379531753
1760,379536753
1752,379541753
1757,379546753
1786,379551753
1800,379556753
1778,379561753
1770,379566753
1797,379571753
1833,379576753
1819,379581753
1803,379586753
1821,379591753
1834,379596753
1819,379601753
1815,379606753
1837,379611753
1856,379616753
1845,379621753
1821,379626755
1840,379631756
1867,379636753
1844,379641753
1845,379646753
1864,379651753
1884,379656753
1870,379661753
1850,379666753
1870,379671753
1905,379676753
1940,379681753
1955,379686753
1986,379691753
2020,379696753
2036,379701753
2008,379706753
2014,379711753
2019,379716753
1985,379721753
1916,379726753
1882,379731753
1854,379736753
1818,379741753
1788,379746753
1808,379751753
1798,379756753
1786,379761754
1783,379766754
1808,379771753
1829,379776753
1828,379781753
1827,379786753
1856,379791753
1871,379796753
1870,379801753
1864,379806753
1895,379811753
1882,379816753
1857,379821753
2066,379826753
2566,379831753
3363,379836753
3906,379841753
4050,379846753
4087,379851753
3618,379856753
2114,379861753
1120,379866753
738,379871753
792,379876753
1019,379881753
1197,379886753
1326,379891753
1422,379896753
1453,379901753
1476,379906753
1527,379911753
1555,379916753
1552,379921753
1573,379926753
1627,379931753
1657,379936753
1645,379941753
1652,379946753
1690,379951753
1734,379956753
1733,379961753
1740,379966753
1770,379971753
1813,379976753
1809,379981753
1818,379986753
1857,379991753
1900,379996753
1888,380001753
1888,380006753
1946,380011753
1996,380016753
2002,380021753
2005,380026753
2054,380031756
2086,380036753
2090,380041753
2104,380046753
2161,380051753
2226,380056753
2239,380061753
2265,380066753
2335,380071753
2390,380076753
2417,380081753
2438,380086753
2494,380091753
2537,380096753
2540,380101753
2536,380106753
2535,380111753
2532,380116753
2478,380121753
2389,380126753
2303,380131753
2186,380136753
2030,380141753
1869,380146753
1740,380151753
1617,380156753
1478,380161753
1375,380166753
1319,380171753
1281,380176753
1248,380181753
1219,380186753
1232,380191753
1247,380196753
1247,380201753
1250,380206753
1288,380211753
1337,380216753
1357,380221753
1376,380226753
1433,380231753
1476,380236753
1488,380241753
1496,380246753
1532,380251753
1568,380256753
1561,380261753
1550,380266755
1574,380271754
1615,380276753
1624,380281753
1626,380286753
1664,380291753
1675,380296753
1666,380301753
1653,380306753
1671,380311753
1697,380316753
1681,380321753
1675,380326753
1699,380331753
1722,380336753
1714,380341753
1698,380346753
1717,380351753
1742,380356753
1717,380361753
1711,380366753
1733,380371753
1752,380376753
1737,380381753
1727,380386753
1748,380391753
1766,380396753
1749,380401753
1760,380406753
1788,380411753
1793,380416753
1777,380421753
1774,380426753
1813,380431753
1832,380436753
1818,380441753
1814,380446753
1835,380451753
1853,380456753
1834,380461753
1830,380466753
1859,380471753
1883,380476753
1873,380481753
1861,380486753
1874,380491753
1894,380496753
1875,380501753
1863,380506753
1896,380511753
1927,380516753
1894,380521753
1885,380526753
1936,380531753
1978,380536753
1972,380541753
1996,380546753
2051,380551753
2042,380556753
2011,380561753
2004,380566753
2000,380571753
1967,380576753
1900,380581753
1844,380586753
1855,380591753
1849,380596753
1829,380601753
1821,380606753
1839,380611753
1855,380616753
1841,380621753
1831,380626753
1853,380631753
1871,380636753
1867,380641753
1865,380646753
1899,380651753
1926,380656753
1906,380661753
1854,380666753
1852,380671753
2077,380676753
2535,380681753
3320,380686753
3898,380691753
4045,380696753
4088,380701753
3568,380706753
2143,380711753
1191,380716753
760,380721753
750,380726753
1015,380731753
1220,380736753
1296,380741753
1377,380746753
1441,380751753
1502,380756753
1508,380761753
1546,380766753
1562,380771756
1592,380776753
1614,380781753
1629,380786753
1674,380791753
1710,380796753
1696,380801753
1701,380806753
1737,380811753
1780,380816753
1781,380821753
1778,380826753
1810,380831753
1846,380836753
1843,380841753
1850,380846753
1893,380851753
1936,380856753
1946,380861753
1955,380866753
2000,380871753
2032,380876753
2037,380881753
2060,380886753
2114,380891753
2162,380896753
2175,380901753
2196,380906753
2249,380911753
2300,380916753
2324,380921753
2375,380926753
2443,380931753
2495,380936753
2519,380941753
2509,380946753
2532,380951753
2544,380956753
2524,380961753
2511,380966753
2480,380971753
2422,380976753
2306,380981753
2180,380986753
2067,380991753
1933,380996753
1772,381001753
1621,381006753
1513,381011753
1445,381016753
1358,381021753
1271,381026755
1251,381031753
1251,381036753
1222,381041753
1214,381046753
1259,381051753
1291,381056753
1309,381061753
1323,381066753
1372,381071753
1424,381076753
1450,381081753
1441,381086753
1482,381091753
1537,381096753
1547,381101753
1555,381106753
1588,381111753
1628,381116753
1627,381121753
1619,381126753
1643,381131753
1676,381136753
1666,381141753
1650,381146753
1668,381151753
1688,381156753
1682,381161753
1666,381166753
1671,381171753
1688,381176753
1660,381181753
1628,381186753
1668,381191753
1696,381196753
1690,381201753
1690,381206753
1700,381211753
1712,381216753
1711,381221753
1706,381226753
1753,381231753
1780,381236753
1765,381241753
1751,381246753
1777,381251753
1790,381256755
1765,381261756
1768,381266753
1806,381271753
1832,381276753
1811,381281753
1780,381286753
1815,381291753
1863,381296753
1855,381301753
1838,381306753
1860,381311753
1884,381316753
1862,381321753
1839,381326756
1880,381331754
1933,381336753
1936,381341753
1931,381346753
1992,381351753
2033,381356753
2001,381361753
1971,381366753
2000,381371753
1977,381376753
1903,381381753
1840,381386753
1830,381391753
1850,381396753
1829,381401753
1821,381406753
1839,381411753
1846,381416753
1823,381421753
1817,381426753
1857,381431753
1877,381436753
1866,381441753
1862,381446753
1894,381451753
1922,381456753
1918,381461753
1896,381466753
1867,381471753
1936,381476753
2229,381481753
2810,381486753
3652,381491753
3982,381496753
4062,381501753
4028,381506753
2705,381511753
1587,381516753
976,381521753
681,381526753
787,381531753
1085,381536753
1285,381541753
1384,381546753
1486,381551753
1559,381556753
1572,381561753
1593,381566753
1639,381571753
1692,381576753
1699,381581753
1694,381586753
1741,381591753
1780,381596753
1772,381601753
1773,381606753
1814,381611753
1850,381616753
1840,381621753
1854,381626753
1897,381631753
1917,381636753
1916,381641753
1912,381646753
1945,381651753
1983,381656753
1991,381661753
2002,381666753
2045,381671753
2076,381676753
2082,381681753
2087,381686753
2105,381691753
2155,381696753
2184,381701753
2211,381706753
2264,381711753
2316,381716753
2345,381721753
2371,381726753
2413,381731753
2457,381736753
2466,381741753
2475,381746753
2504,381751753
2543,381756753
2543,381761753
2525,381766753
2513,381771753
2469,381776753
2363,381781753
2229,381786753
2113,381791753
1993,381796753
1841,381801753
1696,381806753
1588,381811753
1500,381816753
1418,381821753
1330,381826755
1310,381831755
1300,381836754
1295,381841753
1292,381846753
1333,381851753
1364,381856753
1369,381861753
1373,381866753
1443,381871753
1478,381876753
1496,381881753
1496,381886753
1537,381891753
1583,381896753
1589,381901753
1596,381906753
1630,381911753
1654,381916753
1649,381921753
1643,381926753
1675,381931753
1694,381936753
1685,381941753
1674,381946753
1689,381951753
1716,381956753
1715,381961753
1693,381966753
1695,381971753
1709,381976753
1710,381981753
1700,381986753
1744,381991753
1752,381996753
1749,382001753
1731,382006753
1740,382011753
1766,382016756
1748,382021753
1737,382026753
1762,382031753
1799,382036753
1793,382041753
1769,382046753
1786,382051753
1808,382056753
1803,382061753
1784,382066753
1807,382071753
1832,382076753
1813,382081753
1781,382086753
1815,382091753
1858,382096753
1845,382101753
1829,382106753
1849,382111753
1878,382116753
1857,382121753
1829,382126753
1844,382131753
1854,382136753
1861,382141753
1846,382146753
1875,382151753
1904,382156753
1920,382161753
1935,382166753
1977,382171753
2026,382176753
2044,382181753
2026,382186753
2023,382191753
2033,382196753
2011,382201753
1945,382206753
1910,382211753
1869,382216753
1832,382221753
1801,382226753
1806,382231753
1826,382236753
1819,382241753
1810,382246753
1828,382251753
1860,382256753
1852,382261753
1837,382266753
1860,382271753
1865,382276753
1874,382281753
1876,382286753
1887,382291753
1865,382296753
1858,382301753
2116,382306753
2658,382311753
3506,382316753
3942,382321753
4054,382326753
4090,382331754
3322,382336754
1877,382341753
1000,382346753
693,382351753
848,382356753
1084,382361753
1229,382366753
1330,382371753
1410,382376753
1446,382381753
1463,382386753
1518,382391753
1565,382396753
1582,382401753
1593,382406753
1620,382411753
1670,382416753
1669,382421753
1668,382426753
1704,382431753
1743,382436753
1749,382441753
1754,382446753
1789,382451753
1825,382456753
1828,382461753
1837,382466753
1873,382471753
1902,382476753
1906,382481753
1897,382486753
1937,382491753
1990,382496753
1994,382501753
2000,382506753
2030,382511753
2069,382516753
2093,382521753
2122,382526753
2178,382531753
2248,382536753
2274,382541753
2301,382546753
2368,382551753
2434,382556753
2466,382561753
2472,382566753
2512,382571753
2544,382576753
2536,382581753
2521,382586753
2545,382591753
2538,382596753
2462,382601753
2362,382606753
2271,382611753
2163,382616753
2003,382621753
1845,382626753
1720,382631753
1607,382636753
1477,382641753
1374,382646753
1321,382651753
1306,382656753
1272,382661753
1238,382666753
1246,382671753
1276,382676753
1286,382681753
1287,382686753
1317,382691753
1368,382696753
1384,382701753
1383,382706753
1429,382711753
1483,382716753
1518,382721753
1507,382726753
1539,382731753
1589,382736753
1600,382741753
1597,382746753
1589,382751753
1638,382756753
1630,382761753
1621,382766753
1642,382771753
1669,382776753
1674,382781753
1674,382786753
1687,382791753
1706,382796753
1691,382801753
1660,382806753
1698,382811753
1726,382816753
1729,382821753
1724,382826756
1717,382831754
1753,382836753
1755,382841753
1741,382846753
1760,382851753
1780,382856753
1759,382861753
1751,382866753
1776,382871753
1787,382876753
1779,382881753
1765,382886753
1786,382891753
1806,382896753
1799,382901753
1782,382906753
1797,382911753
1825,382916753
1825,382921753
1793,382926756
1813,382931755
1825,382936753
1840,382941753
1825,382946753
1850,382951753
1888,382956753
1858,382961753
1852,382966753
1875,382971753
1897,382976753
1871,382981753
1855,382986753
1866,382991753
1885,382996753
1878,383001753
1857,383006753
1870,383011756
1912,383016753
1952,383021753
1961,383026753
1984,383031753
2038,383036753
2038,383041753
1994,383046753
2001,383051753
2037,383056753
2005,383061753
1920,383066753
1892,383071753
1874,383076753
1847,383081753
1822,383086753
1820,383091753
1852,383096753
1833,383101753
1824,383106753
1846,383111753
1857,383116753
1854,383121753
1836,383126753
1861,383131753
1898,383136753
1902,383141753
1878,383146753
1888,383151753
1859,383156753
1898,383161753
2192,383166753
2758,383171753
3603,383176753
3968,383181753
4065,383186753
4092,383191753
3120,383196753
1753,383201753
970,383206753
714,383211753
838,383216753
1080,383221753
1221,383226753
1341,383231753
1427,383236753
1461,383241753
1475,383246753
1508,383251753
1556,383256753
1580,383261753
1594,383266753
1626,383271753
1665,383276753
1672,383281753
1671,383286753
1714,383291753
1750,383296753
1751,383301753
1740,383306753
1775,383311753
1818,383316753
1823,383321753
1829,383326753
1852,383331753
1890,383336753
1901,383341753
1905,383346753
1940,383351753
1984,383356753
1997,383361753
1997,383366753
2028,383371753
2102,383376753
2094,383381753
2110,383386753
2156,383391753
2216,383396753
2236,383401753
2261,383406753
2332,383411753
2393,383416753
2425,383421753
2425,383426755
2473,383431755
2522,383436753
2527,383441753
2515,383446753
2530,383451753
2532,383456753
2478,383461753
2384,383466753
2289,383471753
2182,383476753
2025,383481753
1852,383486753
1724,383491753
1630,383496753
1503,383501753
1373,383506753
1320,383511753
1308,383516753
1266,383521753
1198,383526753
1244,383531753
1282,383536753
1291,383541753
1293,383546753
1343,383551753
1384,383556753
1400,383561753
1413,383566753
1443,383571753
1492,383576753
1501,383581753
1511,383586753
1555,383591753
1601,383596753
1596,383601753
1585,383606753
1618,383611753
1668,383616753
1661,383621753
1651,383626753
1656,383631753
1671,383636753
1676,383641753
1661,383646753
1681,383651753
1712,383656753
1694,383661753
1686,383666753
1712,383671753
1733,383676753
1721,383681753
1707,383686753
1731,383691753
1752,383696753
1739,383701753
1716,383706753
1718,383711753
1744,383716753
1756,383721753
1736,383726753
1749,383731753
1790,383736753
1779,383741753
1757,383746753
1788,383751753
1803,383756753
1796,383761753
1769,383766753
1791,383771753
1824,383776753
1831,383781753
1824,383786753
1845,383791753
1857,383796753
1851,383801753
1817,383806753
1828,383811753
1864,383816753
1863,383821753
1843,383826753
1854,383831753
1871,383836753
1865,383841753
1847,383846753
1855,383851753
1894,383856753
1914,383861753
1921,383866753
1963,383871753
2002,383876753
2011,383881753
1972,383886753
1971,383891753
2007,383896753
1983,383901753
1905,383906753
1860,383911753
1845,383916753
1835,383921753
1793,383926753
1791,383931756
1818,383936754
1808,383941754
1794,383946753
1812,383951753
1835,383956753
1826,383961753
1818,383966753
1844,383971753
1888,383976753
1895,383981753
1878,383986753
1894,383991753
1885,383996753
1845,384001754
2025,384006755
2507,384011753
3306,384016753
3889,384021753
4044,384026753
4085,384031753
3504,384036753
2074,384041753
1142,384046753
746,384051753
740,384056753
985,384061753
1186,384066753
1305,384071753
1413,384076753
1453,384081753
1472,384086753
1523,384091753
1575,384096753
1600,384101753
1604,384106753
1640,384111753
1688,384116753
1709,384121753
1692,384126753
1710,384131753
1738,384136753
1769,384141753
1778,384146753
1797,384151753
1831,384156753
1823,384161753
1831,384166753
1861,384171753
1896,384176753
1915,384181753
1931,384186753
1948,384191753
1971,384196753
1995,384201753
2001,384206753
2036,384211753
2085,384216753
2096,384221753
2111,384226753
2167,384231753
2219,384236753
2232,384241753
2272,384246753
2333,384251753
2385,384256753
2424,384261753
2438,384266753
2468,384271753
2528,384276753
2528,384281753
2524,384286753
2531,384291753
2534,384296753
2482,384301753
2402,384306753
2316,384311753
2208,384316753
2063,384321753
1908,384326753
1777,384331753
1658,384336753
1520,384341753
1397,384346753
1326,384351753
1296,384356753
1256,384361753
1221,384366753
1240,384371753
1278,384376753
1299,384381753
1301,384386753
1338,384391753
1386,384396753
1397,384401753
1395,384406753
1433,384411753
1477,384416753
1507,384421753
1486,384426755
1540,384431756
1592,384436754
1611,384441753
1607,384446753
1634,384451753
1661,384456753
1649,384461753
1625,384466753
1662,384471753
1701,384476753
1684,384481753
1654,384486753
1681,384491753
1708,384496753
1683,384501753
1662,384506753
1687,384511753
1733,384516753
1729,384521753
1698,384526755
1715,384531754
1748,384536753
1749,384541753
1736,384546753
1756,384551753
1782,384556753
1776,384561753
1758,384566753
1773,384571753
1790,384576753
1789,384581753
1767,384586753
1801,384591753
1828,384596753
1826,384601753
1807,384606753
1840,384611753
1869,384616753
1866,384621753
1850,384626753
1857,384631753
1870,384636753
1852,384641753
1825,384646753
1863,384651753
1930,384656753
1932,384661753
1921,384666753
1982,384671753
2029,384676753
2012,384681753
1983,384686753
1990,384691753
1996,384696753
1921,384701753
1853,384706753
1825,384711753
1823,384716753
1823,384721753
1820,384726753
1828,384731753
1859,384736753
1836,384741753
1823,384746753
1850,384751753
1887,384756753
1898,384761753
1887,384766753
1909,384771753
1936,384776753
1936,384781753
1914,384786753
1876,384791753
1921,384796753
2168,384801753
2677,384806753
3509,384811753
3942,384816753
4059,384821753
4090,384826753
3058,384831753
1783,384836753
1074,384841753
696,384846753
667,384851753
944,384856753
1212,384861753
1345,384866753
1462,384871753
1548,384876753
1570,384881753
1589,384886753
1625,384891753
1674,384896753
1708,384901753
1720,384906753
1736,384911753
1778,384916753
1791,384921753
1799,384926753
1829,384931753
1861,384936753
1866,384941753
1847,384946753
1878,384951753
1912,384956753
1893,384961753
1881,384966753
1911,384971753
1954,384976753
1969,384981753
1998,384986753
1987,384991753
2043,384996755
2058,385001757
2063,385006753
2097,385011753
2147,385016753
2166,385021753
2201,385026755
2224,385031756
2281,385036753
2325,385041753
2339,385046753
2391,385051753
2440,385056753
2471,385061753
2491,385066753
2513,385071753
2544,385076753
2543,385081753
2527,385086753
2506,385091753
2470,385096753
2369,385101753
2232,385106753
2109,385111753
1993,385116753
1859,385121753
1720,385126753
1594,385131753
1505,385136753
1413,385141753
1330,385146753
1312,385151753
1318,385156753
1300,385161753
1286,385166753
1325,385171753
1363,385176753
1377,385181753
1386,385186753
1420,385191753
1481,385196753
1498,385201753
1491,385206753
1525,385211753
1574,385216753
1573,385221753
1570,385226753
1613,385231753
1639,385236753
1646,385241753
1641,385246753
1652,385251753
1665,385256753
1659,385261753
1663,385266753
1686,385271753
1709,385276753
1717,385281753
1692,385286753
1712,385291753
1747,385296753
1734,385301753
1709,385306753
1724,385311753
1741,385316753
1736,385321753
1718,385326753
1738,385331753
1763,385336753
1758,385341753
1750,385346753
1769,385351753
1786,385356753
1776,385361753
1756,385366753
1772,385371753
1808,385376753
1803,385381753
1779,385386753
1813,385391753
1817,385396753
1813,385401753
1791,385406753
1818,385411753
1843,385416753
1847,385421753
1839,385426753
1848,385431753
1867,385436753
1863,385441753
1840,385446753
1853,385451753
1881,385456753
1908,385461753
1925,385466753
1953,385471753
2000,385476753
2037,385481753
2027,385486753
2015,385491753
2014,385496753
1970,385501753
1926,385506753
1885,385511753
1877,385516753
1855,385521753
1824,385526753
1822,385531753
1828,385536754
1825,385541754
1812,385546753
1834,385551753
1868,385556753
1869,385561753
1855,385566753
1874,385571753
1894,385576753
1892,385581753
1883,385586753
1911,385591753
1899,385596753
1874,385601753
1984,385606753
2410,385611753
3131,385616753
3831,385621753
4029,385626753
4083,385631753
3936,385636753
2424,385641753
1232,385646753
712,385651753
698,385656753
957,385661753
1157,385666753
1279,385671753
1406,385676753
1445,385681753
1453,385686753
1477,385691753
1540,385696753
1573,385701753
1582,385706753
1609,385711753
1643,385716753
1677,385721753
1684,385726753
1715,385731753
1749,385736753
1768,385741753
1752,385746753
1788,385751753
1821,385756753
1827,385761753
1825,385766753
1858,385771753
1900,385776753
1906,385781753
1901,385786753
1932,385791753
1969,385796753
1989,385801753
1982,385806753
2016,385811753
2042,385816753
2069,385821753
2093,385826753
2134,385831753
2208,385836753
2238,385841753
2284,385846753
2315,385851753
2379,385856753
2410,385861753
2420,385866753
2464,385871753
2505,385876753
2523,385881753
2521,385886753
2537,385891753
2529,385896753
2487,385901753
2393,385906753
2284,385911753
2190,385916753
2054,385921753
1883,385926753
1728,385931753
1619,385936753
1494,385941753
1376,385946753
1317,385951753
1312,385956753
1251,385961753
1211,385966753
1205,385971753
1259,385976753
1262,385981753
1277,385986753
1318,385991756
1364,385996753
1380,386001753
1390,386006753
1411,386011753
1469,386016753
1482,386021753
1493,386026753
1528,386031753
1573,386036753
1595,386041753
1567,386046756
1593,386051753
1629,386056753
1628,386061753
1633,386066753
1634,386071753
1673,386076753
1665,386081753
1652,386086753
1659,386091753
1691,386096753
1697,386101753
1679,386106753
1688,386111753
1714,386116753
1710,386121753
1703,386126754
1715,386131753
1737,386136753
1729,386141753
1722,386146753
1739,386151753
1768,386156753
1753,386161753
1747,386166753
1764,386171753
1784,386176753
1786,386181753
1768,386186753
1773,386191753
1814,386196753
1810,386201753
1783,386206753
1797,386211753
1833,386216753
1832,386221753
1808,386226753
1823,386231753
1850,386236753
1844,386241753
1825,386246753
1830,386251753
1846,386256753
1844,386261753
1839,386266753
1843,386271753
1867,386276753
1865,386281753
1857,386286753
1863,386291753
1874,386296753
1862,386301753
1870,386306753
1922,386311753
1980,386316753
1982,386321753
1995,386326753
2022,386331753
2023,386336753
2012,386341753
1977,386346753
1950,386351753
1924,386356753
1879,386361753
1827,386366753
1811,386371753
1820,386376753
1818,386381753
1797,386386753
1796,386391753
1821,386396753
1820,386401753
1809,386406753
1828,386411753
1850,386416753
1860,386421753
1855,386426753
1880,386431753
1925,386436753
1915,386441753
1832,386446753
1903,386451753
2251,386456753
2825,386461753
3650,386466753
3980,386471753
4067,386476753
4089,386481753
2940,386486753
1611,386491753
912,386496753
692,386501753
841,386506753
1084,386511753
1250,386516753
1342,386521753
1391,386526753
1428,386531753
1482,386536753
1513,386541753
1517,386546753
1548,386551753
1593,386556753
1618,386561753
1611,386566753
1645,386571753
1684,386576753
1718,386581753
1708,386586753
1724,386591753
1777,386596753
1791,386601753
1779,386606753
1794,386611753
1838,386616753
1857,386621753
1878,386626755
1891,386631756
1951,386636754
1973,386641754
1977,386646753
1999,386651753
2036,386656753
2070,386661753
2086,386666753
2126,386671753
2188,386676753
2216,386681753
2225,386686753
2267,386691753
2326,386696753
2381,386701753
2405,386706753
2440,386711753
2497,386716753
2529,386721753
2523,386726753
2550,386731753
2584,386736753
2566,386741753
2510,386746753
2460,386751753
2385,386756753
2276,386761753
2133,386766753
1987,386771753
1855,386776753
1710,386781753
1552,386786753
1438,386791753
1383,386796753
1314,386801753
1249,386806753
1215,386811753
1246,386816753
1259,386821753
1246,386826753
1273,386831753
1320,386836753
1361,386841753
1359,386846753
1387,386851753
1448,386856753
1489,386861753
1495,386866753
1532,386871753
1555,386876753
1564,386881753
1555,386886753
1570,386891753
1611,386896753
1620,386901753
1608,386906753
1630,386911753
1665,386916753
1669,386921753
1648,386926753
1665,386931753
1718,386936753
1716,386941753
1685,386946753
1698,386951753
1715,386956753
1723,386961753
1693,386966753
1710,386971753
1741,386976753
1738,386981753
1700,386986756
1711,386991753
1750,386996753
1753,387001753
1717,387006753
1722,387011753
1760,387016753
1769,387021753
1749,387026753
1771,387031753
1800,387036753
1809,387041753
1784,387046753
1786,387051753
1818,387056753
1821,387061753
1797,387066753
1785,387071753
1827,387076753
1825,387081753
1805,387086753
1817,387091753
1851,387096753
1841,387101753
1826,387106753
1848,387111753
1889,387116753
1896,387121753
1857,387126753
1860,387131753
1876,387136756
1892,387141753
1868,387146753
1900,387151753
1955,387156753
1969,387161753
1955,387166753
1998,387171753
2045,387176753
2034,387181753
2007,387186753
2003,387191753
1977,387196753
1925,387201753
1857,387206753
1831,387211753
1850,387216753
1848,387221753
1792,387226753
1802,387231753
1846,387236753
1836,387241753
1807,387246753
1818,387251753
1858,387256753
1868,387261753
1837,387266753
1847,387271753
1874,387276753
1895,387281753
1877,387286753
1866,387291753
1887,387296753
2066,387301753
2481,387306753
3244,387311753
3871,387316753
4041,387321753
4085,387326753
3568,387331753
2148,387336753
1225,387341753
788,387346753
690,387351753
956,387356753
1186,387361753
1302,387366753
1400,387371753
1484,387376753
1520,387381753
1557,387386753
1579,387391753
1644,387396753
1665,387401753
1672,387406753
1686,387411753
1732,387416753
1751,387421753
1750,387426753
1768,387431753
1819,387436753
1848,387441753
1813,387446753
1835,387451753
1872,387456753
1896,387461753
1902,387466753
1903,387471753
1944,387476753
1953,387481753
1956,387486753
1983,387491753
2017,387496753
2053,387501753
2037,387506753
2067,387511753
2127,387516753
2144,387521753
2141,387526753
2192,387531753
2270,387536753
2307,387541753
2333,387546753
2373,387551753
2445,387556753
2474,387561753
2466,387566753
2494,387571753
2539,387576753
2533,387581753
2520,387586753
2521,387591753
2501,387596753
2434,387601753
2329,387606753
2224,387611753
2114,387616753
1975,387621753
1797,387626755
1669,387631755
1583,387636753
1482,387641753
1378,387646753
1322,387651753
1307,387656753
1294,387661753
1277,387666753
1291,387671753
1344,387676753
1354,387681753
1356,387686753
1387,387691753
1436,387696753
1472,387701753
1468,387706753
1504,387711753
1529,387716753
1558,387721753
1556,387726753
1569,387731753
1605,387736753
1628,387741753
1617,387746753
1642,387751753
1678,387756755
1685,387761754
1675,387766754
1682,387771753
1707,387776753
1706,387781753
1679,387786753
1703,387791753
1748,387796753
1746,387801753
1726,387806753
1733,387811753
1757,387816753
1747,387821753
1711,387826753
1714,387831753
1750,387836753
1758,387841753
1735,387846753
1746,387851753
1785,387856753
1765,387861753
1763,387866753
1760,387871753
1788,387876753
1787,387881753
1764,387886753
1772,387891753
1804,387896753
1820,387901753
1802,387906753
1819,387911753
1855,387916753
1861,387921753
1839,387926753
1842,387931753
1866,387936753
1884,387941753
1861,387946753
1868,387951753
1898,387956753
1901,387961753
1885,387966753
1881,387971754
1911,387976756
1903,387981753
1880,387986753
1889,387991753
1914,387996753
1907,388001753
1888,388006753
1914,388011753
1945,388016753
1936,388021753
1905,388026753
1900,388031753
1926,388036753
1933,388041753
1943,388046753
1965,388051753
2027,388056753
2059,388061753
2050,388066753
2013,388071753
2034,388076753
2035,388081753
1963,388086753
1916,388091753
1909,388096753
1871,388101753
1826,388106753
1815,388111753
1843,388116753
1835,388121753
1820,388126753
1832,388131753
1853,388136753
1849,388141753
1836,388146753
1843,388151753
1879,388156753
1894,388161753
1865,388166753
1871,388171753
1900,388176753
1863,388181753
1903,388186753
2227,388191753
2811,388196753
3641,388201753
3979,388206753
4065,388211753
4091,388216753
3032,388221753
1646,388226753
916,388231753
710,388236753
881,388241753
1106,388246753
1223,388251753
1355,388256754
1434,388261756
1462,388266753
1491,388271753
1549,388276753
1580,388281753
1583,388286753
1613,388291753
1657,388296753
1660,388301753
1649,388306753
1675,388311753
1718,388316753
1716,388321753
1729,388326753
1764,388331753
1798,388336753
1822,388341753
1826,388346753
1852,388351753
1888,388356753
1914,388361753
1908,388366753
1929,388371753
1968,388376753
1996,388381753
1988,388386753
2013,388391753
2056,388396753
2092,388401753
2101,388406753
2131,388411753
2192,388416753
2229,388421753
2244,388426753
2288,388431753
2351,388436753
2386,388441753
2401,388446753
2435,388451753
2489,388456753
2506,388461753
2498,388466753
2508,388471753
2531,388476753
2507,388481753
2438,388486753
2367,388491753
2287,388496753
2165,388501753
2006,388506753
1857,388511753
1747,388516753
1606,388521753
1464,388526753
1367,388531753
1332,388536753
1294,388541753
1229,388546753
1208,388551753
1238,388556753
1263,388561753
1275,388566753
1280,388571753
1327,388576753
1359,388581753
1366,388586753
1409,388591753
1471,388596753
1497,388601753
1487,388606753
1513,388611753
1556,388616753
1576,388621753
1571,388626753
1588,388631753
1625,388636753
1626,388641753
1616,388646753
1623,388651753
1651,388656753
1666,388661753
1645,388666753
1655,388671753
1691,388676753
1707,388681753
1690,388686753
1686,388691753
1701,388696753
1703,388701753
1681,388706753
1693,388711753
1730,388716753
1749,388721753
1715,388726753
1720,388731753
1754,388736753
1754,388741753
1745,388746753
1762,388751753
1785,388756753
1794,388761753
1766,388766753
1770,388771755
1809,388776753
1812,388781753
1781,388786753
1789,388791753
1824,388796753
1832,388801753
1816,388806753
1818,388811753
1848,388816753
1855,388821753
1829,388826753
1824,388831753
1854,388836753
1855,388841753
1830,388846753
1831,388851753
1858,388856753
1854,388861753
1836,388866753
1846,388871753
1879,388876753
1882,388881753
1848,388886753
1855,388891753
1890,388896753
1892,388901753
1874,388906753
1865,388911753
1905,388916753
1908,388921753
1892,388926753
1893,388931753
1913,388936753
1918,388941753
1933,388946753
1959,388951753
1992,388956753
2018,388961753
2026,388966753
2009,388971755
2017,388976753
2021,388981753
1978,388986753
1925,388991753
1902,388996753
1857,389001753
1817,389006753
1818,389011753
1849,389016753
1857,389021753
1824,389026753
1811,389031753
1853,389036753
1850,389041753
1822,389046753
1820,389051753
1857,389056753
1885,389061753
1885,389066753
1893,389071753
1926,389076753
1897,389081753
1845,389086753
2027,389091753
2483,389096753
3210,389101753
3859,389106753
4036,389111753
4086,389116753
3791,389121753
2301,389126753
1247,389131753
807,389136753
770,389141753
978,389146753
1164,389151753
1288,389156753
1386,389161753
1416,389166753
1446,389171753
1492,389176753
1520,389181753
1537,389186753
1579,389191753
1622,389196753
1664,389201753
1647,389206753
1650,389211753
1708,389216753
1733,389221753
1722,389226753
1740,389231753
1786,389236753
1805,389241753
1805,389246753
1827,389251753
1861,389256753
1877,389261753
1884,389266755
1905,389271754
1947,389276753
1974,389281753
1976,389286753
2015,389291753
2058,389296753
2100,389301753
2104,389306753
2130,389311753
2180,389316753
2216,389321753
2236,389326755
2276,389331756
2353,389336753
2398,389341753
2411,389346753
2447,389351753
2511,389356753
2527,389361753
2522,389366753
2532,389371753
2553,389376753
2550,389381753
2513,389386753
2446,389391753
2368,389396753
2247,389401753
2097,389406753
1957,389411753
1834,389416753
1706,389421753
1562,389426753
1433,389431753
1383,389436753
1315,389441753
1254,389446753
1227,389451753
1243,389456753
1249,389461753
1249,389466753
1258,389471753
1328,389476753
1352,389481753
1341,389486753
1364,389491753
1419,389496753
1465,389501753
1457,389506753
1473,389511753
1530,389516753
1564,389521753
1548,389526753
1570,389531753
1598,389536753
1620,389541753
1609,389546753
1607,389551753
1633,389556753
1638,389561753
1622,389566753
1628,389571753
1658,389576753
1657,389581753
1648,389586753
1646,389591753
1693,389596753
1688,389601753
1676,389606753
1675,389611753
1720,389616753
1733,389621753
1708,389626753
1698,389631753
1736,389636753
1740,389641753
1729,389646753
1732,389651753
1759,389656753
1766,389661753
1747,389666753
1756,389671753
1781,389676753
1790,389681753
1774,389686753
1786,389691753
1820,389696753
1813,389701753
1781,389706753
1775,389711753
1791,389716753
1826,389721753
1808,389726753
1810,389731753
1843,389736753
1838,389741753
1830,389746753
1833,389751753
1872,389756753
1868,389761753
1859,389766753
1852,389771753
1867,389776753
1857,389781753
1863,389786753
1866,389791753
1896,389796753
1896,389801753
1877,389806753
1879,389811753
1896,389816753
1918,389821753
1910,389826753
1937,389831753
1976,389836753
2001,389841753
2019,389846753
1988,389851753
2003,389856753
2011,389861753
1966,389866753
1908,389871753
1887,389876753
1846,389881753
1824,389886753
1820,389891753
1832,389896753
1821,389901753
1803,389906753
1816,389911753
1844,389916753
1861,389921753
1842,389926753
1836,389931753
1871,389936753
1875,389941753
1863,389946753
1888,389951753
1916,389956753
1858,389961756
1848,389966753
2105,389971753
2645,389976753
3487,389981753
3939,389986753
4057,389991753
4090,389996753
3111,390001753
1799,390006753
1073,390011753
700,390016753
768,390021753
1001,390026753
1206,390031753
1355,390036753
1461,390041753
1485,390046753
1517,390051753
1582,390056753
1619,390061753
1622,390066753
1649,390071753
1691,390076753
1716,390081753
1713,390086753
1737,390091753
1777,390096753
1811,390101753
1796,390106753
1814,390111753
1847,390116753
1855,390121753
1856,390126753
1874,390131753
1913,390136753
1938,390141753
1930,390146753
1942,390151753
1984,390156753
2016,390161753
2009,390166753
2017,390171753
2065,390176753
2096,390181753
2100,390186753
2141,390191753
2197,390196753
2238,390201753
2250,390206753
2279,390211753
2353,390216753
2414,390221753
2429,390226753
2453,390231753
2519,390236753
2528,390241753
2519,390246753
2495,390251753
2547,390256753
2529,390261753
2472,390266753
2406,390271753
2348,390276753
2229,390281753
2072,390286753
1920,390291753
1796,390296753
1683,390301753
1540,390306753
1431,390311753
1385,390316753
1352,390321753
1283,390326753
1257,390331753
1275,390336753
1282,390341757
1292,390346754
1306,390351754
1365,390356753
1381,390361753
1390,390366753
1414,390371753
1450,390376753
1490,390381753
1506,390386753
1530,390391753
1572,390396753
1602,390401753
1606,390406753
1610,390411753
1646,390416753
1659,390421753
1644,390426753
1648,390431753
1677,390436753
1696,390441753
1680,390446753
1684,390451753
1722,390456753
1744,390461753
1724,390466753
1722,390471753
1734,390476753
1745,390481753
1732,390486753
1737,390491753
1752,390496753
1777,390501753
1726,390506753
1716,390511753
1751,390516753
1768,390521753
1767,390526753
1768,390531753
1808,390536753
1814,390541753
1800,390546753
1793,390551753
1821,390556753
1824,390561753
1810,390566753
1803,390571753
1839,390576753
1851,390581753
1842,390586753
1836,390591753
1861,390596753
1878,390601753
1867,390606753
1859,390611753
1881,390616753
1891,390621753
1876,390626753
1874,390631753
1904,390636753
1900,390641753
1873,390646753
1888,390651753
1945,390656753
1983,390661753
1984,390666753
2009,390671753
2062,390676753
2048,390681753
2020,390686753
2022,390691753
2033,390696753
2000,390701753
1910,390706753
1846,390711753
1853,390716753
1852,390721753
1816,390726753
1812,390731753
1845,390736753
1856,390741753
1837,390746753
1832,390751753
1854,390756753
1869,390761753
1841,390766753
1851,390771753
1895,390776753
1911,390781753
1901,390786753
1875,390791753
1868,390796753
2020,390801753
2415,390806753
3122,390811753
3830,390816753
4029,390821753
4083,390826755
3808,390831755
2340,390836754
1295,390841753
781,390846753
692,390851753
963,390856753
1209,390861753
1305,390866753
1384,390871753
1469,390876753
1501,390881753
1514,390886753
1546,390891753
1595,390896753
1631,390901753
1636,390906753
1662,390911753
1697,390916753
1717,390921753
1691,390926756
1695,390931755
1752,390936754
1769,390941754
1767,390946753
1787,390951754
1835,390956756
1875,390961753
1859,390966753
1875,390971753
1909,390976753
1932,390981753
1939,390986753
1958,390991753
1993,390996753
2030,391001753
2035,391006753
2061,391011753
2109,391016753
2160,391021753
2171,391026753
2206,391031753
2260,391036753
2292,391041753
2323,391046753
2371,391051753
2434,391056753
2472,391061753
2478,391066753
2491,391071753
2522,391076753
2548,391081753
2526,391086753
2510,391091753
2510,391096753
2448,391101753
2320,391106753
2190,391111753
2093,391116753
1962,391121753
1795,391126753
1653,391131753
1538,391136753
1441,391141753
1342,391146753
1282,391151753
1268,391156753
1262,391161753
1248,391166753
1245,391171753
1276,391176753
1307,391181753
1311,391186753
1347,391191753
1408,391196753
1427,391201753
1429,391206753
1448,391211753
1494,391216753
1525,391221753
1522,391226753
1544,391231753
1585,391236753
1605,391241753
1600,391246753
1601,391251753
1635,391256753
1645,391261753
1634,391266753
1639,391271753
1679,391276753
1688,391281753
1680,391286753
1668,391291753
1690,391296753
1695,391301753
1665,391306753
1665,391311753
1698,391316753
1715,391321753
1694,391326753
1699,391331753
1743,391336753
1762,391341753
1736,391346753
1727,391351753
1759,391356753
1757,391361753
1726,391366753
1737,391371753
1765,391376753
1785,391381753
1759,391386753
1770,391391753
1812,391396753
1821,391401753
1801,391406753
1794,391411753
1827,391416753
1832,391421753
1828,391426756
1830,391431755
1853,391436754
1861,391441753
1829,391446753
1808,391451753
1861,391456753
1868,391461753
1838,391466753
1843,391471753
1873,391476753
1876,391481753
1860,391486753
1858,391491753
1878,391496753
1866,391501753
1861,391506753
1881,391511753
1928,391516753
1960,391521753
1970,391526753
2019,391531753
2048,391536753
2031,391541753
2015,391546753
1994,391551753
1981,391556753
1926,391561753
1863,391566753
1834,391571753
1846,391576753
1835,391581753
1801,391586753
1792,391591753
1829,391596753
1850,391601753
1831,391606753
1809,391611753
1850,391616753
1860,391621753
1864,391626753
1863,391631753
1892,391636753
1916,391641753
1875,391646753
1841,391651753
2000,391656753
2404,391661753
3064,391666753
3798,391671753
4021,391676753
4074,391681753
3908,391686753
2467,391691753
1350,391696753
834,391701753
715,391706753
936,391711753
1176,391716753
1290,391721753
1354,391726753
1399,391731753
1450,391736753
1491,391741753
1504,391746753
1530,391751753
1580,391756753
1622,391761753
1629,391766753
1650,391771753
1697,391776753
1715,391781753
1709,391786753
1724,391791753
1762,391796753
1793,391801753
1789,391806753
1814,391811753
1856,391816753
1872,391821753
1879,391826753
1881,391831753
1918,391836753
1935,391841753
1926,391846753
1948,391851753
2000,391856753
2028,391861753
2035,391866753
2060,391871753
2113,391876753
2154,391881753
2168,391886753
2207,391891753
2276,391896753
2329,391901753
2355,391906753
2385,391911753
2453,391916753
2493,391921753
2494,391926753
2497,391931753
2535,391936753
2548,391941753
2515,391946759
2479,391951753
2460,391956753
2382,391961753
2249,391966753
2105,391971753
1996,391976753
1866,391981753
1695,391986753
1560,391991753
1459,391996753
1368,392001753
1289,392006753
1247,392011753
1248,392016753
1251,392021753
1234,392026753
1253,392031753
1296,392036753
1340,392041753
1339,392046753
1347,392051753
1404,392056753
1446,392061753
1443,392066753
1452,392071753
1503,392076753
1551,392081753
1536,392086753
1560,392091753
1602,392096753
1622,392101753
1616,392106753
1638,392111753
1670,392116753
1686,392121753
1670,392126753
1666,392131753
1712,392136753
1707,392141753
1683,392146753
1684,392151753
1717,392156753
1720,392161753
1698,392166753
1704,392171753
1733,392176753
1737,392181753
1716,392186753
1704,392191753
1745,392196753
1748,392201753
1728,392206753
1745,392211753
1776,392216753
1784,392221753
1747,392226753
1763,392231753
1789,392236753
1800,392241753
1772,392246753
1761,392251753
1792,392256753
1818,392261753
1801,392266753
1804,392271753
1839,392276753
1856,392281753
1816,392286753
1817,392291753
1856,392296753
1868,392301753
1848,392306753
1836,392311753
1861,392316753
1878,392321753
1854,392326753
1850,392331753
1888,392336753
1892,392341753
1864,392346753
1857,392351753
1885,392356753
1903,392361753
1894,392366753
1915,392371753
1958,392376753
1986,392381753
1987,392386753
2009,392391753
2005,392396753
1996,392401753
1957,392406753
1939,392411753
1910,392416753
1885,392421753
1824,392426757
1802,392431754
1840,392436753
1857,392441753
1840,392446753
1823,392451753
1847,392456753
1860,392461753
1839,392466753
1828,392471753
1857,392476753
1873,392481753
1844,392486753
1847,392491753
1876,392496753
1891,392501753
1844,392506753
1830,392511753
2090,392516753
2574,392521753
3362,392526754
3907,392531753
4050,392536755
4088,392541753
3336,392546753
1957,392551753
1158,392556753
772,392561753
724,392566753
946,392571753
1186,392576753
1317,392581753
1392,392586753
1417,392591753
1475,392596753
1520,392601753
1537,392606753
1572,392611753
1620,392616753
1657,392621753
1659,392626753
1675,392631753
1723,392636753
1737,392641753
1732,392646753
1747,392651753
1804,392656753
1825,392661753
1823,392666753
1816,392671753
1860,392676753
1874,392681753
1887,392686753
1905,392691753
1941,392696753
1970,392701753
1981,392706753
1993,392711753
2035,392716753
2070,392721753
2074,392726753
2086,392731753
2115,392736753
2174,392741753
2205,392746753
2202,392751753
2307,392756753
2365,392761753
2363,392766753
2392,392771753
2459,392776753
2493,392781753
2501,392786753
2520,392791753
2547,392796753
2572,392801753
2538,392806753
2483,392811753
2432,392816753
2360,392821753
2214,392826753
2072,392831753
1960,392836753
1834,392841753
1682,392846753
1558,392851753
1470,392856753
1396,392861753
1316,392866753
1277,392871753
1285,392876753
1290,392881753
1269,392886753
1282,392891753
1330,392896753
1360,392901753
1375,392906753
1389,392911753
1440,392916753
1478,392921753
1483,392926753
1511,392931753
1568,392936756
1605,392941753
1596,392946753
1594,392951753
1637,392956753
1658,392961753
1653,392966753
1651,392971753
1679,392976753
1673,392981753
1667,392986753
1657,392991753
1689,392996753
1704,393001753
1674,393006753
1684,393011753
1711,393016753
1729,393021753
1672,393026755
1685,393031756
1720,393036754
1738,393041753
1712,393046753
1707,393051753
1755,393056753
1776,393061753
1758,393066753
1765,393071753
1795,393076753
1801,393081753
1778,393086753
1774,393091753
1814,393096753
1834,393101753
1803,393106753
1793,393111753
1835,393116753
1861,393121753
1848,393126753
1829,393131753
1853,393136753
1887,393141753
1875,393146753
1877,393151753
1931,393156753
1963,393161753
1960,393166753
1988,393171753
2024,393176753
2014,393181753
1975,393186753
1963,393191753
1962,393196753
1926,393201753
1864,393206753
1836,393211753
1852,393216753
1848,393221753
1822,393226753
1833,393231753
1854,393236753
1867,393241753
1838,393246753
1859,393251753
1889,393256753
1894,393261753
1895,393266753
1910,393271753
1941,393276753
1952,393281753
1918,393286753
1873,393291753
1983,393296753
2339,393301753
2943,393306753
3732,393311753
4001,393316753
4072,393321753
4045,393326753
2672,393331753
1485,393336753
892,393341753
672,393346753
854,393351753
1133,393356753
1311,393361753
1399,393366753
1443,393371753
1490,393376753
1546,393381753
1561,393386753
1571,393391753
1612,393396753
1666,393401753
1680,393406753
1674,393411753
1714,393416753
1734,393421753
1748,393426753
1764,393431753
1807,393436753
1816,393441753
1814,393446753
1819,393451753
1855,393456753
1894,393461753
1879,393466753
1890,393471753
1931,393476753
1961,393481753
1972,393486753
1998,393491753
2037,393496753
2082,393501753
2070,393506753
2093,393511753
2142,393516753
2191,393521753
2213,393526754
2236,393531755
2289,393536753
2336,393541753
2364,393546753
2409,393551753
2464,393556753
2501,393561753
2502,393566753
2509,393571753
2537,393576753
2545,393581753
2526,393586753
2487,393591753
2435,393596753
2344,393601753
2205,393606753
2056,393611753
1929,393616753
1805,393621753
1656,393626753
1520,393631753
1448,393636753
1373,393641753
1309,393646753
1259,393651753
1264,393656753
1272,393661753
1273,393666753
1289,393671753
1333,393676753
1364,393681753
1372,393686753
1378,393691753
1436,393696753
1489,393701753
1490,393706753
1485,393711753
1528,393716753
1547,393721753
1564,393726753
1588,393731753
1621,393736753
1635,393741753
1626,393746753
1630,393751753
1647,393756753
1666,393761753
1664,393766753
1641,393771753
1663,393776753
1704,393781753
1697,393786753
1682,393791753
1717,393796753
1725,393801753
1691,393806753
1681,393811753
1706,393816753
1719,393821753
1697,393826753
1692,393831753
1721,393836753
1743,393841753
1726,393846753
1729,393851753
1755,393856753
1764,393861753
1748,393866753
1753,393871753
1784,393876753
1804,393881753
1771,393886753
1764,393891753
1796,393896753
1808,393901753
1795,393906753
1798,393911753
1821,393916753
1850,393921753
1830,393926753
1825,393931755
1854,393936756
1880,393941753
1876,393946753
1864,393951753
1873,393956753
1890,393961753
1933,393966753
1926,393971753
1978,393976753
2010,393981753
1951,393986753
1937,393991753
1968,393996753
1931,394001753
1883,394006753
1827,394011753
1821,394016753
1832,394021753
1795,394026755
1784,394031754
1815,394036753
1840,394041753
1829,394046753
1830,394051753
1852,394056753
1865,394061753
1853,394066753
1848,394071753
1878,394076753
1916,394081753
1908,394086753
1905,394091753
1886,394096753
1911,394101753
2158,394106753
2680,394111753
3521,394116753
3946,394121753
4060,394126755
4091,394131754
3348,394136754
1943,394141753
1046,394146753
689,394151753
806,394156753
1054,394161753
1202,394166753
1280,394171753
1391,394176753
1446,394181753
1465,394186753
1483,394191753
1527,394196753
1559,394201753
1575,394206753
1596,394211753
1641,394216753
1676,394221753
1677,394226753
1681,394231753
1719,394236753
1741,394241753
1744,394246753
1761,394251753
1797,394256753
1836,394261753
1835,394266753
1844,394271753
1879,394276753
1916,394281753
1909,394286753
1922,394291753
1966,394296753
2014,394301753
2016,394306753
2022,394311753
2062,394316753
2103,394321753
2130,394326753
2163,394331753
2228,394336753
2280,394341753
2313,394346753
2342,394351753
2412,394356753
2460,394361753
2475,394366753
2496,394371753
2531,394376753
2555,394381753
2538,394386753
2530,394391753
2530,394396753
2489,394401753
2398,394406753
2262,394411753
2149,394416753
2016,394421753
1863,394426753
1721,394431753
1602,394436753
1497,394441753
1387,394446753
1311,394451753
1287,394456753
1277,394461753
1238,394466753
1229,394471753
1241,394476753
1282,394481753
1312,394486753
1337,394491753
1378,394496753
1398,394501753
1432,394506753
1451,394511753
1492,394516753
1536,394521753
1543,394526753
1560,394531753
1607,394536753
1637,394541753
1618,394546753
1621,394551753
1650,394556753
1675,394561753
1662,394566753
1647,394571753
1669,394576753
1690,394581753
1677,394586753
1669,394591753
1696,394596753
1709,394601753
1700,394606753
1689,394611753
1711,394616753
1712,394621753
1673,394626756
1677,394631755
1727,394636753
1745,394641753
1734,394646753
1723,394651753
1748,394656753
1768,394661753
1759,394666753
1760,394671753
1785,394676753
1804,394681753
1787,394686753
1785,394691753
1807,394696753
1829,394701753
1814,394706753
1807,394711753
1819,394716753
1831,394721753
1826,394726753
1818,394731753
1853,394736753
1862,394741753
1861,394746753
1844,394751753
1876,394756753
1900,394761753
1927,394766753
1950,394771753
1983,394776753
2019,394781753
1976,394786753
1947,394791753
1978,394796753
1965,394801753
1892,394806753
1829,394811753
1816,394816753
1823,394821753
1804,394826753
1802,394831753
1813,394836753
1823,394841753
1819,394846753
1810,394851753
1832,394856753
1852,394861753
1832,394866753
1829,394871753
1862,394876753
1878,394881753
1886,394886753
1883,394891753
1883,394896753
1871,394901753
1993,394906753
2376,394911753
3085,394916753
3814,394921753
4024,394926756
4081,394931753
3901,394936753
2480,394941753
1367,394946753
824,394951753
717,394956753
921,394961753
1133,394966753
1257,394971753
1377,394976753
1430,394981753
1451,394986753
1485,394991753
1528,394996753
1574,395001753
1595,395006753
1612,395011753
1657,395016753
1683,395021753
1670,395026753
1677,395031753
1734,395036753
1738,395041753
1744,395046753
1744,395051753
1786,395056753
1819,395061753
1806,395066753
1833,395071753
1870,395076753
1902,395081753
1905,395086753
1918,395091753
1963,395096753
1999,395101753
2014,395106753
2024,395111753
2060,395116753
2109,395121753
2099,395126754
2116,395131755
2182,395136754
2237,395141753
2279,395146753
2322,395151753
2379,395156753
2441,395161753
2451,395166753
2473,395171753
2531,395176753
2568,395181753
2551,395186753
2544,395191753
2526,395196753
2493,395201753
2395,395206753
2277,395211753
2169,395216753
2065,395221753
1902,395226753
1748,395231753
1622,395236753
1517,395241753
1411,395246753
1326,395251753
1302,395256753
1288,395261753
1259,395266753
1236,395271753
1278,395276753
1320,395281753
1305,395286753
1315,395291753
1374,395296753
1403,395301753
1416,395306753
1450,395311753
1498,395316753
1538,395321753
1544,395326753
1546,395331753
1587,395336753
1631,395341753
1635,395346753
1629,395351753
1657,395356753
1675,395361753
1676,395366753
1682,395371753
1708,395376753
1707,395381753
1692,395386753
1686,395391753
1710,395396753
1723,395401753
1694,395406753
1677,395411753
1700,395416753
1721,395421753
1719,395426753
1721,395431753
1750,395436753
1777,395441753
1748,395446753
1736,395451753
1753,395456753
1776,395461753
1761,395466753
1757,395471753
1793,395476753
1804,395481753
1789,395486753
1779,395491753
1806,395496753
1824,395501753
1811,395506753
1812,395511753
1832,395516753
1857,395521753
1856,395526753
1886,395531753
1920,395536753
1958,395541753
1979,395546753
1988,395551753
1979,395556753
1976,395561753
1964,395566753
1932,395571753
1901,395576753
1875,395581753
1828,395586753
1802,395591753
1805,395596753
1829,395601753
1827,395606753
1817,395611753
1834,395616753
1852,395621753
1829,395626755
1839,395631755
1865,395636753
1888,395641753
1884,395646753
1881,395651753
1928,395656753
1941,395661753
1913,395666753
1853,395671753
1983,395676753
2365,395681753
3004,395686753
3765,395691753
4012,395696753
4078,395701753
3878,395706753
2413,395711753
1390,395716753
878,395721753
634,395726753
778,395731753
1082,395736753
1307,395741753
1399,395746753
1492,395751753
1560,395756753
1590,395761756
1602,395766754
1621,395771753
1665,395776753
1688,395781753
1690,395786753
1721,395791753
1763,395796753
1792,395801753
1772,395806753
1782,395811753
1820,395816753
1852,395821753
1858,395826753
1861,395831753
1903,395836753
1936,395841753
1937,395846753
1959,395851753
1990,395856753
2014,395861753
2006,395866753
2017,395871753
2053,395876753
2115,395881753
2114,395886753
2132,395891753
2177,395896753
2208,395901753
2219,395906753
2243,395911753
2309,395916756
2372,395921753
2397,395926753
2417,395931753
2464,395936753
2501,395941753
2513,395946753
2516,395951753
2542,395956753
2565,395961753
2519,395966753
2446,395971753
2392,395976753
2304,395981753
2172,395986753
2028,395991753
1902,395996753
1760,396001753
1625,396006753
1513,396011753
1433,396016753
1381,396021753
1311,396026753
1284,396031753
1305,396036753
1327,396041753
1326,396046753
1328,396051753
1377,396056753
1414,396061753
1429,396066753
1448,396071753
1489,396076753
1539,396081753
1558,396086753
1557,396091753
1590,396096753
1614,396101753
1622,396106753
1617,396111753
1656,396116753
1690,396121753
1659,396126753
1652,396131753
1678,396136753
1696,396141753
1685,396146753
1680,396151753
1696,396156753
1713,396161753
1693,396166753
1682,396171753
1723,396176753
1751,396181753
1737,396186753
1714,396191753
1735,396196753
1760,396201753
1753,396206753
1745,396211753
1764,396216753
1774,396221753
1761,396226753
1753,396231753
1780,396236753
1793,396241753
1790,396246753
1787,396251753
1811,396256753
1815,396261753
1796,396266753
1784,396271753
1833,396276753
1830,396281756
1819,396286753
1805,396291753
1827,396296753
1848,396301753
1827,396306753
1829,396311753
1871,396316753
1925,396321753
1941,396326753
1941,396331753
1987,396336753
2005,396341753
1983,396346753
1967,396351753
1977,396356753
1958,396361753
1879,396366753
1814,396371753
1801,396376753
1807,396381753
1804,396386753
1813,396391753
1832,396396753
1836,396401753
1819,396406753
1813,396411753
1841,396416753
1861,396421753
1857,396426753
1855,396431753
1883,396436753
1905,396441753
1906,396446753
1877,396451753
1846,396456753
1944,396461753
2280,396466753
2851,396471753
3684,396476753
3988,396481753
4070,396486753
4094,396491753
2949,396496753
1610,396501753
859,396506753
649,396511753
859,396516753
1111,396521753
1235,396526753
1327,396531753
1413,396536753
1470,396541753
1481,396546753
1488,396551753
1525,396556753
1568,396561753
1581,396566753
1597,396571753
1642,396576753
1679,396581753
1693,396586753
1709,396591753
1737,396596753
1771,396601753
1759,396606753
1772,396611753
1807,396616753
1844,396621753
1849,396626753
1861,396631753
1889,396636753
1922,396641753
1931,396646753
1937,396651753
1963,396656753
2007,396661753
2018,396666753
2049,396671753
2086,396676753
2136,396681753
2163,396686753
2194,396691753
2251,396696753
2296,396701753
2335,396706753
2369,396711753
2432,396716753
2484,396721753
2498,396726753
2496,396731753
2527,396736753
2553,396741753
2539,396746753
2507,396751753
2475,396756757
2424,396761754
2308,396766754
2177,396771753
2052,396776753
1934,396781753
1763,396786753
1609,396791753
1497,396796753
1423,396801753
1347,396806753
1259,396811753
1237,396816753
1253,396821753
1242,396826753
1239,396831753
1264,396836753
1309,396841753
1315,396846753
1328,396851753
1376,396856753
1393,396861753
1410,396866753
1427,396871753
1463,396876753
1504,396881753
1515,396886753
1529,396891753
1581,396896753
1603,396901753
1599,396906753
1585,396911756
1618,396916753
1657,396921753
1657,396926753
1646,396931753
1664,396936753
1683,396941753
1684,396946753
1669,396951753
1690,396956753
1703,396961753
1707,396966753
1692,396971753
1703,396976753
1725,396981753
1729,396986753
1720,396991753
1743,396996753
1759,397001753
1744,397006753
1733,397011753
1757,397016753
1784,397021753
1772,397026753
1758,397031753
1792,397036753
1804,397041753
1784,397046753
1763,397051753
1784,397056753
1807,397061753
1798,397066753
1783,397071753
1810,397076753
1844,397081753
1833,397086753
1822,397091753
1856,397096753
1880,397101753
1880,397106753
1869,397111753
1881,397116753
1893,397121753
1884,397126753
1872,397131753
1888,397136753
1938,397141753
1953,397146753
1952,397151753
1995,397156753
2043,397161753
1997,397166753
1974,397171753
2000,397176753
2002,397181753
1933,397186753
1872,397191753
1830,397196753
1849,397201753
1834,397206753
1819,397211753
1836,397216753
1841,397221753
1810,397226753
1806,397231753
1831,397236753
1856,397241753
1844,397246753
1833,397251753
1854,397256753
1889,397261753
1889,397266753
1859,397271754
1864,397276755
1882,397281753
1861,397286753
2062,397291753
2538,397296753
3361,397301753
3902,397306753
4050,397311753
4087,397316753
3623,397321753
2131,397326755
1124,397331756
721,397336754
770,397341753
1000,397346753
1173,397351753
1286,397356753
1394,397361753
1432,397366753
1450,397371753
1499,397376753
1552,397381753
1569,397386753
1591,397391753
1620,397396753
1665,397401753
1661,397406753
1672,397411753
1700,397416753
1734,397421753
1733,397426753
1735,397431753
1774,397436753
1817,397441753
1829,397446753
1832,397451753
1848,397456753
1876,397461753
1891,397466753
1908,397471753
1942,397476753
1978,397481753
1992,397486753
2003,397491753
2044,397496753
2093,397501753
2106,397506753
2117,397511753
2173,397516753
2227,397521753
2253,397526753
2283,397531753
2347,397536753
2426,397541753
2450,397546753
2470,397551753
2501,397556753
2540,397561753
2539,397566753
2530,397571753
2546,397576753
2541,397581753
2499,397586753
2395,397591753
2288,397596753
2180,397601753
2029,397606753
1868,397611753
1724,397616753
1618,397621753
1489,397626753
1373,397631753
1318,397636753
1288,397641753
1249,397646753
1229,397651753
1246,397656753
1293,397661753
1300,397666753
1289,397671753
1322,397676753
1362,397681753
1384,397686753
1404,397691753
1449,397696753
1497,397701753
1518,397706753
1517,397711753
1551,397716753
1590,397721753
1595,397726753
1574,397731753
1643,397736753
1678,397741753
1670,397746753
1659,397751753
1661,397756753
1688,397761753
1697,397766753
1680,397771753
1695,397776753
1682,397781753
1681,397786753
1674,397791753
1678,397796753
1711,397801753
1712,397806753
1696,397811753
1720,397816753
1741,397821753
1724,397826755
1694,397831754
1724,397836753
1759,397841753
1765,397846753
1764,397851753
1786,397856753
1803,397861753
1795,397866753
1785,397871753
1798,397876753
1807,397881753
1819,397886753
1811,397891753
1822,397896753
1863,397901753
1842,397906755
1821,397911753
1850,397916753
1870,397921753
1865,397926753
1855,397931753
1866,397936753
1873,397941753
1880,397946753
1856,397951753
1866,397956753
1887,397961753
1884,397966753
1860,397971753
1881,397976753
1910,397981753
1902,397986753
1883,397991753
1898,397996753
1926,398001753
1904,398006753
1904,398011753
1917,398016753
1938,398021753
1922,398026753
1895,398031753
1900,398036753
1929,398041753
1914,398046753
1917,398051753
1961,398056753
2013,398061753
2003,398066753
2022,398071753
2074,398076753
2069,398081753
2041,398086753
2014,398091753
1991,398096753
1949,398101753
1885,398106753
1834,398111753
1836,398116753
1843,398121753
1831,398126753
1827,398131753
1866,398136753
1874,398141753
1863,398146753
1842,398151753
1851,398156753
1867,398161753
1883,398166753
1869,398171753
1881,398176753
1918,398181753
1927,398186753
1909,398191753
1874,398196753
1956,398201753
2271,398206753
2831,398211753
3660,398216753
3983,398221753
4069,398226753
4088,398231753
2914,398236753
1633,398241753
939,398246753
677,398251753
833,398256753
1105,398261753
1253,398266753
1337,398271753
1409,398276753
1462,398281753
1496,398286753
1509,398291753
1558,398296753
1596,398301753
1602,398306753
1618,398311753
1661,398316753
1701,398321753
1699,398326754
1720,398331756
1750,398336754
1782,398341753
1784,398346753
1786,398351753
1811,398356753
1864,398361753
1875,398366753
1892,398371753
1914,398376753
1954,398381753
1968,398386753
1956,398391753
1977,398396753
2015,398401753
2028,398406753
2020,398411753
2068,398416753
2127,398421753
2138,398426753
2149,398431753
2205,398436753
2269,398441753
2310,398446753
2343,398451753
2408,398456753
2456,398461753
2466,398466753
2477,398471753
2505,398476753
2543,398481753
2542,398486753
2519,398491753
2523,398496753
2526,398501753
2426,398506753
2308,398511753
2200,398516753
2078,398521753
1926,398526753
1761,398531753
1634,398536753
1532,398541753
1418,398546753
1329,398551753
1290,398556753
1287,398561753
1282,398566753
1265,398571753
1267,398576753
1294,398581753
1300,398586753
1302,398591753
1356,398596753
1410,398601753
1434,398606753
1438,398611753
1474,398616753
1510,398621753
1543,398626753
1545,398631753
1575,398636753
1600,398641753
1604,398646753
1601,398651753
1620,398656753
1640,398661753
1642,398666753
1646,398671753
1651,398676753
1658,398681753
1659,398686753
1634,398691753
1653,398696753
1671,398701753
1673,398706753
1663,398711753
1670,398716753
1708,398721753
1702,398726753
1674,398731753
1691,398736753
1732,398741753
1730,398746753
1714,398751753
1734,398756753
1757,398761753
1751,398766753
1734,398771753
1745,398776753
1767,398781753
1761,398786753
1743,398791753
1752,398796753
1800,398801753
1814,398806753
1809,398811753
1829,398816753
1854,398821753
1828,398826753
1818,398831756
1842,398836754
1869,398841753
1878,398846753
1862,398851753
1866,398856753
1900,398861753
1897,398866753
1861,398871753
1897,398876753
1945,398881753
1950,398886753
1946,398891753
1988,398896753
2039,398901755
2018,398906753
1996,398911753
2025,398916753
2036,398921753
1967,398926754
1890,398931755
1843,398936753
1866,398941753
1840,398946753
1824,398951753
1827,398956753
1855,398961753
1854,398966753
1835,398971753
1836,398976753
1872,398981753
1872,398986753
1856,398991753
1888,398996753
1915,399001753
1911,399006753
1895,399011753
1914,399016753
1893,399021753
1910,399026753
2152,399031753
2698,399036753
3554,399041753
3956,399046753
4064,399051753
4090,399056753
3011,399061753
1707,399066753
969,399071753
641,399076753
750,399081753
1027,399086753
1241,399091753
1372,399096753
1491,399101753
1519,399106753
1528,399111753
1572,399116753
1618,399121753
1646,399126753
1642,399131753
1677,399136753
1713,399141753
1728,399146753
1730,399151753
1761,399156753
1785,399161753
1795,399166753
1797,399171753
1807,399176753
1851,399181753
1873,399186753
1868,399191753
1888,399196753
1922,399201753
1937,399206753
1933,399211753
1959,399216753
2005,399221753
2036,399226753
2041,399231753
2064,399236753
2112,399241753
2122,399246753
2169,399251753
2172,399256753
2230,399261753
2282,399266753
2312,399271753
2368,399276753
2426,399281753
2460,399286753
2463,399291753
2478,399296753
2517,399301753
2522,399306753
2523,399311753
2531,399316753
2536,399321753
2481,399326753
2380,399331753
2281,399336753
2159,399341753
2011,399346753
1846,399351753
1722,399356753
1600,399361753
1480,399366753
1377,399371753
1333,399376753
1318,399381753
1281,399386753
1262,399391753
1278,399396753
1321,399401753
1331,399406753
1346,399411753
1372,399416753
1425,399421753
1452,399426754
1448,399431755
1490,399436753
1525,399441753
1545,399446753
1541,399451753
1576,399456753
1612,399461753
1631,399466753
1637,399471753
1642,399476753
1688,399481753
1674,399486753
1653,399491753
1689,399496753
1706,399501753
1700,399506753
1681,399511753
1706,399516753
1737,399521753
1730,399526753
1710,399531753
1711,399536753
1743,399541753
1750,399546753
1719,399551753
1714,399556753
1737,399561753
1742,399566753
1717,399571753
1725,399576753
1757,399581753
1762,399586753
1734,399591753
1743,399596753
1778,399601753
1776,399606753
1755,399611753
1804,399616753
1791,399621753
1794,399626753
1782,399631753
1787,399636753
1806,399641753
1808,399646753
1797,399651753
1814,399656753
1847,399661753
1836,399666753
1830,399671753
1833,399676753
1861,399681753
1856,399686753
1844,399691753
1850,399696753
1881,399701753
1878,399706753
1860,399711753
1878,399716753
1893,399721753
1870,399726753
1851,399731753
1863,399736753
1894,399741753
1889,399746753
1843,399751753
1887,399756753
1943,399761753
1964,399766753
1964,399771753
2038,399776753
2039,399781753
2005,399786753
1987,399791753
2006,399796753
1990,399801753
1921,399806753
1868,399811753
1833,399816753
1840,399821753
1832,399826753
1797,399831753
1808,399836753
1834,399841753
1821,399846753
1802,399851753
1816,399856753
1853,399861753
1857,399866753
1844,399871753
1854,399876753
1892,399881753
1885,399886753
1859,399891753
1837,399896756
1915,399901753
2218,399906753
2766,399911753
3607,399916753
3968,399921753
4065,399926754
4092,399931755
3082,399936753
1708,399941753
938,399946753
667,399951753
826,399956753
1095,399961753
1234,399966753
1313,399971753
1393,399976753
1451,399981753
1478,399986753
1478,399991753
1520,399996753
1569,400001753
1602,400006753
1607,400011753
1628,400016753
1666,400021753
1682,400026753
1687,400031753
1714,400036753
1752,400041753
1773,400046753
1771,400051753
1787,400056753
1823,400061753
1834,400066753
1844,400071753
1871,400076753
1908,400081753
1931,400086753
1927,400091753
1957,400096753
2003,400101753
2013,400106753
2020,400111753
2062,400116753
2108,400121753
2132,400126753
2142,400131753
2189,400136753
2261,400141753
2305,400146753
2342,400151753
2393,400156753
2450,400161753
2476,400166753
2488,400171753
2509,400176753
2548,400181753
2549,400186753
2512,400191753
2505,400196753
2491,400201753
2416,400206753
2275,400211753
2158,400216753
2044,400221753
1890,400226753
1716,400231753
1577,400236753
1467,400241753
1375,400246753
1317,400251753
1249,400256753
1247,400261753
1232,400266753
1215,400271753
1234,400276753
1280,400281753
1285,400286753
1292,400291753
1335,400296753
1394,400301753
1424,400306753
1435,400311753
1481,400316753
1524,400321753
1548,400326753
1540,400331753
1561,400336753
1613,400341753
1625,400346753
1611,400351753
1626,400356753
1669,400361753
1678,400366753
1663,400371753
1674,400376753
1694,400381753
1675,400386753
1663,400391753
1669,400396753
1694,400401753
1702,400406753
1683,400411753
1681,400416753
1709,400421753
1727,400426753
1672,400431756
1687,400436753
1736,400441753
1741,400446753
1729,400451753
1727,400456753
1744,400461753
1741,400466753
1734,400471753
1748,400476753
1768,400481753
1778,400486753
1765,400491753
1772,400496753
1797,400501753
1795,400506753
1788,400511753
1802,400516753
1837,400521753
1834,400526755
1821,400531756
1828,400536754
1863,400541753
1872,400546753
1854,400551753
1841,400556753
1869,400561753
1854,400566753
1827,400571753
1836,400576753
1882,400581753
1878,400586753
1844,400591753
1840,400596753
1871,400601753
1904,400606753
1920,400611753
1937,400616753
1979,400621753
2016,400626753
1995,400631753
1978,400636753
1983,400641753
1983,400646753
1931,400651753
1881,400656753
1860,400661753
1829,400666753
1789,400671753
1794,400676753
1816,400681753
1801,400686753
1794,400691753
1805,400696753
1838,400701753
1849,400706753
1830,400711753
1843,400716753
1883,400721753
1887,400726753
1871,400731753
1891,400736753
1896,400741753
1838,400746753
1967,400751753
2396,400756753
3131,400761753
3832,400766753
4029,400771753
4082,400776753
3811,400781753
2358,400786753
1285,400791753
790,400796753
704,400801753
916,400806753
1108,400811753
1238,400816753
1362,400821753
1423,400826753
1441,400831753
1464,400836753
1530,400841753
1576,400846753
1572,400851753
1596,400856753
1644,400861753
1653,400866753
1651,400871753
1681,400876753
1722,400881754
1752,400886756
1748,400891753
1762,400896753
1805,400901753
1812,400906753
1806,400911753
1821,400916753
1866,400921753
1907,400926753
1916,400931753
1943,400936753
1977,400941753
1992,400946753
2001,400951753
2015,400956753
2067,400961753
2094,400966753
2096,400971753
2133,400976753
2199,400981753
2237,400986753
2255,400991753
2309,400996753
2336,401001753
2384,401006753
2404,401011753
2442,401016753
2494,401021753
2505,401026755
2504,401031755
2509,401036754
2523,401041753
2490,401046753
2424,401051753
2339,401056753
2246,401061753
2110,401066753
1948,401071753
1797,401076753
1691,401081753
1565,401086753
1449,401091753
1373,401096753
1325,401101753
1289,401106753
1251,401111753
1240,401116753
1292,401121753
1295,401126753
1303,401131753
1341,401136753
1392,401141753
1410,401146753
1411,401151753
1449,401156753
1498,401161753
1533,401166753
1533,401171753
1560,401176753
1609,401181753
1614,401186753
1617,401191753
1630,401196753
1656,401201753
1683,401206753
1669,401211753
1676,401216753
1695,401221753
1700,401226753
1676,401231753
1692,401236753
1729,401241753
1718,401246753
1698,401251753
1703,401256753
1720,401261753
1716,401266753
1712,401271753
1723,401276753
1760,401281753
1770,401286753
1764,401291753
1763,401296753
1775,401301753
1777,401306753
1747,401311753
1756,401316753
1783,401321753
1793,401326753
1786,401331753
1799,401336753
1825,401341753
1835,401346753
1806,401351753
1813,401356753
1843,401361753
1841,401366753
1828,401371753
1833,401376753
1866,401381753
1858,401386753
1842,401391753
1842,401396753
1888,401401753
1922,401406753
1930,401411753
1954,401416753
2024,401421753
2036,401426753
2000,401431753
2008,401436753
2032,401441753
1998,401446753
1919,401451753
1875,401456753
1856,401461753
1845,401466753
1821,401471753
1817,401476753
1842,401481753
1859,401486753
1845,401491753
1844,401496753
1880,401501753
1876,401506753
1847,401511753
1851,401516753
1898,401521753
1932,401526753
1915,401531753
1910,401536756
1900,401541753
1954,401546753
2210,401551753
2774,401556753
3621,401561753
3973,401566753
4067,401571753
4087,401576753
2885,401581753
1660,401586753
967,401591753
687,401596753
812,401601753
1076,401606753
1270,401611753
1383,401616753
1488,401621753
1525,401626753
1533,401631753
1571,401636753
1633,401641753
1655,401646753
1654,401651753
1676,401656753
1719,401661753
1749,401666753
1736,401671753
1753,401676753
1801,401681753
1801,401686753
1789,401691753
1797,401696753
1835,401701753
1856,401706753
1845,401711753
1867,401716753
1912,401721753
1923,401726753
1928,401731753
1946,401736753
2002,401741753
2025,401746753
2004,401751753
2069,401756753
2112,401761753
2125,401766753
2148,401771753
2194,401776753
2251,401781753
2288,401786753
2309,401791753
2361,401796753
2435,401801753
2453,401806753
2475,401811753
2503,401816753
2564,401821753
2570,401826753
2540,401831753
2522,401836753
2518,401841753
2468,401846753
2359,401851753
2238,401856753
2130,401861753
1989,401866753
1829,401871753
1686,401876756
1584,401881753
1484,401886753
1390,401891753
1343,401896753
1334,401901753
1310,401906753
1277,401911753
1274,401916753
1301,401921753
1325,401926753
1334,401931753
1359,401936753
1414,401941753
1452,401946753
1453,401951753
1478,401956753
1526,401961753
1563,401966753
1562,401971753
1587,401976753
1628,401981753
1649,401986753
1640,401991753
1655,401996753
1692,402001753
1697,402006753
1673,402011753
1670,402016753
1700,402021753
1702,402026753
1679,402031756
1697,402036754
1732,402041754
1738,402046753
1713,402051753
1701,402056753
1725,402061753
1737,402066753
1712,402071753
1712,402076753
1742,402081753
1731,402086753
1710,402091753
1716,402096753
1749,402101753
1754,402106753
1733,402111753
1738,402116753
1791,402121753
1795,402126756
1749,402131754
1763,402136753
1797,402141753
1821,402146753
1810,402151753
1806,402156753
1829,402161753
1832,402166753
1825,402171753
1825,402176753
1845,402181753
1845,402186753
1821,402191753
1835,402196753
1866,402201753
1867,402206753
1830,402211753
1833,402216753
1850,402221753
1860,402226753
1866,402231753
1899,402236753
1950,402241753
1960,402246753
1985,402251753
1989,402256753
2001,402261753
1992,402266753
1970,402271753
1938,402276753
1909,402281753
1873,402286753
1832,402291753
1826,402296753
1820,402301753
1820,402306753
1811,402311753
1811,402316753
1827,402321753
1844,402326753
1831,402331753
1840,402336753
1869,402341753
1876,402346753
1865,402351753
1886,402356753
1912,402361753
1870,402366753
1813,402371753
1999,402376753
2478,402381753
3232,402386753
3866,402391753
4038,402396753
4085,402401753
3756,402406753
2260,402411753
1223,402416753
799,402421753
761,402426753
984,402431753
1182,402436753
1305,402441753
1384,402446753
1395,402451753
1436,402456753
1498,402461753
1549,402466753
1548,402471753
1563,402476753
1617,402481753
1638,402486753
1648,402491753
1659,402496753
1728,402501753
1724,402506753
1718,402511753
1735,402516753
1785,402521753
1805,402526753
1799,402531753
1825,402536753
1855,402541753
1875,402546753
1877,402551753
1902,402556753
1947,402561753
1973,402566753
1972,402571753
1994,402576753
2044,402581753
2076,402586753
2080,402591753
2102,402596753
2171,402601753
2213,402606753
2232,402611753
2280,402616753
2349,402621753
2388,402626755
2407,402631755
2453,402636753
2502,402641753
2524,402646753
2513,402651753
2506,402656753
2548,402661753
2517,402666753
2454,402671753
2394,402676753
2316,402681753
2200,402686753
2036,402691753
1901,402696753
1780,402701753
1655,402706753
1507,402711753
1396,402716753
1344,402721753
1287,402726753
1222,402731753
1204,402736753
1225,402741753
1244,402746753
1241,402751753
1276,402756753
1339,402761753
1380,402766753
1388,402771753
1426,402776753
1453,402781753
1489,402786753
1498,402791753
1524,402796753
1577,402801753
1595,402806753
1583,402811753
1601,402816753
1639,402821753
1650,402826753
1651,402831753
1667,402836753
1692,402841753
1706,402846753
1690,402851753
1694,402856753
1709,402861753
1714,402866753
1690,402871755
1694,402876753
1732,402881753
1744,402886753
1715,402891753
1718,402896753
1760,402901753
1757,402906753
1745,402911753
1740,402916753
1772,402921753
1783,402926753
1760,402931753
1746,402936753
1776,402941753
1788,402946753
1770,402951753
1782,402956753
1813,402961753
1823,402966753
1813,402971753
1805,402976753
1837,402981753
1843,402986753
1820,402991753
1835,402996753
1863,403001753
1862,403006753
1841,403011753
1849,403016753
1863,403021753
1873,403026753
1856,403031753
1862,403036753
1891,403041753
1918,403046753
1886,403051753
1908,403056753
1953,403061753
1963,403066753
1969,403071753
2024,403076753
2036,403081753
2019,403086753
1993,403091753
1977,403096753
1964,403101753
1919,403106753
1862,403111753
1834,403116753
1835,403121753
1835,403126754
1822,403131755
1822,403136753
1853,403141753
1854,403146753
1833,403151753
1837,403156753
1876,403161753
1892,403166753
1876,403171753
1878,403176753
1923,403181753
1946,403186753
1908,403191753
1869,403196753
2031,403201753
2443,403206753
3112,403211753
3820,403216753
4025,403221753
4081,403226753
3899,403231753
2465,403236753
1384,403241753
881,403246753
761,403251753
977,403256753
1198,403261753
1307,403266753
1369,403271753
1417,403276753
1461,403281753
1511,403286753
1528,403291753
1547,403296753
1612,403301753
1635,403306753
1625,403311753
1650,403316753
1690,403321753
1722,403326753
1723,403331753
1734,403336753
1781,403341753
1808,403346753
1801,403351753
1818,403356753
1852,403361753
1882,403366753
1878,403371753
1905,403376753
1949,403381753
1962,403386753
1960,403391753
1979,403396753
2023,403401753
2050,403406753
2053,403411753
2072,403416753
2145,403421753
2180,403426753
2184,403431753
2216,403436753
2286,403441753
2327,403446753
2354,403451753
2406,403456753
2468,403461753
2497,403466753
2498,403471753
2508,403476753
2548,403481753
2550,403486753
2500,403491753
2480,403496753
2441,403501753
2337,403506753
2193,403511753
2034,403516753
1914,403521753
1793,403526753
1636,403531753
1514,403536753
1440,403541753
1369,403546753
1310,403551753
1273,403556753
1282,403561753
1284,403566753
1266,403571753
1278,403576753
1281,403581753
1313,403586753
1328,403591753
1355,403596753
1429,403601753
1474,403606753
1459,403611753
1473,403616753
1525,403621753
1553,403626753
1554,403631753
1567,403636753
1601,403641754
1633,403646756
1620,403651754
1633,403656753
1684,403661753
1691,403666753
1672,403671753
1671,403676753
1701,403681753
1714,403686753
1678,403691753
1665,403696753
1701,403701753
1710,403706753
1683,403711753
1698,403716753
1712,403721753
1711,403726753
1709,403731753
1716,403736753
1742,403741753
1781,403746753
1753,403751753
1752,403756753
1788,403761753
1797,403766753
1750,403771755
1745,403776756
1787,403781754
1781,403786753
1765,403791753
1770,403796753
1807,403801753
1832,403806753
1814,403811753
1820,403816753
1839,403821753
1857,403826753
1832,403831753
1820,403836753
1837,403841753
1843,403846753
1858,403851753
1891,403856753
1936,403861756
1967,403866753
1992,403871753
1998,403876753
2017,403881753
2028,403886753
1989,403891753
1930,403896753
1891,403901753
1868,403906753
1837,403911753
1824,403916753
1827,403921753
1841,403926753
1819,403931753
1812,403936753
1846,403941753
1853,403946753
1833,403951753
1840,403956753
1860,403961753
1870,403966753
1881,403971753
1890,403976753
1931,403981753
1949,403986753
1882,403991753
1880,403996753
2132,404001753
2679,404006753
3506,404011753
3941,404016753
4058,404021753
4090,404026753
3047,404031753
1757,404036753
1063,404041753
716,404046753
681,404051753
928,404056753
1203,404061753
1362,404066753
1458,404071753
1517,404076753
1583,404081753
1609,404086753
1617,404091753
1641,404096753
1700,404101753
1714,404106753
1724,404111753
1739,404116753
1789,404121753
1819,404126753
1793,404131753
1808,404136753
1834,404141753
1855,404146753
1847,404151753
1872,404156753
1901,404161753
1922,404166753
1931,404171753
1944,404176753
1992,404181753
2022,404186753
2021,404191753
2039,404196753
2072,404201753
2081,404206753
2078,404211753
2103,404216753
2163,404221753
2211,404226753
2229,404231753
2280,404236753
2335,404241753
2374,404246753
2384,404251753
2402,404256755
2478,404261754
2520,404266754
2524,404271753
2541,404276753
2570,404281753
2578,404286753
2529,404291753
2452,404296753
2377,404301753
2282,404306753
2136,404311753
1984,404316753
1862,404321753
1734,404326753
1575,404331753
1454,404336753
1382,404341753
1314,404346753
1252,404351753
1240,404356753
1257,404361753
1253,404366753
1258,404371753
1273,404376753
1314,404381753
1361,404386753
1378,404391753
1400,404396753
1457,404401753
1491,404406753
1502,404411753
1522,404416753
1553,404421753
1593,404426753
1579,404431753
1587,404436753
1632,404441753
1649,404446753
1644,404451753
1636,404456753
1670,404461753
1680,404466753
1659,404471753
1651,404476753
1674,404481753
1688,404486753
1664,404491753
1668,404496753
1708,404501753
1726,404506753
1704,404511753
1693,404516753
1735,404521753
1748,404526753
1724,404531753
1732,404536753
1769,404541753
1784,404546753
1784,404551753
1784,404556753
1802,404561753
1830,404566753
1803,404571753
1784,404576753
1801,404581753
1817,404586753
1798,404591753
1808,404596753
1824,404601753
1829,404606753
1813,404611753
1833,404616753
1888,404621753
1927,404626753
1915,404631753
1943,404636753
2022,404641753
2030,404646753
1993,404651753
1981,404656753
2001,404661753
1965,404666753
1896,404671753
1856,404676753
1859,404681753
1847,404686753
1800,404691753
1783,404696753
1810,404701753
1821,404706753
1790,404711753
1808,404716753
1834,404721753
1863,404726753
1827,404731753
1842,404736753
1897,404741753
1915,404746753
1915,404751753
1886,404756755
1869,404761754
1998,404766754
2389,404771753
3008,404776753
3779,404781753
4015,404786753
4078,404791753
4008,404796753
2566,404801753
1383,404806753
791,404811753
625,404816753
867,404821753
1135,404826753
1267,404831753
1358,404836753
1454,404841753
1509,404846753
1525,404851753
1553,404856756
1598,404861753
1637,404866753
1642,404871753
1670,404876753
1715,404881753
1731,404886753
1733,404891753
1746,404896753
1783,404901753
1805,404906753
1803,404911753
1814,404916753
1867,404921753
1903,404926753
1895,404931753
1904,404936753
1941,404941753
1970,404946753
1962,404951753
1969,404956753
2006,404961753
2037,404966753
2036,404971753
2075,404976753
2129,404981753
2160,404986753
2185,404991753
2211,404996753
2283,405001753
2310,405006753
2328,405011753
2369,405016753
2436,405021753
2470,405026753
2473,405031753
2489,405036753
2529,405041753
2543,405046753
2509,405051753
2496,405056753
2469,405061753
2392,405066753
2252,405071753
2121,405076753
2017,405081753
1897,405086753
1739,405091753
1603,405096753
1499,405101753
1421,405106753
1331,405111753
1271,405116753
1273,405121753
1278,405126753
1238,405131753
1247,405136753
1286,405141753
1316,405146753
1319,405151753
1357,405156753
1411,405161753
1449,405166753
1449,405171753
1460,405176753
1506,405181753
1541,405186753
1541,405191753
1557,405196753
1606,405201753
1631,405206753
1626,405211753
1635,405216753
1663,405221753
1682,405226753
1665,405231753
1669,405236753
1695,405241753
1705,405246753
1693,405251753
1691,405256753
1727,405261753
1736,405266753
1717,405271753
1712,405276753
1726,405281753
1714,405286753
1728,405291755
1727,405296754
1760,405301754
1782,405306753
1770,405311753
1752,405316753
1779,405321753
1776,405326754
1748,405331755
1758,405336753
1792,405341753
1811,405346753
1784,405351753
1777,405356753
1809,405361753
1822,405366753
1800,405371753
1779,405376753
1818,405381753
1850,405386753
1831,405391753
1832,405396753
1864,405401753
1879,405406753
1871,405411753
1860,405416753
1874,405421753
1871,405426753
1867,405431753
1884,405436753
1927,405441753
1961,405446753
1967,405451753
1994,405456753
2034,405461753
2012,405466753
1979,405471753
1978,405476753
1972,405481753
1922,405486753
1870,405491753
1828,405496753
1852,405501753
1837,405506753
1806,405511753
1789,405516753
1827,405521753
1833,405526753
1806,405531753
1813,405536753
1835,405541753
1857,405546753
1849,405551753
1861,405556753
1892,405561753
1910,405566753
1885,405571753
1835,405576753
1865,405581753
2123,405586753
2618,405591753
3462,405596753
3933,405601753
4055,405606753
4088,405611753
3419,405616753
1945,405621753
1028,405626753
672,405631753
773,405636753
1045,405641753
1218,405646753
1293,405651753
1346,405656753
1404,405661753
1432,405666753
1463,405671753
1478,405676753
1539,405681753
1586,405686753
1589,405691753
1615,405696753
1660,405701753
1680,405706753
1690,405711753
1697,405716753
1738,405721753
1771,405726753
1763,405731753
1773,405736753
1811,405741753
1841,405746753
1833,405751753
1850,405756753
1895,405761753
1930,405766753
1934,405771753
1938,405776753
1988,405781753
2023,405786753
2026,405791753
2038,405796753
2092,405801753
2136,405806753
2137,405811753
2182,405816753
2254,405821753
2276,405826757
2330,405831755
2373,405836753
2440,405841753
2481,405846753
2494,405851755
2501,405856756
2526,405861753
2538,405866753
2522,405871753
2498,405876753
2477,405881753
2402,405886753
2263,405891753
2105,405896753
1988,405901753
1859,405906753
1702,405911753
1569,405916753
1478,405921753
1405,405926753
1325,405931753
1265,405936753
1254,405941753
1252,405946753
1248,405951753
1247,405956753
1280,405961753
1309,405966753
1317,405971753
1340,405976753
1396,405981753
1426,405986753
1435,405991753
1451,405996753
1490,406001753
1525,406006753
1538,406011753
1564,406016753
1613,406021753
1632,406026753
1628,406031753
1631,406036753
1654,406041753
1672,406046753
1660,406051753
1656,406056753
1670,406061753
1695,406066753
1683,406071753
1678,406076753
1702,406081753
1712,406086753
1695,406091753
1678,406096753
1696,406101753
1707,406106753
1692,406111753
1695,406116753
1725,406121753
1742,406126753
1726,406131753
1718,406136753
1743,406141753
1753,406146753
1736,406151753
1735,406156753
1762,406161753
1791,406166753
1772,406171753
1769,406176753
1792,406181753
1809,406186753
1791,406191753
1794,406196753
1832,406201753
1853,406206753
1838,406211753
1826,406216753
1849,406221753
1862,406226753
1861,406231753
1851,406236753
1882,406241753
1886,406246753
1864,406251753
1862,406256753
1886,406261753
1906,406266753
1884,406271753
1872,406276753
1916,406281753
1967,406286753
1969,406291753
1979,406296753
2045,406301753
2055,406306753
2012,406311753
1999,406316753
2003,406321753
1973,406326756
1903,406331753
1861,406336753
1854,406341753
1849,406346753
1816,406351753
1795,406356753
1823,406361753
1841,406366753
1834,406371753
1830,406376753
1856,406381753
1872,406386753
1850,406391753
1841,406396753
1873,406401753
1890,406406753
1882,406411753
1883,406416753
1898,406421753
1868,406426753
2052,406431753
2522,406436753
3320,406441753
3893,406446753
4044,406451753
4086,406456753
3666,406461753
2174,406466753
1167,406471753
722,406476753
757,406481753
1029,406486753
1199,406491753
1283,406496753
1377,406501753
1429,406506753
1450,406511753
1460,406516753
1517,406521753
1565,406526753
1557,406531753
1576,406536753
1636,406541753
1670,406546753
1661,406551753
1662,406556753
1704,406561753
1748,406566753
1755,406571753
1769,406576753
1802,406581753
1813,406586753
1822,406591753
1841,406596753
1892,406601753
1924,406606753
1921,406611753
1928,406616753
1966,406621753
2000,406626753
2004,406631753
2006,406636753
2059,406641753
2105,406646753
2116,406651753
2135,406656753
2205,406661753
2251,406666753
2277,406671753
2306,406676753
2390,406681753
2444,406686753
2456,406691753
2469,406696753
2507,406701753
2534,406706753
2514,406711753
2499,406716753
2499,406721753
2469,406726753
2375,406731753
2269,406736753
2168,406741753
2037,406746753
1875,406751753
1719,406756753
1617,406761753
1498,406766753
1386,406771753
1315,406776753
1289,406781753
1279,406786753
1252,406791753
1236,406796753
1260,406801753
1285,406806753
1288,406811753
1304,406816753
1352,406821753
1401,406826753
1415,406831753
1422,406836757
1480,406841753
1528,406846755
1543,406851756
1544,406856753
1590,406861753
1614,406866753
1603,406871753
1608,406876753
1640,406881753
1669,406886753
1657,406891753
1657,406896753
1683,406901753
1695,406906753
1675,406911753
1668,406916753
1688,406921753
1690,406926754
1691,406931756
1688,406936754
1706,406941753
1721,406946753
1710,406951753
1697,406956753
1741,406961753
1754,406966753
1740,406971753
1733,406976753
1758,406981753
1770,406986753
1756,406991753
1764,406996753
1789,407001753
1778,407006753
1788,407011753
1788,407016753
1803,407021753
1819,407026753
1796,407031753
1793,407036753
1810,407041753
1834,407046753
1824,407051753
1799,407056753
1840,407061753
1856,407066753
1848,407071753
1843,407076753
1862,407081753
1890,407086753
1889,407091753
1888,407096753
1905,407101753
1917,407106753
1901,407111753
1859,407116753
1897,407121753
1958,407126753
1947,407131753
1949,407136753
1998,407141753
2022,407146753
1978,407151753
1972,407156753
1988,407161753
1966,407166753
1902,407171753
1851,407176753
1817,407181753
1824,407186753
1810,407191753
1797,407196753
1838,407201753
1860,407206753
1821,407211753
1810,407216753
1859,407221753
1877,407226753
1853,407231753
1853,407236753
1903,407241753
1923,407246753
1908,407251753
1899,407256753
1891,407261753
1872,407266753
2018,407271753
2445,407276753
3188,407281753
3852,407286753
4034,407291753
4083,407296753
3662,407301753
2225,407306753
1259,407311753
783,407316753
672,407321753
905,407326753
1147,407331753
1276,407336753
1402,407341753
1486,407346753
1517,407351753
1528,407356753
1589,407361753
1636,407366753
1648,407371753
1668,407376753
1717,407381753
1742,407386753
1743,407391753
1744,407396753
1785,407401753
1802,407406753
1790,407411753
1805,407416753
1848,407421753
1866,407426754
1871,407431754
1882,407436754
1910,407441753
1952,407446753
1951,407451753
1963,407456753
1995,407461753
2020,407466753
2016,407471753
2048,407476753
2107,407481753
2131,407486753
2160,407491753
2160,407496753
2207,407501753
2250,407506753
2278,407511753
2322,407516753
2378,407521753
2444,407526753
2467,407531753
2481,407536753
2529,407541753
2554,407546753
2544,407551753
2531,407556753
2537,407561753
2512,407566753
2425,407571753
2304,407576753
2197,407581753
2074,407586753
1926,407591753
1782,407596753
1652,407601753
1533,407606753
1423,407611753
1338,407616753
1308,407621753
1291,407626753
1271,407631753
1267,407636753
1299,407641753
1339,407646753
1347,407651753
1345,407656753
1381,407661753
1435,407666753
1461,407671753
1464,407676753
1497,407681753
1529,407686753
1539,407691753
1543,407696753
1578,407701753
1624,407706753
1630,407711753
1615,407716753
1644,407721753
1704,407726753
1677,407731753
1668,407736753
1696,407741753
1716,407746753
1707,407751753
1691,407756753
1704,407761753
1720,407766753
1701,407771753
1710,407776753
1710,407781753
1746,407786753
1738,407791753
1716,407796753
1742,407801753
1764,407806753
1738,407811753
1726,407816753
1752,407821753
1778,407826753
1769,407831753
1761,407836753
1779,407841756
1819,407846753
1822,407851753
1792,407856753
1812,407861753
1832,407866753
1823,407871753
1811,407876753
1835,407881753
1867,407886753
1848,407891753
1835,407896753
1853,407901753
1870,407906753
1865,407911753
1841,407916753
1858,407921753
1884,407926755
1904,407931755
1912,407936753
1947,407941753
2000,407946753
2015,407951753
1990,407956753
2000,407961753
2023,407966753
1992,407971753
1932,407976753
1900,407981753
1883,407986753
1854,407991753
1828,407996753
1837,408001753
1849,408006753
1824,408011753
1819,408016753
1832,408021753
1844,408026753
1828,408031753
1833,408036753
1860,408041753
1894,408046753
1897,408051753
1895,408056753
1922,408061753
1920,408066753
1864,408071753
1978,408076753
2384,408081753
3077,408086753
3805,408091753
4022,408096753
4078,408101753
3936,408106753
2452,408111753
1320,408116753
796,408121753
676,408126753
887,408131753
1134,408136753
1306,408141753
1444,408146753
1492,408151753
1512,408156753
1554,408161753
1602,408166753
1630,408171753
1637,408176753
1665,408181753
1702,408186753
1695,408191753
1699,408196753
1754,408201753
1787,408206753
1775,408211753
1774,408216753
1793,408221753
1833,408226753
1841,408231753
1862,408236753
1888,408241753
1916,408246753
1907,408251753
1897,408256753
1938,408261753
1976,408266753
1991,408271753
2004,408276753
2048,408281753
2080,408286753
2085,408291753
2108,408296753
2161,408301753
2212,408306753
2242,408311753
2273,408316753
2322,408321753
2380,408326753
2414,408331753
2420,408336753
2462,408341753
2494,408346753
2512,408351753
2518,408356753
2535,408361753
2528,408366753
2476,408371753
2410,408376753
2325,408381753
2221,408386753
2078,408391753
1892,408396753
1762,408401753
1643,408406753
1510,408411753
1393,408416753
1333,408421753
1304,408426753
1282,408431753
1265,408436753
1262,408441757
1292,408446754
1298,408451753
1289,408456753
1348,408461753
1391,408466753
1400,408471753
1408,408476753
1444,408481753
1503,408486753
1526,408491753
1516,408496753
1562,408501753
1603,408506753
1623,408511753
1609,408516753
1638,408521753
1661,408526754
1657,408531755
1658,408536754
1683,408541753
1707,408546753
1692,408551753
1680,408556753
1709,408561753
1736,408566753
1714,408571753
1676,408576753
1684,408581753
1714,408586753
1694,408591753
1687,408596753
1721,408601753
1755,408606753
1749,408611753
1729,408616753
1748,408621753
1773,408626753
1773,408631753
1758,408636753
1765,408641753
1782,408646753
1782,408651753
1777,408656753
1805,408661753
1816,408666753
1801,408671753
1776,408676753
1807,408681753
1841,408686753
1830,408691753
1825,408696753
1861,408701753
1886,408706753
1866,408711753
1842,408716753
1876,408721753
1891,408726753
1886,408731753
1868,408736753
1880,408741753
1907,408746753
1891,408751753
1851,408756753
1868,408761753
1924,408766753
1929,408771753
1933,408776753
1968,408781753
2022,408786753
1997,408791753
1974,408796753
1994,408801753
2010,408806753
1957,408811753
1892,408816753
1857,408821753
1857,408826753
1842,408831754
1805,408836756
1803,408841753
1825,408846753
1804,408851753
1807,408856753
1842,408861753
1857,408866753
1861,408871753
1842,408876753
1882,408881753
1906,408886753
1888,408891753
1885,408896753
1884,408901753
1858,408906753
1923,408911753
2246,408916753
2859,408921753
3699,408926753
3995,408931753
4072,408936753
4088,408941753
2872,408946753
1544,408951753
840,408956753
684,408961753
915,408966753
1120,408971753
1222,408976753
1340,408981753
1412,408986753
1436,408991753
1449,408996753
1506,409001753
1563,409006753
1603,409011753
1597,409016753
1628,409021753
1662,409026753
1641,409031753
1666,409036756
1706,409041755
1753,409046753
1761,409051753
1753,409056753
1789,409061753
1819,409066753
1824,409071753
1835,409076753
1862,409081753
1910,409086753
1911,409091753
1916,409096753
1958,409101753
2006,409106753
2020,409111753
2014,409116753
2060,409121753
2101,409126753
2121,409131753
2134,409136753
2194,409141753
2249,409146753
2274,409151753
2293,409156753
2365,409161753
2437,409166753
2457,409171753
2469,409176753
2498,409181753
2525,409186753
2528,409191753
2516,409196753
2527,409201753
2513,409206753
2442,409211753
2338,409216753
2219,409221753
2105,409226753
1937,409231753
1781,409236753
1658,409241753
1568,409246753
1450,409251753
1343,409256753
1310,409261753
1301,409266753
1261,409271753
1250,409276753
1249,409281753
1288,409286753
1299,409291753
1314,409296753
1363,409301753
1406,409306753
1415,409311753
1424,409316753
1466,409321753
1494,409326753
1499,409331753
1500,409336753
1562,409341753
1599,409346753
1597,409351753
1577,409356753
1612,409361753
1655,409366753
1662,409371753
1653,409376753
1678,409381753
1694,409386753
1681,409391753
1674,409396753
1695,409401753
1712,409406753
1709,409411753
1699,409416753
1715,409421753
1720,409426753
1720,409431753
1710,409436753
1733,409441753
1762,409446753
1749,409451753
1736,409456753
1734,409461753
1758,409466753
1751,409471753
1736,409476753
1745,409481753
1778,409486753
1763,409491753
1750,409496753
1779,409501753
1789,409506753
1790,409511753
1776,409516753
1803,409521753
1823,409526756
1814,409531755
1804,409536753
1825,409541753
1853,409546753
1829,409551753
1808,409556753
1833,409561753
1860,409566753
1848,409571753
1838,409576753
1861,409581753
1878,409586753
1864,409591753
1835,409596753
1839,409601753
1875,409606753
1898,409611753
1900,409616753
1938,409621753
1984,409626753
2017,409631753
1999,409636753
1998,409641753
2013,409646753
1986,409651753
1914,409656753
1870,409661753
1853,409666753
1841,409671753
1811,409676753
1810,409681753
1829,409686753
1814,409691753
1793,409696753
1816,409701753
1850,409706753
1838,409711753
1827,409716753
1864,409721753
1887,409726753
1883,409731753
1871,409736753
1899,409741753
1918,409746753
1856,409751753
1910,409756753
2244,409761753
2869,409766753
3695,409771753
3992,409776753
4072,409781753
4056,409786753
2745,409791753
1521,409796753
903,409801753
686,409806753
828,409811753
1060,409816753
1237,409821755
1354,409826756
1435,409831753
1468,409836753
1522,409841753
1565,409846753
1577,409851753
1577,409856753
1611,409861753
1662,409866753
1683,409871753
1678,409876753
1717,409881753
1761,409886753
1766,409891753
1770,409896753
1792,409901753
1837,409906753
1839,409911753
1849,409916753
1878,409921753
1917,409926753
1932,409931753
1914,409936753
1957,409941753
1994,409946753
1993,409951753
1992,409956753
2035,409961753
2077,409966753
2089,409971753
2080,409976753
2133,409981753
2183,409986753
2204,409991753
2224,409996753
2285,410001753
2361,410006753
2402,410011753
2428,410016753
2471,410021753
2512,410026753
2502,410031753
2510,410036753
2477,410041757
2525,410046753
2506,410051753
2441,410056753
2375,410061753
2272,410066753
2128,410071753
1973,410076753
1854,410081753
1750,410086753
1605,410091753
1474,410096753
1408,410101753
1378,410106753
1328,410111753
1277,410116753
1265,410121753
1289,410126754
1286,410131754
1299,410136754
1341,410141753
1400,410146753
1420,410151753
1435,410156753
1469,410161753
1510,410166753
1540,410171753
1546,410176753
1579,410181753
1614,410186753
1618,410191753
1612,410196753
1623,410201753
1672,410206753
1660,410211753
1650,410216753
1685,410221753
1710,410226753
1703,410231753
1685,410236753
1708,410241753
1731,410246753
1726,410251753
1702,410256753
1723,410261753
1726,410266753
1720,410271753
1708,410276753
1703,410281753
1736,410286753
1737,410291753
1732,410296753
1757,410301753
1778,410306753
1764,410311753
1755,410316753
1792,410321753
1810,410326753
1802,410331753
1783,410336753
1800,410341753
1827,410346753
1820,410351753
1813,410356753
1835,410361753
1852,410366753
1844,410371753
1841,410376753
1848,410381753
1879,410386753
1877,410391753
1854,410396753
1876,410401753
1887,410406753
1900,410411753
1916,410416753
1955,410421753
1984,410426753
2010,410431753
2030,410436753
2029,410441753
2048,410446753
2025,410451753
1984,410456753
1950,410461753
1923,410466753
1866,410471753
1820,410476753
1836,410481753
1862,410486753
1853,410491753
1830,410496753
1808,410501753
1858,410506753
1854,410511753
1825,410516753
1845,410521753
1887,410526753
1900,410531753
1903,410536753
1924,410541753
1956,410546753
1918,410551753
1870,410556753
2017,410561753
2432,410566753
3095,410571753
3811,410576753
4022,410581753
4080,410586753
3928,410591753
2448,410596753
1338,410601753
816,410606753
682,410611753
893,410616753
1166,410621753
1316,410626756
1408,410631756
1466,410636754
1507,410641754
1550,410646753
1568,410651753
1577,410656753
1612,410661753
1645,410666753
1678,410671753
1688,410676753
1728,410681753
1756,410686753
1770,410691753
1771,410696753
1798,410701753
1845,410706753
1844,410711753
1849,410716753
1879,410721753
1921,410726753
1920,410731753
1920,410736753
1943,410741753
1985,410746753
2010,410751753
2015,410756753
2050,410761753
2096,410766753
2113,410771753
2118,410776753
2148,410781753
2191,410786753
2208,410791753
2234,410796753
2296,410801753
2360,410806753
2399,410811753
2420,410816756
2456,410821753
2502,410826753
2518,410831753
2499,410836753
2511,410841753
2532,410846753
2506,410851753
2456,410856753
2402,410861753
2321,410866753
2197,410871753
2034,410876753
1905,410881753
1789,410886753
1649,410891753
1513,410896753
1432,410901753
1376,410906753
1311,410911753
1253,410916753
1246,410921753
1266,410926753
1277,410931753
1283,410936753
1311,410941753
1364,410946753
1387,410951753
1388,410956753
1413,410961753
1451,410966753
1480,410971753
1495,410976753
1517,410981753
1566,410986753
1586,410991753
1569,410996753
1586,411001753
1619,411006753
1634,411011753
1621,411016753
1639,411021753
1675,411026753
1673,411031753
1670,411036753
1684,411041753
1700,411046753
1684,411051753
1664,411056753
1682,411061753
1715,411066753
1706,411071753
1688,411076753
1709,411081753
1743,411086753
1744,411091753
1730,411096753
1739,411101753
1772,411106753
1754,411111753
1743,411116753
1769,411121753
1775,411126754
1773,411131756
1771,411136754
1774,411141753
1793,411146753
1795,411151753
1777,411156753
1786,411161753
1821,411166753
1822,411171753
1801,411176753
1826,411181753
1852,411186753
1846,411191753
1829,411196753
1844,411201753
1862,411206753
1844,411211753
1819,411216753
1845,411221753
1865,411226753
1850,411231753
1835,411236753
1844,411241753
1875,411246753
1873,411251753
1840,411256753
1876,411261753
1933,411266753
1953,411271753
1963,411276753
2011,411281753
2049,411286753
2012,411291753
1974,411296753
1983,411301753
1968,411306753
1912,411311753
1851,411316753
1824,411321753
1840,411326753
1814,411331753
1790,411336753
1800,411341753
1824,411346753
1813,411351753
1787,411356753
1803,411361753
1829,411366753
1843,411371753
1830,411376753
1845,411381753
1896,411386753
1885,411391753
1878,411396753
1839,411401753
1956,411406753
2315,411411753
2925,411416753
3728,411421753
4001,411426753
4075,411431753
4051,411436753
2729,411441753
1520,411446753
922,411451753
711,411456753
901,411461753
1141,411466753
1252,411471753
1332,411476753
1400,411481753
1460,411486753
1488,411491753
1499,411496753
1528,411501753
1574,411506753
1594,411511753
1607,411516753
1629,411521753
1689,411526753
1703,411531753
1698,411536753
1734,411541753
1781,411546753
1784,411551753
1782,411556753
1808,411561753
1853,411566753
1859,411571753
1840,411576753
1880,411581753
1929,411586753
1925,411591753
1915,411596753
1953,411601753
2006,411606753
2022,411611753
2023,411616753
2063,411621753
2109,411626753
2135,411631753
2148,411636753
2189,411641757
2270,411646755
2326,411651753
2355,411656753
2398,411661753
2451,411666753
2478,411671753
2493,411676753
2512,411681753
2537,411686753
2516,411691753
2505,411696753
2505,411701753
2466,411706753
2359,411711753
2228,411716753
2114,411721753
1989,411726753
1829,411731753
1670,411736753
1560,411741753
1466,411746753
1385,411751753
1301,411756753
1267,411761753
1254,411766753
1235,411771753
1225,411776753
1253,411781757
1289,411786754
1313,411791754
1307,411796753
1352,411801753
1419,411806753
1435,411811756
1460,411816753
1483,411821753
1529,411826753
1529,411831753
1537,411836753
1568,411841753
1609,411846753
1618,411851753
1588,411856753
1609,411861753
1653,411866753
1650,411871753
1617,411876753
1631,411881753
1659,411886753
1674,411891753
1645,411896753
1648,411901753
1669,411906753
1674,411911753
1660,411916753
1670,411921753
1702,411926753
1702,411931753
1675,411936753
1694,411941753
1719,411946753
1715,411951753
1710,411956753
1728,411961753
1746,411966753
1756,411971753
1737,411976753
1754,411981753
1787,411986753
1783,411991753
1758,411996753
1774,412001753
1793,412006753
1796,412011753
1788,412016753
1801,412021753
1845,412026753
1853,412031753
1836,412036753
1830,412041753
1867,412046753
1869,412051753
1843,412056753
1853,412061753
1890,412066753
1874,412071753
1853,412076753
1853,412081753
1884,412086753
1899,412091753
1901,412096753
1937,412101753
2000,412106753
2024,412111753
1979,412116753
1984,412121753
2012,412126753
2002,412131753
1925,412136753
1871,412141753
1849,412146753
1829,412151753
1804,412156753
1813,412161753
1829,412166753
1837,412171753
1808,412176753
1825,412181753
1856,412186753
1863,412191753
1855,412196753
1853,412201753
1877,412206753
1871,412211753
1857,412216753
1875,412221753
1894,412226753
1875,412231753
1984,412236753
2372,412241753
3101,412246753
3826,412251753
4026,412256754
4083,412261756
3733,412266753
2298,412271753
1310,412276753
834,412281753
694,412286753
886,412291753
1130,412296753
1279,412301753
1399,412306753
1472,412311753
1496,412316753
1540,412321753
1612,412326753
1634,412331753
1630,412336753
1675,412341753
1725,412346753
1728,412351753
1714,412356753
1724,412361753
1779,412366753
1800,412371753
1784,412376753
1818,412381753
1859,412386753
1869,412391753
1858,412396753
1887,412401753
1930,412406753
1940,412411753
1925,412416753
1963,412421753
2013,412426753
2022,412431753
2016,412436753
2065,412441753
2126,412446753
2152,412451753
2156,412456753
2168,412461753
2221,412466753
2258,412471753
2262,412476753
2316,412481753
2388,412486753
2428,412491753
2439,412496753
2474,412501753
2510,412506753
2533,412511753
2516,412516753
2515,412521753
2532,412526753
2498,412531753
2419,412536753
2328,412541753
2240,412546753
2122,412551753
1966,412556753
1828,412561753
1721,412566753
1608,412571753
1478,412576753
1394,412581753
1353,412586753
1317,412591753
1284,412596753
1294,412601753
1337,412606753
1358,412611753
1344,412616753
1369,412621753
1420,412626753
1440,412631753
1446,412636753
1492,412641753
1548,412646753
1569,412651753
1570,412656753
1597,412661753
1640,412666753
1645,412671753
1631,412676753
1650,412681753
1680,412686753
1693,412691753
1678,412696753
1694,412701753
1710,412706753
1700,412711753
1675,412716753
1695,412721753
1723,412726753
1709,412731753
1683,412736753
1700,412741753
1736,412746753
1738,412751753
1730,412756753
1719,412761756
1749,412766753
1766,412771753
1736,412776753
1743,412781753
1773,412786753
1786,412791753
1775,412796753
1785,412801755
1807,412806756
1807,412811753
1785,412816753
1799,412821753
1826,412826753
1830,412831753
1813,412836753
1824,412841753
1852,412846753
1853,412851753
1838,412856753
1856,412861753
1881,412866753
1866,412871753
1844,412876753
1858,412881753
1891,412886753
1903,412891753
1878,412896753
1898,412901753
1953,412906753
1965,412911753
1964,412916753
2028,412921753
2061,412926753
2023,412931753
1988,412936753
1982,412941753
1975,412946753
1928,412951753
1860,412956753
1847,412961753
1852,412966753
1828,412971753
1810,412976753
1830,412981753
1860,412986753
1852,412991753
1815,412996753
1825,413001753
1858,413006753
1875,413011753
1851,413016753
1876,413021753
1911,413026753
1926,413031753
1894,413036753
1856,413041753
1985,413046753
2349,413051753
2961,413056753
3748,413061753
4006,413066753
4073,413071753
4046,413076753
2696,413081753
1456,413086753
847,413091753
669,413096753
897,413101753
1161,413106753
1293,413111753
1361,413116753
1416,413121753
1478,413126753
1515,413131753
1513,413136753
1553,413141753
1606,413146753
1636,413151753
1638,413156753
1642,413161753
1698,413166753
1718,413171753
1722,413176753
1741,413181753
1790,413186753
1794,413191753
1786,413196753
1808,413201753
1850,413206753
1852,413211753
1851,413216753
1880,413221753
1938,413226753
1965,413231753
1964,413236753
1976,413241753
2019,413246753
2051,413251753
2042,413256753
2081,413261753
2141,413266753
2179,413271753
2191,413276753
2222,413281753
2276,413286754
2327,413291753
2358,413296753
2428,413301753
2457,413306753
2479,413311753
2482,413316753
2495,413321753
2524,413326755
2523,413331754
2497,413336753
2463,413341753
2427,413346753
2324,413351753
2202,413356753
2078,413361753
1956,413366753
1808,413371753
1649,413376753
1520,413381753
1441,413386753
1363,413391753
1291,413396753
1265,413401753
1264,413406753
1241,413411753
1241,413416753
1254,413421753
1296,413426753
1325,413431753
1340,413436753
1382,413441753
1438,413446753
1456,413451753
1457,413456753
1477,413461753
1526,413466753
1542,413471753
1553,413476753
1569,413481753
1617,413486753
1633,413491753
1614,413496753
1634,413501753
1654,413506753
1668,413511753
1656,413516753
1658,413521753
1679,413526753
1678,413531753
1670,413536753
1689,413541753
1715,413546753
1714,413551753
1684,413556753
1688,413561753
1713,413566753
1715,413571753
1697,413576753
1714,413581753
1748,413586753
1753,413591753
1736,413596753
1747,413601753
1762,413606753
1758,413611753
1750,413616753
1758,413621753
1791,413626753
1794,413631753
1778,413636753
1791,413641753
1824,413646753
1820,413651753
1803,413656753
1806,413661753
1834,413666753
1829,413671753
1802,413676753
1812,413681753
1860,413686753
1856,413691753
1819,413696753
1833,413701753
1876,413706753
1879,413711753
1855,413716753
1827,413721753
1889,413726753
1884,413731753
1842,413736753
1864,413741753
1916,413746753
1945,413751753
1940,413756753
1971,413761753
2036,413766753
2029,413771753
2000,413776753
2008,413781753
2016,413786753
1947,413791753
1867,413796755
1820,413801756
1840,413806753
1836,413811753
1804,413816753
1796,413821753
1816,413826754
1827,413831753
1822,413836753
1820,413841753
1855,413846753
1849,413851753
1842,413856753
1875,413861753
1905,413866753
1918,413871753
1892,413876753
1858,413881753
1871,413886753
2090,413891753
2550,413896753
3340,413901753
3898,413906753
4046,413911753
4087,413916753
3565,413921753
2131,413926753
1178,413931753
737,413936753
752,413941753
1024,413946753
1209,413951753
1279,413956753
1358,413961753
1424,413966753
1464,413971753
1471,413976753
1489,413981753
1559,413986753
1599,413991753
1598,413996753
1621,414001753
1662,414006753
1696,414011753
1688,414016753
1709,414021753
1741,414026753
1768,414031753
1758,414036753
1782,414041753
1829,414046753
1849,414051753
1851,414056753
1881,414061753
1928,414066753
1950,414071753
1964,414076753
1971,414081753
2018,414086753
2036,414091753
2029,414096753
2064,414101753
2115,414106753
2146,414111753
2161,414116753
2218,414121753
2269,414126753
2294,414131753
2315,414136753
2366,414141753
2426,414146753
2455,414151753
2454,414156753
2477,414161753
2516,414166753
2526,414171753
2511,414176753
2508,414181753
2499,414186753
2413,414191753
2300,414196753
2195,414201753
2075,414206753
1938,414211753
1774,414216753
1636,414221753
1525,414226753
1416,414231753
1325,414236753
1272,414241753
1265,414246753
1255,414251753
1231,414256753
1249,414261753
1284,414266753
1305,414271753
1282,414276753
1327,414281753
1386,414286753
1414,414291753
1414,414296753
1453,414301753
1512,414306753
1529,414311753
1517,414316753
1541,414321753
1588,414326754
1584,414331756
1572,414336753
1599,414341753
1637,414346753
1633,414351753
1609,414356753
1619,414361753
1664,414366753
1675,414371753
1668,414376753
1672,414381753
1705,414386753
1696,414391753
1662,414396753
1676,414401753
1715,414406753
1717,414411753
1694,414416753
1695,414421753
1717,414426753
1725,414431753
1709,414436753
1712,414441753
1732,414446753
1740,414451753
1720,414456753
1733,414461753
1760,414466753
1762,414471753
1744,414476753
1744,414481753
1785,414486753
1801,414491753
1788,414496753
1805,414501753
1819,414506753
1828,414511753
1811,414516753
1830,414521753
1866,414526753
1889,414531753
1852,414536753
1858,414541753
1870,414546753
1859,414551753
1857,414556753
1880,414561753
1921,414566753
1953,414571753
1987,414576753
1988,414581753
2012,414586753
2021,414591753
1975,414596753
1924,414601753
1901,414606753
1875,414611753
1836,414616753
1811,414621753
1831,414626753
1840,414631753
1820,414636753
1851,414641753
1871,414646753
1870,414651753
1846,414656753
1851,414661753
1893,414666753
1910,414671753
1894,414676753
1905,414681753
1937,414686753
1906,414691753
1848,414696753
2033,414701753
2507,414706753
3261,414711753
3873,414716753
4035,414721753
4085,414726753
3480,414731753
2066,414736753
1221,414741753
813,414746753
666,414751753
877,414756753
1153,414761753
1340,414766753
1445,414771753
1490,414776753
1523,414781753
1590,414786753
1627,414791755
1635,414796756
1651,414801753
1693,414806753
1713,414811753
1718,414816753
1730,414821753
1775,414826754
1789,414831755
1785,414836753
1806,414841753
1854,414846753
1872,414851753
1861,414856753
1881,414861753
1923,414866753
1954,414871753
1956,414876753
1974,414881753
1998,414886753
2003,414891753
2005,414896753
2037,414901753
2094,414906753
2118,414911753
2113,414916753
2138,414921753
2194,414926756
2233,414931755
2249,414936753
2288,414941753
2359,414946753
2406,414951753
2432,414956753
2449,414961753
2499,414966753
2517,414971753
2498,414976753
2515,414981753
2553,414986753
2535,414991753
2473,414996753
2413,415001753
2330,415006753
2196,415011753
2043,415016753
1914,415021753
1800,415026753
1654,415031753
1507,415036753
1417,415041753
1382,415046753
1339,415051753
1296,415056753
1291,415061753
1314,415066753
1323,415071753
1320,415076753
1342,415081753
1401,415086753
1444,415091753
1446,415096753
1460,415101753
1516,415106753
1549,415111753
1546,415116753
1562,415121753
1607,415126753
1623,415131753
1611,415136753
1632,415141753
1670,415146753
1675,415151753
1661,415156753
1657,415161753
1699,415166753
1707,415171753
1673,415176753
1685,415181753
1706,415186753
1708,415191753
1691,415196753
1695,415201753
1729,415206753
1739,415211753
1722,415216753
1728,415221753
1770,415226753
1761,415231753
1752,415236753
1758,415241753
1778,415246753
1782,415251753
1759,415256753
1760,415261753
1801,415266753
1807,415271753
1802,415276753
1812,415281753
1840,415286753
1847,415291753
1828,415296753
1838,415301753
1869,415306753
1849,415311753
1807,415316753
1824,415321753
1870,415326753
1871,415331753
1852,415336753
1897,415341753
1951,415346753
1956,415351753
1951,415356753
2000,415361753
2054,415366753
2021,415371753
1990,415376753
1990,415381753
1986,415386753
1921,415391753
1859,415396753
1834,415401753
1844,415406753
1838,415411753
1806,415416753
1810,415421753
1833,415426754
1832,415431755
1808,415436754
1805,415441753
1844,415446753
1866,415451753
1851,415456753
1876,415461753
1923,415466753
1938,415471753
1907,415476753
1856,415481753
1966,415486753
2324,415491753
2913,415496753
3715,415501753
4001,415506753
4074,415511753
4064,415516753
2737,415521753
1499,415526753
881,415531753
656,415536753
851,415541753
1138,415546753
1283,415551753
1368,415556753
1435,415561753
1491,415566753
1531,415571753
1544,415576753
1574,415581753
1626,415586753
1651,415591753
1649,415596753
1662,415601753
1720,415606753
1740,415611753
1729,415616753
1750,415621753
1812,415626753
1830,415631753
1812,415636753
1833,415641753
1880,415646753
1892,415651753
1879,415656753
1898,415661753
1950,415666753
1975,415671753
1973,415676753
1991,415681753
2041,415686753
2061,415691753
2051,415696753
2085,415701753
2134,415706753
2163,415711753
2170,415716753
2216,415721753
2285,415726753
2328,415731753
2335,415736753
2392,415741753
2453,415746753
2510,415751753
2473,415756753
2496,415761753
2526,415766753
2534,415771753
2498,415776753
2464,415781753
2424,415786756
2329,415791753
2182,415796753
2054,415801753
1940,415806753
1795,415811753
1630,415816753
1515,415821753
1426,415826753
1346,415831753
1283,415836753
1254,415841753
1263,415846753
1263,415851753
1238,415856753
1250,415861753
1315,415866753
1336,415871753
1343,415876753
1385,415881753
1431,415886753
1445,415891753
1446,415896753
1476,415901753
1529,415906753
1547,415911753
1536,415916753
1562,415921753
1605,415926754
1615,415931755
1613,415936753
1634,415941753
1663,415946753
1672,415951753
1643,415956753
1658,415961753
1691,415966753
1694,415971753
1681,415976753
1688,415981753
1715,415986753
1705,415991753
1681,415996753
1695,416001753
1727,416006753
1723,416011753
1693,416016753
1704,416021753
1744,416026753
1740,416031753
1722,416036753
1732,416041753
1770,416046753
1782,416051753
1781,416056753
1778,416061753
1790,416066753
1800,416071753
1793,416076753
1795,416081753
1814,416086753
1820,416091753
1797,416096753
1810,416101753
1835,416106753
1831,416111753
1805,416116753
1826,416121753
1867,416126753
1858,416131753
1827,416136753
1849,416141753
1876,416146753
1877,416151753
1882,416156753
1929,416161753
1961,416166753
1968,416171753
1986,416176753
1987,416181753
1982,416186753
1986,416191753
1967,416196753
1938,416201753
1914,416206753
1864,416211753
1813,416216753
1800,416221753
1817,416226753
1826,416231753
1804,416236753
1807,416241753
1839,416246753
1836,416251753
1816,416256753
1830,416261753
1870,416266753
1882,416271753
1869,416276753
1871,416281753
1914,416286753
1901,416291753
1835,416296753
1944,416301753
2348,416306753
2998,416311753
3766,416316753
4011,416321753
4077,416326753
4017,416331753
2631,416336753
1429,416341753
876,416346753
729,416351753
915,416356753
1137,416361753
1282,416366753
1372,416371753
1395,416376753
1425,416381753
1484,416386753
1528,416391753
1542,416396753
1563,416401753
1608,416406753
1628,416411753
1626,416416753
1646,416421753
1666,416426754
1710,416431754
1724,416436753
1763,416441753
1796,416446753
1808,416451753
1794,416456753
1824,416461753
1865,416466753
1874,416471753
1874,416476753
1903,416481753
1969,416486753
2000,416491753
1993,416496753
2014,416501753
2059,416506753
2094,416511753
2091,416516753
2103,416521753
2161,416526754
2196,416531757
2218,416536753
2263,416541753
2332,416546753
2378,416551753
2381,416556753
2425,416561753
2479,416566753
2509,416571753
2480,416576753
2486,416581753
2531,416586753
2531,416591753
2466,416596753
2403,416601753
2319,416606753
2205,416611753
2054,416616753
1906,416621753
1798,416626753
1653,416631753
1507,416636753
1391,416641753
1341,416646753
1291,416651753
1246,416656753
1237,416661753
1260,416666753
1264,416671753
1247,416676753
1270,416681753
1335,416686753
1367,416691753
1357,416696753
1391,416701753
1432,416706753
1453,416711753
1457,416716753
1486,416721753
1533,416726753
1559,416731753
1529,416736753
1553,416741753
1602,416746753
1624,416751753
1600,416756753
1603,416761753
1647,416766753
1661,416771753
1642,416776754
1640,416781756
1666,416786753
1684,416791753
1669,416796753
1685,416801753
1728,416806753
1728,416811753
1709,416816753
1708,416821753
1733,416826753
1723,416831753
1710,416836753
1717,416841753
1748,416846753
1753,416851753
1724,416856753
1731,416861753
1759,416866753
1757,416871753
1723,416876753
1729,416881753
1768,416886753
1783,416891753
1762,416896753
1776,416901753
1813,416906753
1829,416911753
1808,416916753
1808,416921753
1848,416926753
1843,416931753
1837,416936753
1853,416941753
1877,416946753
1864,416951753
1881,416956753
1909,416961753
1946,416966753
1975,416971753
1980,416976753
1991,416981753
1998,416986753
1996,416991753
1976,416996753
1930,417001753
1903,417006753
1858,417011753
1806,417016753
1804,417021753
1836,417026753
1837,417031753
1824,417036753
1813,417041755
1846,417046754
1850,417051753
1836,417056753
1848,417061753
1882,417066753
1895,417071753
1878,417076753
1877,417081753
1920,417086753
1928,417091753
1864,417096753
1884,417101753
2184,417106753
2744,417111753
3572,417116753
3961,417121753
4065,417126753
4091,417131753
2944,417136753
1695,417141753
1050,417146753
728,417151753
738,417156753
1009,417161753
1254,417166753
1380,417171753
1460,417176753
1511,417181753
1581,417186753
1622,417191753
1618,417196753
1623,417201753
1671,417206753
1702,417211753
1702,417216753
1717,417221753
1755,417226753
1785,417231753
1769,417236753
1773,417241753
1837,417246753
1853,417251753
1832,417256753
1860,417261753
1894,417266753
1916,417271753
1906,417276753
1916,417281753
1970,417286753
1991,417291753
1974,417296753
2012,417301753
2051,417306753
2056,417311753
2059,417316753
2078,417321753
2146,417326753
2197,417331753
2223,417336753
2269,417341753
2338,417346753
2364,417351753
2365,417356753
2402,417361753
2474,417366753
2501,417371753
2487,417376753
2496,417381753
2518,417386753
2508,417391753
2454,417396753
2418,417401753
2371,417406753
2264,417411753
2112,417416753
1983,417421753
1874,417426753
1721,417431753
1571,417436753
1456,417441753
1392,417446753
1329,417451753
1278,417456753
1246,417461753
1269,417466753
1280,417471753
1275,417476753
1299,417481753
1372,417486753
1409,417491753
1394,417496753
1428,417501753
1469,417506753
1492,417511753
1495,417516753
1504,417521753
1539,417526755
1563,417531755
1559,417536753
1595,417541753
1640,417546753
1646,417551753
1641,417556753
1643,417561753
1675,417566753
1671,417571753
1648,417576753
1654,417581753
1672,417586753
1676,417591753
1653,417596753
1658,417601753
1697,417606753
1705,417611753
1674,417616753
1691,417621753
1726,417626753
1731,417631753
1708,417636753
1722,417641753
1744,417646753
1749,417651753
1738,417656753
1748,417661753
1766,417666753
1766,417671753
1747,417676753
1745,417681753
1778,417686753
1776,417691753
1756,417696753
1782,417701753
1824,417706753
1815,417711753
1785,417716753
1790,417721753
1863,417726753
1898,417731753
1901,417736753
1928,417741753
2006,417746753
2019,417751753
1986,417756753
1994,417761753
2014,417766753
1966,417771754
1890,417776756
1861,417781753
1850,417786753
1824,417791753
1805,417796753
1810,417801753
1835,417806753
1821,417811753
1821,417816753
1840,417821753
1875,417826753
1890,417831753
1877,417836753
1887,417841753
1940,417846753
1947,417851753
1933,417856753
1918,417861753
1934,417866753
1972,417871753
2208,417876753
2743,417881753
3595,417886753
3970,417891753
4066,417896753
4095,417901753
2981,417906753
1688,417911753
992,417916753
650,417921753
623,417926753
909,417931753
1170,417936753
1326,417941753
1488,417946753
1579,417951753
1613,417956753
1632,417961753
1696,417966753
1729,417971753
1731,417976753
1758,417981753
1809,417986753
1837,417991753
1821,417996753
1812,418001753
1850,418006753
1865,418011753
1848,418016753
1850,418021753
1910,418026753
1928,418031753
1892,418036754
1899,418041753
1960,418046753
1994,418051753
1976,418056753
1996,418061753
2055,418066753
2066,418071753
2055,418076753
2119,418081753
2177,418086753
2202,418091753
2178,418096753
2189,418101753
2257,418106753
2303,418111753
2321,418116753
2376,418121753
2382,418126754
2419,418131754
2455,418136753
2491,418141753
2534,418146753
2562,418151753
2516,418156753
2494,418161753
2515,418166753
2466,418171753
2348,418176753
2223,418181753
2113,418186753
1959,418191753
1784,418196753
1683,418201753
1594,418206753
1513,418211753
1407,418216753
1344,418221753
1323,418226753
1291,418231753
1273,418236753
1303,418241753
1319,418246753
1361,418251753
1338,418256753
1372,418261753
1421,418266753
1471,418271753
1454,418276753
1448,418281753
1504,418286753
1573,418291753
1572,418296753
1584,418301753
1584,418306753
1578,418311753
1600,418316753
1633,418321753
1645,418326753
1655,418331753
1636,418336753
1640,418341753
1669,418346753
1649,418351753
1612,418356753
1648,418361753
1686,418366753
1690,418371753
1666,418376753
1677,418381753
1715,418386753
1712,418391753
1694,418396753
1714,418401753
1761,418406753
1756,418411753
1724,418416753
1723,418421753
1750,418426753
1753,418431753
1726,418436753
1743,418441753
1764,418446753
1747,418451753
1737,418456753
1780,418461753
1835,418466753
1849,418471753
1847,418476753
1895,418481753
1945,418486753
1953,418491753
1943,418496753
1933,418501753
1920,418506753
1877,418511753
1814,418516753
1780,418521753
1802,418526753
1784,418531753
1780,418536753
1766,418541753
1785,418546753
1793,418551753
1792,418556753
1805,418561753
1824,418566753
1825,418571753
1816,418576753
1833,418581753
1866,418586753
1870,418591753
1885,418596753
1888,418601753
1861,418606753
1984,418611753
2351,418616753
3024,418621753
3784,418626756
4015,418631755
4079,418636753
3918,418641753
2370,418646753
1210,418651753
660,418656753
442,418661753
658,418666753
987,418671753
1220,418676753
1373,418681753
1515,418686753
1592,418691753
1600,418696753
1621,418701753
1683,418706753
1705,418711753
1682,418716753
1695,418721753
1748,418726753
1779,418731753
1776,418736753
1768,418741753
1809,418746753
1820,418751753
1818,418756753
1832,418761753
1887,418766755
1922,418771753
1897,418776753
1929,418781753
1981,418786753
1990,418791753
1968,418796753
1977,418801753
2037,418806753
2050,418811753
2035,418816753
2065,418821753
2120,418826753
2162,418831753
2150,418836753
2189,418841753
2278,418846753
2328,418851753
2326,418856753
2355,418861753
2425,418866753
2459,418871753
2441,418876753
2449,418881753
2490,418886753
2498,418891753
2465,418896753
2443,418901753
2426,418906753
2336,418911753
2196,418916753
2076,418921753
1975,418926753
1849,418931753
1702,418936753
1576,418941753
1480,418946753
1391,418951753
1304,418956753
1270,418961753
1276,418966753
1284,418971753
1272,418976753
1275,418981753
1324,418986753
1355,418991753
1357,418996753
1397,419001753
1469,419006753
1499,419011753
1487,419016753
1510,419021753
1567,419026753
1587,419031753
1593,419036753
1612,419041753
1641,419046753
1646,419051753
1638,419056753
1659,419061753
1697,419066753
1693,419071753
1673,419076753
1674,419081753
1681,419086753
1691,419091753
1670,419096753
1676,419101753
1706,419106753
1716,419111753
1694,419116753
1705,419121753
1761,419126755
1744,419131754
1724,419136753
1729,419141753
1762,419146753
1781,419151753
1755,419156753
1768,419161753
1782,419166753
1780,419171753
1768,419176753
1794,419181753
1821,419186753
1829,419191753
1805,419196753
1810,419201753
1835,419206753
1829,419211753
1813,419216753
1855,419221753
1909,419226753
1921,419231753
1919,419236753
1969,419241753
2009,419246753
1977,419251753
1951,419256753
1948,419261753
1943,419266753
1905,419271753
1830,419276753
1797,419281753
1815,419286753
1806,419291753
1791,419296753
1801,419301753
1823,419306753
1813,419311753
1777,419316753
1796,419321753
1834,419326753
1850,419331753
1848,419336753
1855,419341753
1889,419346753
1907,419351753
1906,419356753
1886,419361753
1908,419366753
2129,419371753
2610,419376753
3406,419381753
3916,419386753
4051,419391753
4095,419396753
3682,419401753
2097,419406753
1009,419411753
553,419416753
577,419421753
890,419426753
1158,419431753
1277,419436753
1376,419441753
1478,419446753
1494,419451753
1508,419456753
1561,419461753
1619,419466753
1631,419471753
1630,419476753
1657,419481753
1711,419486753
1723,419491753
1724,419496753
1742,419501753
1774,419506753
1785,419511753
1775,419516753
1794,419521753
1832,419526753
1851,419531753
1839,419536753
1874,419541753
1927,419546753
1957,419551753
1961,419556753
1973,419561753
2015,419566753
2049,419571753
2056,419576753
2084,419581753
2144,419586753
2159,419591753
2183,419596753
2221,419601753
2289,419606753
2348,419611753
2369,419616753
2383,419621753
2429,419626756
2476,419631756
2478,419636754
2494,419641753
2521,419646753
2528,419651753
2484,419656753
2447,419661753
2409,419666753
2316,419671753
2169,419676753
2028,419681753
1930,419686753
1799,419691753
1643,419696753
1541,419701753
1458,419706753
1373,419711753
1294,419716753
1251,419721753
1253,419726753
1264,419731753
1245,419736753
1271,419741753
1306,419746753
1323,419751753
1336,419756757
1375,419761758
1447,419766753
1483,419771753
1480,419776753
1509,419781753
1570,419786753
1601,419791753
1595,419796753
1602,419801753
1633,419806753
1652,419811753
1637,419816753
1654,419821753
1712,419826753
1729,419831753
1716,419836753
1726,419841753
1747,419846753
1746,419851753
1724,419856753
1722,419861753
1733,419866753
1740,419871753
1712,419876753
1717,419881753
1745,419886753
1746,419891753
1721,419896753
1744,419901753
1779,419906753
1777,419911753
1759,419916753
1764,419921753
1780,419926753
1779,419931753
1776,419936753
1776,419941753
1798,419946753
1798,419951753
1791,419956753
1800,419961753
1843,419966753
1846,419971753
1821,419976753
1825,419981753
1849,419986753
1858,419991753
1838,419996753
1828,420001753
1859,420006753
1871,420011753
1855,420016753
1848,420021753
1875,420026753
1882,420031753
1860,420036753
1882,420041753
1935,420046753
1972,420051753
1953,420056753
1969,420061753
2052,420066753
2042,420071753
1998,420076753
1989,420081753
1997,420086753
1956,420091753
1886,420096753
1850,420101753
1855,420106753
1850,420111753
1800,420116753
1791,420121753
1833,420126753
1845,420131753
1824,420136753
1827,420141753
1852,420146753
1866,420151753
1855,420156753
1870,420161753
1917,420166753
1923,420171753
1893,420176753
1905,420181753
1918,420186753
1893,420191753
1996,420196753
2409,420201753
3152,420206753
3838,420211753
4030,420216753
4081,420221753
4055,420226753
2587,420231753
1231,420236753
632,420241753
609,420246753
876,420251756
1075,420256753
1189,420261757
1307,420266755
1371,420271753
1391,420276753
1437,420281753
1497,420286753
1548,420291753
1567,420296753
1588,420301753
1630,420306753
1658,420311753
1656,420316753
1664,420321753
1693,420326753
1717,420331753
1713,420336753
1735,420341753
1778,420346753
1816,420351753
1809,420356753
1817,420361753
1860,420366753
1889,420371753
1887,420376753
1937,420381753
1963,420386753
1990,420391753
1992,420396753
2024,420401753
2077,420406753
2104,420411753
2115,420416753
2154,420421753
2228,420426753
2272,420431753
2284,420436753
2326,420441753
2393,420446754
2437,420451753
2450,420456753
2476,420461753
2516,420466753
2529,420471753
2524,420476753
2514,420481753
2529,420486753
2505,420491753
2393,420496753
2273,420501753
2174,420506753
2033,420511753
1881,420516753
1739,420521753
1636,420526753
1532,420531753
1414,420536753
1360,420541753
1320,420546753
1292,420551753
1260,420556753
1256,420561753
1280,420566753
1292,420571753
1296,420576753
1331,420581753
1390,420586753
1413,420591753
1407,420596753
1430,420601753
1484,420606753
1524,420611753
1516,420616753
1550,420621753
1600,420626753
1612,420631753
1597,420636753
1617,420641753
1664,420646753
1670,420651753
1643,420656753
1668,420661753
1703,420666753
1717,420671753
1697,420676753
1688,420681753
1719,420686753
1728,420691753
1698,420696753
1689,420701753
1714,420706753
1722,420711753
1688,420716753
1706,420721753
1738,420726753
1740,420731753
1726,420736753
1736,420741753
1767,420746753
1767,420751758
1742,420756762
1739,420761756
1786,420766753
1799,420771753
1770,420776753
1788,420781753
1817,420786753
1815,420791753
1797,420796753
1804,420801753
1831,420806753
1846,420811753
1825,420816753
1841,420821753
1879,420826753
1866,420831753
1837,420836753
1838,420841753
1869,420846753
1882,420851753
1851,420856753
1861,420861753
1910,420866753
1912,420871753
1881,420876753
1890,420881753
1910,420886753
1910,420891753
1875,420896753
1873,420901753
1911,420906753
1908,420911753
1874,420916753
1875,420921753
1895,420926753
1904,420931753
1890,420936753
1896,420941753
1915,420946753
1916,420951753
1880,420956753
1886,420961753
1946,420966753
1970,420971753
1970,420976753
1990,420981753
2049,420986753
2036,420991753
1993,420996753
1954,421001753
1974,421006753
1936,421011753
1866,421016753
1833,421021753
1849,421026753
1847,421031753
1813,421036753
1822,421041753
1840,421046753
1854,421051753
1837,421056753
1847,421061753
1882,421066753
1886,421071753
1870,421076753
1868,421081753
1903,421086753
1912,421091753
1902,421096753
1916,421101753
1934,421106753
1873,421111753
1963,421116753
2360,421121753
3057,421126753
3800,421131753
4021,421136753
4080,421141753
4076,421146753
2718,421151753
1371,421156753
746,421161753
698,421166753
951,421171753
1132,421176753
1247,421181753
1371,421186753
1416,421191753
1422,421196753
1453,421201753
1516,421206753
1547,421211753
1545,421216753
1568,421221753
1602,421226753
1628,421231753
1624,421236753
1648,421241753
1700,421246753
1705,421251753
1701,421256754
1732,421261755
1784,421266753
1801,421271753
1785,421276753
1827,421281753
1880,421286753
1897,421291753
1887,421296753
1904,421301753
1962,421306753
2005,421311753
1999,421316753
2023,421321753
2042,421326755
2078,421331755
2089,421336753
2123,421341753
2179,421346753
2218,421351753
2235,421356753
2273,421361753
2349,421366753
2382,421371753
2398,421376753
2436,421381753
2478,421386753
2502,421391753
2489,421396753
2493,421401753
2498,421406753
2478,421411753
2411,421416753
2334,421421753
2245,421426753
2106,421431753
1945,421436753
1804,421441753
1697,421446753
1585,421451753
1448,421456753
1352,421461753
1306,421466753
1261,421471753
1216,421476753
1210,421481753
1238,421486753
1251,421491753
1257,421496753
1321,421501753
1346,421506753
1373,421511753
1390,421516753
1422,421521753
1462,421526753
1490,421531753
1490,421536753
1513,421541753
1560,421546753
1574,421551753
1566,421556753
1575,421561753
1607,421566753
1615,421571753
1611,421576753
1628,421581753
1672,421586753
1677,421591753
1649,421596753
1641,421601753
1662,421606753
1666,421611753
1637,421616753
1664,421621753
1705,421626753
1707,421631753
1703,421636753
1708,421641753
1731,421646753
1732,421651753
1708,421656753
1715,421661753
1736,421666753
1730,421671753
1701,421676753
1707,421681753
1750,421686753
1759,421691753
1759,421696753
1777,421701753
1799,421706753
1797,421711753
1758,421716753
1781,421721753
1798,421726753
1823,421731753
1798,421736753
1789,421741754
1819,421746756
1845,421751753
1842,421756753
1840,421761753
1857,421766753
1870,421771753
1856,421776753
1867,421781753
1889,421786753
1894,421791753
1881,421796753
1883,421801753
1902,421806753
1898,421811753
1862,421816753
1871,421821753
1905,421826755
1916,421831755
1890,421836754
1884,421841753
1916,421846753
1906,421851753
1888,421856753
1890,421861753
1911,421866753
1902,421871753
1866,421876753
1889,421881753
1919,421886753
1906,421891753
1893,421896753
1910,421901753
1916,421906753
1911,421911753
1887,421916753
1885,421921753
1916,421926753
1917,421931753
1894,421936753
1885,421941753
1928,421946753
1955,421951753
1945,421956753
1967,421961753
2003,421966753
2041,421971753
2012,421976753
1977,421981753
2013,421986753
2010,421991753
1929,421996753
1880,422001753
1873,422006753
1849,422011753
1808,422016753
1803,422021753
1835,422026753
1832,422031753
1828,422036753
1842,422041753
1853,422046753
1846,422051753
1842,422056753
1856,422061753
1882,422066753
1901,422071753
1901,422076753
1908,422081753
1925,422086753
1888,422091753
1907,422096753
2206,422101753
2782,422106753
3615,422111753
3972,422116753
4066,422121753
4093,422126753
3075,422131753
1723,422136753
976,422141753
715,422146753
824,422151753
1048,422156753
1225,422161753
1349,422166753
1448,422171753
1472,422176753
1510,422181753
1561,422186753
1585,422191753
1582,422196753
1628,422201753
1675,422206753
1690,422211753
1678,422216753
1710,422221753
1753,422226753
1761,422231753
1755,422236753
1772,422241753
1828,422246753
1836,422251753
1831,422256753
1865,422261753
1907,422266753
1919,422271753
1927,422276753
1943,422281753
1982,422286753
2009,422291753
1997,422296753
2020,422301753
2074,422306753
2103,422311753
2116,422316753
2145,422321753
2197,422326755
2223,422331754
2247,422336753
2291,422341753
2348,422346753
2396,422351753
2410,422356753
2433,422361753
2489,422366753
2523,422371753
2515,422376753
2516,422381753
2529,422386753
2508,422391753
2468,422396753
2423,422401753
2354,422406753
2241,422411753
2078,422416753
1931,422421753
1811,422426753
1662,422431753
1546,422436753
1441,422441753
1378,422446753
1318,422451753
1247,422456753
1230,422461753
1263,422466753
1265,422471753
1288,422476753
1295,422481753
1341,422486753
1368,422491753
1379,422496753
1377,422501753
1453,422506753
1483,422511753
1488,422516753
1518,422521753
1566,422526753
1601,422531753
1589,422536753
1602,422541753
1637,422546753
1651,422551753
1628,422556753
1639,422561753
1683,422566753
1704,422571753
1680,422576753
1684,422581753
1716,422586753
1714,422591753
1696,422596753
1698,422601753
1724,422606753
1725,422611753
1703,422616753
1722,422621753
1750,422626753
1753,422631753
1728,422636753
1730,422641753
1769,422646753
1790,422651753
1763,422656753
1769,422661753
1797,422666753
1802,422671753
1779,422676753
1791,422681753
1810,422686753
1815,422691753
1812,422696753
1818,422701753
1831,422706753
1851,422711753
1832,422716753
1851,422721753
1887,422726753
1882,422731753
1852,422736756
1854,422741753
1889,422746753
1893,422751753
1857,422756753
1866,422761753
1893,422766753
1897,422771753
1885,422776753
1890,422781753
1930,422786753
1921,422791753
1891,422796753
1906,422801753
1925,422806753
1934,422811753
1902,422816753
1906,422821753
1928,422826756
1933,422831755
1916,422836753
1925,422841753
1941,422846753
1935,422851753
1933,422856753
1968,422861753
2021,422866753
2036,422871753
2048,422876753
2061,422881753
2056,422886753
2051,422891753
2016,422896753
1984,422901753
1965,422906753
1909,422911753
1861,422916753
1839,422921753
1847,422926754
1850,422931754
1834,422936753
1847,422941753
1869,422946753
1874,422951753
1868,422956753
1858,422961753
1885,422966753
1883,422971753
1883,422976753
1887,422981753
1931,422986753
1935,422991753
1869,422996753
1917,423001753
2265,423006753
2849,423011753
3672,423016753
3986,423021753
4069,423026753
4091,423031753
2901,423036753
1585,423041753
916,423046753
691,423051753
836,423056753
1091,423061753
1285,423066753
1405,423071753
1470,423076753
1493,423081753
1544,423086753
1590,423091753
1580,423096753
1603,423101753
1657,423106753
1677,423111753
1670,423116753
1695,423121753
1744,423126753
1764,423131753
1750,423136753
1768,423141753
1813,423146753
1831,423151753
1826,423156753
1852,423161753
1895,423166753
1889,423171753
1875,423176753
1907,423181753
1950,423186753
1968,423191753
1965,423196753
1982,423201753
2033,423206753
2074,423211753
2074,423216753
2090,423221753
2147,423226753
2191,423231753
2202,423236753
2229,423241753
2292,423246753
2357,423251753
2383,423256753
2433,423261753
2486,423266753
2504,423271753
2486,423276753
2493,423281753
2526,423286753
2530,423291753
2482,423296753
2426,423301753
2374,423306753
2270,423311753
2125,423316753
1988,423321753
1870,423326753
1742,423331753
1590,423336753
1473,423341753
1411,423346753
1332,423351753
1261,423356753
1233,423361753
1244,423366753
1254,423371753
1242,423376753
1268,423381753
1305,423386753
1331,423391753
1343,423396753
1373,423401753
1414,423406753
1436,423411753
1435,423416753
1468,423421753
1509,423426754
1553,423431754
1560,423436753
1576,423441753
1620,423446753
1643,423451753
1635,423456753
1649,423461753
1671,423466753
1665,423471753
1654,423476753
1651,423481753
1686,423486753
1701,423491753
1679,423496753
1708,423501753
1709,423506753
1713,423511753
1680,423516753
1690,423521753
1711,423526753
1721,423531753
1704,423536753
1702,423541753
1727,423546753
1744,423551753
1734,423556753
1725,423561753
1752,423566753
1767,423571753
1732,423576753
1736,423581753
1764,423586753
1771,423591753
1756,423596753
1771,423601753
1807,423606753
1822,423611753
1803,423616753
1802,423621753
1843,423626753
1849,423631753
1817,423636753
1821,423641753
1841,423646753
1839,423651753
1826,423656753
1828,423661753
1856,423666753
1868,423671753
1846,423676753
1855,423681753
1893,423686753
1886,423691753
1840,423696753
1850,423701753
1880,423706753
1887,423711753
1869,423716753
1874,423721753
1889,423726755
1887,423731756
1877,423736753
1890,423741753
1930,423746753
1930,423751753
1883,423756753
1891,423761753
1912,423766753
1907,423771753
1892,423776753
1905,423781753
1945,423786753
1949,423791753
1922,423796753
1919,423801753
1938,423806753
1930,423811753
1896,423816753
1920,423821753
1980,423826753
2007,423831753
2012,423836753
2031,423841753
2029,423846753
2016,423851753
1993,423856753
1951,423861753
1931,423866753
1898,423871753
1838,423876753
1817,423881753
1834,423886753
1835,423891753
1811,423896753
1827,423901753
1866,423906753
1863,423911753
1836,423916753
1848,423921753
1875,423926756
1892,423931755
1877,423936754
1876,423941754
1915,423946753
1902,423951753
1841,423956753
1979,423961753
2403,423966753
3097,423971753
3813,423976753
4024,423981753
4081,423986753
3877,423991753
2384,423996753
1293,424001753
811,424006753
738,424011753
921,424016753
1139,424021753
1284,424026753
1374,424031753
1399,424036753
1432,424041753
1492,424046753
1539,424051753
1529,424056753
1565,424061753
1612,424066753
1644,424071753
1637,424076753
1647,424081753
1684,424086753
1718,424091753
1712,424096753
1718,424101753
1771,424106753
1787,424111753
1781,424116753
1792,424121753
1833,424126753
1853,424131753
1857,424136753
1888,424141753
1927,424146753
1945,424151753
1940,424156753
1972,424161753
2025,424166753
2049,424171753
2054,424176753
2076,424181753
2136,424186753
2177,424191753
2198,424196753
2241,424201753
2301,424206753
2345,424211753
2378,424216753
2411,424221753
2471,424226753
2494,424231753
2497,424236753
2495,424241753
2531,424246753
2537,424251753
2497,424256753
2460,424261753
2416,424266753
2316,424271753
2153,424276753
2025,424281753
1889,424286753
1749,424291753
1601,424296753
1480,424301753
1395,424306753
1320,424311753
1249,424316753
1212,424321753
1231,424326753
1254,424331753
1250,424336753
1277,424341753
1311,424346753
1339,424351753
1335,424356753
1373,424361753
1431,424366753
1463,424371753
1469,424376753
1497,424381753
1552,424386753
1579,424391753
1561,424396753
1571,424401753
1605,424406753
1620,424411753
1606,424416753
1633,424421753
1653,424426755
1649,424431754
1623,424436753
1640,424441753
1671,424446753
1679,424451753
1674,424456753
1672,424461753
1700,424466753
1694,424471753
1672,424476753
1682,424481753
1713,424486753
1719,424491753
1700,424496753
1711,424501753
1732,424506753
1743,424511753
1719,424516753
1713,424521753
1775,424526753
1744,424531753
1752,424536755
1764,424541754
1788,424546754
1786,424551754
1773,424556753
1773,424561753
1810,424566753
1823,424571753
1812,424576753
1814,424581753
1846,424586753
1854,424591753
1836,424596753
1839,424601753
1864,424606753
1864,424611753
1843,424616753
1844,424621753
1872,424626753
1887,424631753
1870,424636753
1878,424641753
1914,424646753
1923,424651753
1884,424656753
1870,424661753
1892,424666753
1899,424671753
1886,424676753
1887,424681753
1922,424686753
1917,424691753
1883,424696753
1891,424701753
1940,424706753
1937,424711753
1910,424716754
1882,424721756
1901,424726753
1928,424731753
1940,424736753
1964,424741753
2012,424746753
2054,424751753
2016,424756753
1987,424761753
2004,424766753
2020,424771753
1966,424776753
1908,424781753
1870,424786753
1834,424791753
1810,424796753
1813,424801753
1838,424806753
1845,424811753
1838,424816753
1838,424821753
1871,424826753
1876,424831753
1855,424836753
1867,424841753
1888,424846753
1898,424851753
1890,424856753
1899,424861753
1892,424866753
1884,424871753
2058,424876753
2509,424881753
3296,424886753
3888,424891753
4043,424896753
4088,424901753
3548,424906753
2116,424911753
1200,424916753
781,424921753
723,424926753
949,424931753
1157,424936753
1297,424941753
1432,424946753
1495,424951753
1498,424956753
1524,424961753
1587,424966753
1613,424971753
1609,424976753
1636,424981753
1692,424986753
1702,424991753
1695,424996753
1712,425001753
1743,425006753
1765,425011753
1760,425016753
1782,425021753
1809,425026755
1832,425031755
1841,425036753
1852,425041753
1901,425046753
1924,425051753
1922,425056753
1950,425061753
1991,425066753
2007,425071753
1996,425076753
2014,425081753
2075,425086753
2097,425091753
2102,425096753
2127,425101753
2178,425106753
2229,425111753
2242,425116753
2290,425121753
2363,425126753
2423,425131753
2454,425136753
2484,425141753
2540,425146753
2543,425151753
2509,425156753
2502,425161753
2534,425166753
2522,425171753
2449,425176753
2370,425181753
2275,425186753
2164,425191753
2000,425196753
1846,425201753
1718,425206753
1593,425211753
1462,425216753
1372,425221753
1333,425226753
1289,425231753
1265,425236753
1256,425241753
1288,425246753
1297,425251753
1278,425256753
1300,425261753
1361,425266753
1389,425271753
1388,425276753
1411,425281753
1463,425286753
1493,425291753
1491,425296753
1514,425301753
1569,425306753
1605,425311753
1602,425316753
1616,425321753
1670,425326753
1679,425331753
1658,425336753
1681,425341753
1709,425346753
1708,425351753
1682,425356753
1674,425361753
1695,425366753
1696,425371753
1701,425376753
1697,425381753
1722,425386753
1743,425391753
1734,425396753
1728,425401753
1750,425406753
1753,425411753
1730,425416753
1735,425421753
1764,425426753
1778,425431753
1748,425436753
1752,425441753
1798,425446753
1813,425451753
1781,425456753
1777,425461753
1797,425466753
1789,425471753
1771,425476753
1774,425481753
1810,425486753
1828,425491753
1827,425496753
1819,425501753
1859,425506753
1875,425511753
1855,425516753
1853,425521753
1884,425526755
1888,425531755
1860,425536753
1858,425541753
1894,425546753
1899,425551753
1859,425556753
1866,425561753
1902,425566753
1884,425571753
1859,425576753
1894,425581753
1948,425586753
1972,425591753
1979,425596753
2018,425601753
2038,425606753
2037,425611753
2014,425616753
2006,425621753
1982,425626753
1925,425631753
1865,425636753
1858,425641753
1859,425646753
1852,425651753
1823,425656753
1827,425661753
1846,425666753
1861,425671753
1838,425676753
1838,425681753
1887,425686753
1895,425691753
1876,425696753
1889,425701753
1929,425706753
1925,425711755
1856,425716756
1865,425721753
2172,425726753
2713,425731753
3558,425736753
3957,425741753
4061,425746753
4091,425751753
3054,425756753
1729,425761753
1017,425766753
709,425771753
786,425776753
1048,425781753
1264,425786753
1373,425791753
1434,425796753
1498,425801753
1566,425806753
1597,425811753
1603,425816753
1632,425821753
1670,425826753
1690,425831753
1685,425836753
1718,425841753
1762,425846753
1784,425851753
1773,425856753
1785,425861753
1832,425866753
1856,425871753
1850,425876753
1857,425881753
1903,425886753
1914,425891753
1916,425896753
1931,425901753
1974,425906753
1996,425911753
1987,425916753
2002,425921753
2056,425926753
2080,425931753
2074,425936753
2117,425941753
2184,425946753
2204,425951753
2211,425956753
2249,425961753
2323,425966753
2363,425971753
2381,425976753
2412,425981753
2469,425986753
2505,425991753
2487,425996753
2508,426001753
2537,426006753
2551,426011753
2507,426016753
2460,426021753
2427,426026756
2291,426031754
2150,426036754
2017,426041754
1886,426046753
1749,426051753
1574,426056753
1453,426061753
1376,426066753
1313,426071753
1236,426076753
1217,426081753
1238,426086753
1242,426091753
1232,426096753
1250,426101753
1301,426106753
1317,426111753
1324,426116753
1346,426121753
1382,426126756
1431,426131753
1444,426136753
1481,426141753
1523,426146753
1553,426151753
1551,426156753
1578,426161753
1627,426166753
1643,426171753
1626,426176753
1613,426181753
1645,426186753
1668,426191753
1644,426196753
1648,426201753
1684,426206753
1708,426211753
1684,426216753
1672,426221753
1700,426226753
1723,426231753
1696,426236753
1695,426241753
1727,426246753
1731,426251753
1706,426256753
1708,426261753
1734,426266753
1748,426271753
1732,426276753
1734,426281753
1769,426286753
1771,426291753
1746,426296753
1751,426301753
1778,426306753
1793,426311753
1773,426316753
1780,426321753
1814,426326753
1825,426331753
1816,426336753
1796,426341753
1838,426346753
1859,426351753
1835,426356753
1835,426361753
1844,426366753
1869,426371753
1857,426376753
1847,426381753
1861,426386753
1879,426391753
1859,426396753
1862,426401753
1893,426406753
1905,426411753
1881,426416753
1858,426421753
1883,426426753
1893,426431753
1885,426436753
1888,426441753
1908,426446753
1917,426451753
1905,426456753
1887,426461753
1923,426466753
1958,426471753
1957,426476753
1975,426481753
2020,426486753
2074,426491753
2020,426496753
1982,426501753
2033,426506753
2020,426511753
1939,426516753
1888,426521753
1865,426526753
1866,426531753
1832,426536753
1820,426541753
1844,426546753
1846,426551753
1831,426556753
1820,426561753
1854,426566753
1868,426571753
1856,426576753
1868,426581753
1904,426586753
1924,426591753
1893,426596753
1872,426601753
1857,426606753
1933,426611753
2268,426616753
2877,426621753
3709,426626756
3995,426631754
4073,426636753
4079,426641753
2827,426646753
1556,426651753
878,426656753
677,426661753
890,426666753
1134,426671753
1246,426676753
1326,426681753
1419,426686753
1459,426691753
1461,426696753
1489,426701753
1542,426706756
1587,426711753
1575,426716753
1587,426721753
1642,426726753
1686,426731753
1666,426736753
1678,426741753
1724,426746753
1747,426751753
1740,426756753
1759,426761753
1790,426766753
1817,426771753
1815,426776753
1821,426781753
1858,426786753
1881,426791753
1884,426796753
1916,426801753
1967,426806753
1988,426811753
1979,426816753
2003,426821753
2053,426826753
2109,426831753
2125,426836753
2148,426841753
2216,426846753
2264,426851753
2274,426856753
2325,426861753
2418,426866753
2456,426871753
2467,426876753
2486,426881753
2519,426886753
2542,426891753
2516,426896753
2510,426901753
2526,426906753
2492,426911753
2381,426916753
2267,426921753
2147,426926753
2021,426931753
1860,426936753
1712,426941753
1592,426946753
1485,426951753
1373,426956753
1297,426961753
1263,426966753
1236,426971753
1209,426976753
1205,426981753
1228,426986753
1257,426991753
1274,426996753
1312,427001753
1357,427006753
1392,427011753
1404,427016753
1435,427021753
1481,427026753
1511,427031753
1511,427036753
1543,427041753
1573,427046753
1581,427051753
1562,427056753
1563,427061753
1605,427066753
1624,427071753
1596,427076753
1598,427081753
1644,427086753
1664,427091753
1631,427096753
1645,427101753
1668,427106753
1677,427111753
1648,427116753
1647,427121753
1684,427126756
1702,427131755
1685,427136753
1683,427141753
1721,427146753
1732,427151753
1717,427156753
1702,427161753
1729,427166753
1753,427171753
1724,427176753
1740,427181753
1774,427186753
1778,427191753
1740,427196753
1736,427201753
1771,427206753
1789,427211753
1780,427216753
1774,427221753
1798,427226753
1808,427231753
1791,427236753
1800,427241753
1822,427246753
1833,427251754
1810,427256753
1826,427261753
1863,427266753
1865,427271753
1848,427276753
1843,427281753
1874,427286753
1868,427291753
1840,427296753
1842,427301753
1868,427306753
1869,427311753
1856,427316753
1864,427321753
1884,427326753
1877,427331753
1840,427336753
1849,427341753
1880,427346753
1889,427351753
1873,427356753
1869,427361753
1883,427366753
1877,427371753
1878,427376753
1909,427381753
1954,427386753
1977,427391753
1998,427396753
2000,427401753
1995,427406753
1989,427411753
1959,427416753
1920,427421753
1896,427426753
1881,427431753
1815,427436753
1807,427441753
1813,427446753
1810,427451753
1805,427456753
1785,427461753
1806,427466753
1798,427471753
1783,427476753
1806,427481753
1845,427486753
1848,427491753
1835,427496753
1854,427501753
1879,427506753
1861,427511753
1809,427516753
1967,427521753
2427,427526753
3149,427531753
3830,427536753
4031,427541753
4082,427546753
3793,427551753
2301,427556753
1248,427561753
774,427566753
680,427571753
881,427576753
1108,427581753
1261,427586753
1370,427591753
1389,427596753
1423,427601753
1478,427606753
1506,427611753
1509,427616753
1541,427621753
1596,427626755
1626,427631755
1630,427636753
1638,427641753
1677,427646753
1690,427651753
1676,427656753
1701,427661753
1749,427666753
1770,427671753
1756,427676753
1777,427681753
1813,427686753
1825,427691753
1815,427696753
1845,427701756
1908,427706753
1930,427711753
1925,427716753
1951,427721753
2011,427726753
2032,427731753
2028,427736753
2059,427741753
2114,427746753
2164,427751753
2186,427756753
2224,427761755
2299,427766754
2343,427771753
2361,427776753
2401,427781753
2467,427786753
2500,427791753
2490,427796753
2499,427801753
2525,427806753
2517,427811753
2471,427816753
2420,427821753
2362,427826753
2257,427831753
2113,427836753
1958,427841753
1843,427846753
1712,427851753
1551,427856753
1424,427861753
1358,427866753
1287,427871753
1220,427876753
1193,427881753
1199,427886753
1217,427891753
1210,427896753
1230,427901753
1281,427906753
1319,427911753
1360,427916753
1387,427921753
1420,427926753
1453,427931753
1458,427936753
1480,427941753
1537,427946753
1556,427951753
1549,427956753
1556,427961753
1599,427966753
1612,427971753
1597,427976753
1597,427981753
1624,427986753
1642,427991753
1624,427996753
1632,428001753
1685,428006753
1692,428011753
1660,428016753
1669,428021753
1715,428026753
1721,428031753
1691,428036753
1710,428041753
1740,428046753
1740,428051753
1730,428056753
1732,428061753
1757,428066753
1761,428071753
1730,428076753
1730,428081753
1793,428086753
1792,428091753
1769,428096753
1782,428101753
1804,428106753
1802,428111753
1786,428116753
1799,428121753
1841,428126753
1843,428131753
1814,428136753
1837,428141753
1845,428146753
1846,428151753
1823,428156753
1836,428161753
1894,428166753
1885,428171753
1853,428176753
1863,428181753
1892,428186753
1901,428191753
1895,428196753
1937,428201753
1984,428206753
1995,428211753
1999,428216753
2032,428221753
2055,428226753
2043,428231753
2009,428236753
1972,428241753
1933,428246753
1872,428251753
1832,428256753
1820,428261753
1847,428266753
1851,428271753
1839,428276753
1816,428281757
1834,428286753
1838,428291753
1810,428296753
1828,428301753
1866,428306753
1884,428311753
1882,428316753
1899,428321753
1947,428326753
1943,428331753
1896,428336753
1871,428341753
2085,428346753
2565,428351753
3325,428356753
3893,428361753
4044,428366753
4087,428371753
3372,428376753
1985,428381753
1216,428386753
812,428391753
647,428396753
838,428401753
1138,428406753
1309,428411753
1423,428416753
1515,428421753
1594,428426753
1623,428431753
1619,428436753
1646,428441753
1716,428446753
1744,428451753
1734,428456753
1748,428461753
1786,428466753
1818,428471753
1805,428476753
1822,428481753
1878,428486753
1885,428491753
1851,428496753
1854,428501753
1922,428506753
1944,428511753
1947,428516753
1965,428521753
1988,428526753
2019,428531753
2033,428536753
2040,428541753
2072,428546753
2102,428551753
2101,428556753
2134,428561753
2176,428566753
2206,428571753
2219,428576753
2264,428581753
2331,428586753
2374,428591753
2394,428596753
2415,428601753
2474,428606753
2500,428611753
2501,428616753
2517,428621753
2546,428626753
2560,428631753
2537,428636753
2484,428641753
2438,428646753
2351,428651753
2210,428656753
2070,428661753
1946,428666753
1790,428671753
1639,428676753
1537,428681753
1459,428686753
1380,428691756
1308,428696753
1288,428701753
1299,428706753
1291,428711753
1294,428716753
1317,428721753
1371,428726753
1395,428731753
1368,428736753
1409,428741753
1474,428746753
1500,428751753
1490,428756756
1482,428761755
1566,428766753
1597,428771753
1585,428776753
1606,428781753
1659,428786753
1683,428791753
1661,428796753
1662,428801753
1688,428806753
1687,428811753
1678,428816753
1680,428821753
1720,428826753
1736,428831753
1704,428836753
1695,428841753
1727,428846753
1726,428851753
1714,428856753
1721,428861753
1731,428866753
1737,428871753
1723,428876753
1725,428881753
1782,428886753
1795,428891753
1773,428896753
1781,428901753
1804,428906753
1794,428911753
1767,428916753
1778,428921753
1814,428926753
1823,428931753
1790,428936753
1805,428941753
1848,428946753
1860,428951753
1849,428956753
1856,428961753
1890,428966753
1888,428971753
1868,428976753
1848,428981753
1873,428986753
1886,428991753
1865,428996753
1873,429001753
1958,429006753
1986,429011753
1984,429016753
1979,429021753
2056,429026753
2042,429031753
2030,429036753
2012,429041753
2013,429046753
1966,429051753
1905,429056753
1873,429061753
1887,429066753
1866,429071753
1833,429076753
1837,429081753
1869,429086753
1876,429091753
1858,429096753
1865,429101753
1893,429106753
1889,429111753
1878,429116753
1891,429121753
1922,429126753
1949,429131753
1929,429136753
1892,429141753
1934,429146753
2193,429151753
2695,429156753
3523,429161753
3947,429166753
4060,429171753
4091,429176753
3321,429181753
1919,429186753
1068,429191753
675,429196753
695,429201753
992,429206753
1232,429211753
1324,429216753
1406,429221753
1488,429226753
1529,429231753
1554,429236753
1579,429241753
1635,429246753
1652,429251753
1632,429256754
1678,429261754
1739,429266754
1757,429271753
1754,429276753
1768,429281753
1798,429286753
1822,429291753
1803,429296753
1825,429301753
1875,429306753
1887,429311753
1892,429316753
1893,429321753
1936,429326754
1969,429331755
1977,429336753
1996,429341753
2037,429346753
2063,429351753
2061,429356753
2078,429361753
2124,429366753
2166,429371753
2192,429376753
2216,429381753
2282,429386753
2330,429391753
2359,429396753
2378,429401753
2416,429406753
2450,429411753
2451,429416753
2479,429421753
2519,429426753
2532,429431753
2506,429436753
2486,429441753
2463,429446753
2382,429451753
2253,429456753
2114,429461753
2009,429466753
1870,429471753
1697,429476753
1571,429481753
1487,429486753
1403,429491753
1311,429496753
1262,429501753
1261,429506753
1263,429511753
1252,429516753
1282,429521753
1322,429526753
1351,429531753
1358,429536753
1379,429541753
1432,429546753
1462,429551753
1457,429556753
1481,429561753
1530,429566753
1552,429571753
1549,429576753
1569,429581753
1613,429586753
1624,429591753
1617,429596753
1626,429601753
1670,429606753
1696,429611753
1683,429616753
1676,429621753
1698,429626753
1699,429631753
1691,429636753
1694,429641753
1722,429646753
1732,429651753
1712,429656753
1705,429661753
1722,429666753
1739,429671753
1723,429676753
1718,429681753
1743,429686756
1756,429691753
1733,429696753
1733,429701753
1773,429706753
1786,429711753
1763,429716753
1776,429721753
1799,429726753
1802,429731753
1783,429736753
1791,429741753
1826,429746753
1826,429751753
1832,429756753
1813,429761753
1826,429766753
1842,429771753
1822,429776753
1834,429781753
1873,429786753
1874,429791753
1856,429796753
1854,429801753
1877,429806753
1892,429811753
1873,429816753
1866,429821753
1887,429826754
1905,429831754
1890,429836753
1896,429841753
1916,429846753
1918,429851753
1915,429856753
1934,429861753
1983,429866753
2000,429871753
2026,429876753
2020,429881753
2010,429886753
2001,429891753
1966,429896753
1937,429901753
1908,429906753
1870,429911753
1822,429916753
1821,429921753
1856,429926753
1851,429931753
1828,429936753
1829,429941753
1858,429946753
1859,429951753
1849,429956753
1847,429961753
1880,429966753
1915,429971753
1886,429976753
1883,429981753
1938,429986753
1937,429991753
1849,429996753
1910,430001753
2266,430006753
2868,430011753
3690,430016753
3991,430021753
4073,430026753
4095,430031753
2952,430036753
1582,430041753
875,430046753
665,430051753
834,430056753
1079,430061753
1253,430066753
1351,430071753
1389,430076753
1425,430081753
1481,430086753
1513,430091753
1519,430096753
1557,430101753
1609,430106753
1638,430111753
1643,430116753
1667,430121753
1712,430126753
1730,430131753
1731,430136753
1745,430141753
1781,430146753
1811,430151753
1805,430156753
1816,430161753
1854,430166753
1868,430171753
1872,430176753
1908,430181753
1954,430186753
1994,430191753
1993,430196753
1998,430201753
2033,430206753
2066,430211753
2081,430216753
2106,430221753
2156,430226753
2200,430231753
2213,430236753
2260,430241753
2326,430246754
2378,430251753
2394,430256753
2421,430261753
2481,430266753
2506,430271753
2506,430276753
2518,430281753
2556,430286753
2550,430291753
2505,430296753
2459,430301753
2399,430306753
2292,430311753
2150,430316753
2009,430321753
1882,430326756
1732,430331754
1592,430336753
1476,430341753
1400,430346753
1332,430351753
1274,430356753
1244,430361753
1253,430366753
1273,430371753
1264,430376753
1279,430381753
1324,430386753
1347,430391753
1365,430396753
1399,430401753
1458,430406753
1478,430411753
1479,430416753
1505,430421753
1546,430426753
1573,430431753
1570,430436753
1581,430441753
1630,430446753
1638,430451753
1630,430456753
1632,430461753
1670,430466753
1669,430471753
1653,430476753
1670,430481753
1693,430486753
1688,430491753
1670,430496753
1682,430501753
1698,430506753
1693,430511753
1682,430516753
1684,430521753
1704,430526753
1710,430531753
1686,430536753
1699,430541753
1732,430546753
1728,430551753
1718,430556753
1732,430561753
1762,430566753
1771,430571753
1757,430576753
1765,430581753
1805,430586753
1806,430591753
1771,430596753
1773,430601753
1832,430606753
1836,430611753
1821,430616753
1827,430621753
1853,430626753
1853,430631753
1830,430636753
1846,430641753
1879,430646753
1883,430651753
1859,430656753
1853,430661753
1874,430666753
1881,430671753
1851,430676753
1870,430681756
1889,430686753
1881,430691753
1851,430696753
1852,430701753
1891,430706753
1882,430711753
1860,430716753
1859,430721753
1889,430726753
1904,430731753
1912,430736753
1937,430741753
1971,430746753
2008,430751753
2002,430756753
1981,430761753
2001,430766753
1996,430771753
1924,430776753
1874,430781753
1858,430786753
1833,430791753
1806,430796753
1802,430801753
1837,430806753
1832,430811753
1795,430816753
1800,430821753
1831,430826755
1832,430831755
1817,430836753
1829,430841753
1867,430846753
1882,430851753
1862,430856753
1891,430861753
1916,430866753
1862,430871753
1866,430876753
2170,430881753
2752,430886753
3594,430891753
3966,430896753
4064,430901753
4091,430906753
3158,430911753
1756,430916753
973,430921753
686,430926755
798,430931755
1031,430936753
1194,430941753
1337,430946753
1405,430951753
1429,430956753
1469,430961753
1515,430966753
1553,430971753
1548,430976753
1567,430981753
1618,430986753
1637,430991753
1630,430996753
1660,431001753
1710,431006753
1734,431011753
1733,431016753
1744,431021753
1791,431026753
1813,431031753
1806,431036753
1837,431041753
1876,431046753
1903,431051753
1906,431056753
1899,431061753
1957,431066753
1973,431071753
1956,431076753
1993,431081753
2052,431086753
2069,431091753
2092,431096753
2124,431101753
2188,431106753
2229,431111753
2241,431116753
2267,431121753
2335,431126753
2386,431131753
2402,431136753
2441,431141753
2492,431146753
2521,431151753
2530,431156753
2529,431161753
2566,431166753
2542,431171753
2470,431176753
2401,431181753
2326,431186753
2202,431191753
2019,431196753
1894,431201753
1771,431206753
1635,431211753
1486,431216753
1396,431221753
1346,431226753
1287,431231753
1244,431236753
1238,431241753
1261,431246753
1278,431251753
1269,431256753
1289,431261753
1349,431266753
1380,431271753
1384,431276753
1420,431281753
1464,431286753
1489,431291753
1483,431296753
1499,431301753
1558,431306753
1580,431311753
1565,431316753
1588,431321753
1629,431326753
1644,431331753
1626,431336753
1628,431341753
1673,431346753
1679,431351753
1657,431356753
1655,431361753
1689,431366753
1696,431371753
1670,431376753
1669,431381753
1714,431386753
1708,431391753
1670,431396753
1680,431401753
1721,431406753
1736,431411753
1709,431416753
1716,431421753
1753,431426754
1777,431431754
1757,431436753
1758,431441753
1791,431446753
1793,431451753
1767,431456753
1763,431461753
1803,431466753
1800,431471753
1778,431476753
1788,431481753
1822,431486753
1830,431491753
1804,431496753
1805,431501753
1823,431506753
1829,431511753
1804,431516753
1812,431521753
1841,431526753
1852,431531753
1840,431536753
1844,431541753
1882,431546753
1887,431551753
1857,431556753
1876,431561753
1934,431566753
1960,431571753
1949,431576753
1965,431581753
2054,431586753
2065,431591753
2016,431596753
2012,431601753
2033,431606753
1986,431611753
1901,431616753
1857,431621753
1863,431626753
1844,431631753
1820,431636753
1827,431641753
1869,431646753
1856,431651753
1830,431656753
1829,431661753
1867,431666753
1888,431671756
1874,431676753
1891,431681753
1930,431686753
1941,431691753
1921,431696753
1911,431701753
1890,431706753
1942,431711753
2237,431716753
2840,431721753
3680,431726753
3988,431731753
4072,431736753
4076,431741753
2797,431746753
1581,431751753
913,431756753
637,431761753
788,431766753
1060,431771753
1257,431776753
1376,431781753
1494,431786753
1530,431791753
1542,431796753
1583,431801753
1648,431806753
1673,431811753
1661,431816753
1678,431821753
1728,431826753
1749,431831753
1732,431836753
1768,431841753
1810,431846753
1810,431851753
1805,431856753
1824,431861753
1864,431866753
1888,431871753
1858,431876753
1895,431881753
1941,431886753
1956,431891753
1949,431896753
1968,431901753
2001,431906753
2020,431911753
2010,431916753
2032,431921753
2084,431926756
2131,431931754
2146,431936753
2182,431941753
2248,431946753
2293,431951753
2308,431956753
2346,431961753
2405,431966753
2457,431971753
2452,431976753
2469,431981753
2511,431986753
2532,431991753
2517,431996753
2522,432001753
2521,432006753
2467,432011753
2359,432016753
2241,432021753
2136,432026753
1995,432031753
1822,432036753
1695,432041753
1597,432046753
1496,432051753
1385,432056753
1321,432061753
1308,432066753
1288,432071753
1254,432076753
1267,432081753
1318,432086753
1330,432091753
1324,432096753
1362,432101753
1403,432106753
1431,432111753
1425,432116753
1458,432121753
1517,432126753
1554,432131753
1538,432136753
1556,432141753
1611,432146753
1630,432151753
1610,432156753
1625,432161753
1665,432166753
1672,432171753
1644,432176753
1666,432181753
1693,432186753
1688,432191753
1666,432196753
1676,432201753
1715,432206753
1705,432211753
1677,432216753
1680,432221753
1712,432226753
1702,432231753
1692,432236753
1716,432241753
1749,432246753
1753,432251753
1734,432256753
1749,432261753
1778,432266753
1770,432271753
1736,432276753
1752,432281753
1803,432286753
1787,432291753
1753,432296753
1759,432301753
1795,432306753
