3460,98161745
2594,98166745
1675,98171745
944,98176745
814,98181745
1036,98186745
1235,98191745
1336,98196745
1389,98201745
1409,98206745
1420,98211745
1453,98216745
1477,98221745
1518,98226745
1546,98231745
1600,98236745
1643,98241745
1650,98246745
1672,98251745
1690,98256745
1720,98261745
1746,98266745
1770,98271745
1791,98276745
1816,98281745
1834,98286745
1857,98291745
1886,98296745
1917,98301745
1933,98306745
1944,98311745
1969,98316745
1989,98321745
1987,98326745
2001,98331745
2039,98336745
2080,98341745
2095,98346745
2106,98351745
2156,98356745
2152,98361745
2152,98366745
2162,98371745
2187,98376745
2218,98381745
2236,98386745
2251,98391745
2264,98396745
2308,98401745
2287,98406745
2243,98411745
2212,98416745
2169,98421745
2099,98426745
2010,98431745
1964,98436745
1907,98441745
1841,98446745
1815,98451746
1797,98456746
1815,98461745
1832,98466745
1858,98471745
1889,98476745
1907,98481745
1926,98486745
1931,98491745
1957,98496745
1986,98501745
1971,98506745
1963,98511745
1964,98516745
1975,98521745
1967,98526745
1927,98531745
1893,98536745
1883,98541745
1893,98546745
1863,98551745
1838,98556745
1823,98561745
1798,98566745
1785,98571745
1793,98576745
1767,98581745
1731,98586745
1689,98591745
1697,98596745
1701,98601745
1710,98606745
1703,98611746
1684,98616748
1685,98621745
1695,98626745
1690,98631745
1695,98636745
1696,98641745
1685,98646745
1685,98651745
1711,98656745
1722,98661745
1724,98666745
1693,98671745
1724,98676745
1763,98681745
1769,98686745
1771,98691745
1801,98696745
1877,98701745
1954,98706745
2012,98711745
2085,98716745
2181,98721745
2241,98726745
2303,98731745
2377,98736745
2374,98741745
2260,98746745
2193,98751745
2208,98756745
2173,98761745
1983,98766745
1723,98771745
1567,98776745
1495,98781745
1429,98786745
1405,98791745
1416,98796745
1436,98801745
1442,98806745
1453,98811745
1469,98816745
1441,98821745
1397,98826745
1493,98831745
1819,98836745
2250,98841745
2674,98846745
3097,98851745
3609,98856745
3744,98861745
3026,98866745
2001,98871745
1089,98876745
733,98881745
831,98886745
1072,98891745
1266,98896745
1320,98901745
1329,98906745
1371,98911745
1420,98916745
1443,98921745
1460,98926745
1500,98931745
1562,98936745
1601,98941745
1600,98946745
1632,98951748
1670,98956746
1704,98961745
1732,98966745
1741,98971745
1762,98976745
1794,98981745
1792,98986745
1819,98991745
1852,98996745
1874,99001745
1906,99006745
1924,99011745
1947,99016745
1970,99021745
1976,99026745
1974,99031745
1990,99036745
2040,99041745
2066,99046745
2079,99051745
2096,99056745
2131,99061745
2140,99066745
2132,99071745
2136,99076745
2177,99081745
2204,99086745
2208,99091745
2232,99096745
2271,99101745
2283,99106745
2264,99111745
2263,99116745
2227,99121745
2164,99126745
2089,99131745
2007,99136745
1956,99141745
1898,99146745
1839,99151745
1824,99156745
1822,99161745
1850,99166745
1857,99171745
1887,99176745
1911,99181745
1929,99186745
1939,99191745
1983,99196745
1997,99201745
1978,99206745
1968,99211745
1964,99216745
1977,99221745
1967,99226745
1958,99231745
1937,99236745
1916,99241745
1899,99246745
1866,99251745
1851,99256745
1876,99261745
1844,99266745
1804,99271745
1787,99276745
1788,99281745
1783,99286745
1729,99291745
1728,99296745
1727,99301745
1719,99306745
1697,99311745
1718,99316745
1732,99321745
1721,99326745
1690,99331745
1680,99336745
1693,99341745
1712,99346745
1701,99351745
1715,99356745
1733,99361745
1766,99366745
1781,99371745
1828,99376745
1897,99381745
1950,99386745
2013,99391745
2077,99396745
2139,99401745
2194,99406745
2293,99411745
2366,99416745
2320,99421745
2212,99426745
2165,99431745
2176,99436745
2099,99441745
1901,99446745
1632,99451748
1495,99456746
1434,99461745
1374,99466745
1378,99471745
1392,99476745
1428,99481745
1448,99486745
1436,99491745
1472,99496745
1409,99501745
1345,99506745
1429,99511745
1716,99516745
2081,99521747
2488,99526745
2922,99531745
3515,99536745
3733,99541745
3037,99546745
2048,99551745
1167,99556745
807,99561745
917,99566745
1150,99571745
1307,99576745
1367,99581745
1381,99586745
1396,99591745
1406,99596745
1448,99601745
1484,99606746
1500,99611748
1564,99616745
1606,99621745
1646,99626745
1655,99631745
1651,99636745
1690,99641745
1723,99646745
1754,99651745
1768,99656745
1810,99661745
1829,99666745
1830,99671745
1864,99676745
1914,99681745
1914,99686745
1921,99691745
1936,99696745
1966,99701745
1997,99706745
1995,99711745
2015,99716745
2074,99721745
2075,99726745
2084,99731745
2117,99736745
2132,99741745
2126,99746745
2133,99751745
2133,99756745
2152,99761745
2192,99766745
2230,99771745
2229,99776745
2247,99781745
2261,99786745
2245,99791745
2219,99796745
2197,99801745
2123,99806745
2060,99811745
1979,99816745
1913,99821745
1863,99826745
1832,99831745
1818,99836745
1810,99841745
1819,99846745
1824,99851745
1853,99856745
1884,99861745
1903,99866745
1922,99871745
1942,99876745
1953,99881745
1962,99886745
1949,99891745
1955,99896745
1963,99901745
1983,99906745
1981,99911745
1955,99916745
1937,99921745
1909,99926745
1897,99931745
1874,99936745
1873,99941745
1844,99946745
1795,99951745
1806,99956745
1800,99961745
1776,99966745
1752,99971745
1761,99976745
1737,99981745
1748,99986745
1735,99991745
1704,99996745
1714,100001745
1696,100006745
1705,100011745
1720,100016745
1709,100021745
1682,100026745
1676,100031747
1708,100036745
1737,100041745
1781,100046745
1842,100051745
1905,100056745
1993,100061745
2050,100066745
2085,100071745
2150,100076745
2230,100081745
2342,100086745
2405,100091745
2359,100096745
2255,100101745
2203,100106745
2189,100111745
2095,100116745
1883,100121745
1639,100126745
1470,100131745
1394,100136745
1385,100141745
1385,100146745
1364,100151745
1386,100156745
1408,100161745
1432,100166745
1446,100171745
1412,100176745
1342,100181745
1393,100186745
1654,100191745
1992,100196745
2320,100201745
2721,100206745
3265,100211745
3544,100216745
2950,100221745
1976,100226745
1141,100231745
821,100236745
1008,100241745
1252,100246745
1369,100251745
1390,100256745
1414,100261745
1422,100266745
1438,100271745
1483,100276745
1524,100281745
1551,100286745
1582,100291745
1620,100296745
1657,100301745
1673,100306745
1682,100311745
1720,100316745
1762,100321745
1789,100326745
1803,100331745
1807,100336745
1846,100341745
1864,100346745
1891,100351745
1928,100356745
1947,100361745
1955,100366745
1979,100371745
2014,100376745
2065,100381745
2050,100386745
2071,100391745
2113,100396745
2155,100401745
2169,100406745
2164,100411745
2178,100416745
2189,100421745
2176,100426745
2170,100431745
2171,100436745
2212,100441745
2213,100446745
2219,100451745
2270,100456745
2269,100461745
2282,100466745
2210,100471745
2165,100476745
2123,100481745
2048,100486745
1950,100491745
1873,100496745
1810,100501745
1763,100506745
1763,100511745
1746,100516748
1762,100521746
1798,100526746
1801,100531745
1844,100536745
1871,100541745
1870,100546745
1896,100551745
1928,100556745
1960,100561745
1945,100566745
1930,100571745
1941,100576745
1976,100581745
1980,100586745
1977,100591745
1949,100596745
1945,100601746
1923,100606748
1881,100611745
1858,100616745
1872,100621745
1852,100626745
1810,100631745
1763,100636745
1794,100641745
1767,100646745
1746,100651745
1721,100656745
1743,100661745
1721,100666745
1696,100671745
1707,100676745
1679,100681745
1699,100686745
1695,100691745
1694,100696745
1692,100701745
1692,100706745
1686,100711745
1701,100716745
1718,100721745
1746,100726745
1779,100731745
1855,100736745
1938,100741745
2001,100746745
2077,100751745
2165,100756745
2209,100761745
2275,100766745
2369,100771745
2381,100776745
2296,100781745
2207,100786745
2183,100791745
2153,100796745
2022,100801745
1758,100806745
1540,100811745
1434,100816745
1366,100821745
1355,100826745
1337,100831745
1355,100836745
1400,100841745
1406,100846745
1423,100851745
1422,100856745
1369,100861745
1324,100866745
1462,100871745
1816,100876745
2138,100881745
2495,100886745
2917,100891745
3422,100896745
3289,100901745
2428,100906745
1540,100911745
889,100916745
843,100921745
1093,100926745
1329,100931745
1409,100936745
1437,100941745
1409,100946745
1464,100951745
1501,100956745
1528,100961745
1576,100966745
1605,100971745
1628,100976745
1680,100981745
1701,100986745
1704,100991745
1755,100996745
1773,101001745
1789,101006745
1796,101011745
1784,101016747
1850,101021747
1883,101026745
1903,101031745
1918,101036745
1944,101041745
1951,101046745
1977,101051745
1995,101056745
2026,101061745
2079,101066745
2104,101071745
2125,101076745
2151,101081745
2164,101086745
2156,101091745
2157,101096745
2188,101101745
2202,101106745
2211,101111745
2214,101116746
2243,101121746
2256,101126745
2265,101131745
2281,101136745
2270,101141745
2260,101146745
2226,101151745
2192,101156745
2143,101161745
2059,101166745
1970,101171745
1903,101176745
1848,101181745
1797,101186745
1781,101191745
1780,101196745
1783,101201745
1782,101206745
1789,101211745
1842,101216745
1888,101221745
1897,101226745
1916,101231745
1948,101236745
1954,101241745
1942,101246745
1929,101251745
1947,101256745
1968,101261745
1964,101266745
1931,101271745
1913,101276745
1924,101281745
1916,101286745
1892,101291745
1886,101296745
1896,101301745
1855,101306745
1833,101311745
1832,101316745
1837,101321745
1806,101326745
1772,101331745
1769,101336745
1774,101341745
1750,101346745
1723,101351745
1725,101356745
1730,101361745
1723,101366745
1731,101371745
1751,101376745
1748,101381745
1726,101386745
1705,101391745
1704,101396745
1737,101401745
1748,101406745
1745,101411745
1764,101416745
1767,101421745
1770,101426745
1768,101431745
1775,101436745
1804,101441745
1825,101446745
1866,101451745
1959,101456745
2045,101461745
2096,101466745
2160,101471745
2216,101476745
2306,101481745
2420,101486745
2464,101491745
2416,101496745
2330,101501745
2254,101506745
2213,101511745
2095,101516745
1866,101521745
1628,101526745
1481,101531745
1402,101536745
1390,101541745
1400,101546745
1403,101551745
1411,101556745
1421,101561745
1440,101566745
1452,101571745
1436,101576745
1404,101581745
1474,101586745
1726,101591745
2049,101596748
2377,101601745
2715,101606745
3153,101611745
3264,101616746
2616,101621747
1730,101626746
1006,101631745
806,101636745
1036,101641745
1313,101646745
1457,101651745
1497,101656745
1524,101661745
1544,101666745
1547,101671745
1564,101676745
1615,101681745
1658,101686745
1669,101691745
1701,101696745
1739,101701745
1754,101706745
1762,101711745
1789,101716745
1810,101721745
1852,101726745
1884,101731745
1907,101736745
1926,101741745
1942,101746745
1936,101751745
1978,101756745
2002,101761745
2005,101766745
2018,101771745
2048,101776745
2079,101781745
2106,101786745
2097,101791745
2121,101796745
2149,101801745
2163,101806745
2187,101811745
2199,101816745
2202,101821745
2205,101826745
2204,101831745
2190,101836745
2218,101841745
2261,101846745
2246,101851745
2264,101856745
2278,101861745
2271,101866745
2205,101871745
2165,101876745
2115,101881745
2053,101886745
1960,101891745
1885,101896745
1850,101901745
1794,101906745
1768,101911745
1755,101916745
1760,101921745
1792,101926745
1791,101931745
1828,101936745
1868,101941745
1892,101946745
1906,101951745
1931,101956745
1953,101961745
1946,101966745
1947,101971745
1971,101976745
1964,101981745
1937,101986745
1921,101991745
1907,101996745
1918,102001745
1920,102006745
1890,102011745
1897,102016745
1865,102021745
1840,102026745
1832,102031745
1814,102036745
1800,102041745
1768,102046745
1747,102051745
1760,102056745
1741,102061745
1749,102066745
1736,102071745
1736,102076745
1741,102081745
1743,102086745
1728,102091745
1723,102096745
1734,102101745
1720,102106745
1704,102111745
1685,102116747
1711,102121746
1711,102126745
1718,102131745
1747,102136745
1758,102141745
1767,102146745
1769,102151745
1782,102156745
1854,102161745
1925,102166745
2000,102171745
2063,102176745
2145,102181745
2199,102186745
2233,102191745
2350,102196745
2416,102201745
2441,102206745
2316,102211745
2243,102216745
2242,102221745
2187,102226745
1977,102231745
1713,102236745
1530,102241745
1435,102246745
1395,102251745
1370,102256745
1369,102261745
1395,102266745
1385,102271745
1432,102276745
1454,102281745
1438,102286745
1358,102291745
1350,102296745
1545,102301745
1897,102306745
2207,102311745
2577,102316745
3005,102321745
3423,102326745
3069,102331745
2167,102336745
1330,102341745
819,102346745
864,102351745
1145,102356745
1357,102361745
1441,102366745
1484,102371745
1531,102376745
1561,102381745
1563,102386745
1580,102391745
1615,102396745
1657,102401745
1670,102406745
1683,102411745
1704,102416745
1727,102421745
1752,102426745
1769,102431745
1797,102436745
1816,102441745
1824,102446745
1836,102451745
1871,102456745
1897,102461745
1922,102466745
1951,102471745
1987,102476745
2000,102481745
1998,102486745
1993,102491745
2031,102496745
2061,102501745
2091,102506745
2106,102511745
2118,102516745
2144,102521745
2146,102526745
2149,102531745
2157,102536745
2185,102541745
2203,102546745
2175,102551745
2202,102556745
2221,102561745
2235,102566745
2229,102571745
2236,102576745
2218,102581745
2176,102586745
2123,102591748
2068,102596745
1984,102601745
1926,102606745
1877,102611745
1826,102616746
1789,102621746
1776,102626745
1783,102631745
1797,102636745
1822,102641745
1844,102646745
1869,102651745
1885,102656745
1917,102661745
1925,102666745
1924,102671745
1939,102676745
1926,102681745
1938,102686745
1931,102691745
1926,102696745
1915,102701745
1895,102706745
1889,102711745
1874,102716747
1856,102721746
1830,102726745
1819,102731745
1796,102736745
1787,102741745
1751,102746745
1727,102751745
1748,102756745
1729,102761745
1726,102766745
1715,102771745
1707,102776745
1713,102781745
1696,102786745
1691,102791745
1692,102796745
1707,102801745
1727,102806745
1704,102811745
1716,102816745
1731,102821745
1718,102826745
1725,102831745
1725,102836745
1757,102841745
1847,102846745
1921,102851745
2004,102856745
2065,102861745
2119,102866745
2169,102871745
2270,102876745
2374,102881745
2416,102886745
2328,102891745
2205,102896745
2191,102901745
2170,102906745
2053,102911745
1821,102916745
1571,102921745
1428,102926745
1345,102931745
1329,102936745
1363,102941745
1354,102946745
1326,102951745
1367,102956745
1407,102961745
1436,102966745
1418,102971745
1297,102976745
1333,102981745
1575,102986745
1930,102991745
2316,102996745
2714,103001745
3205,103006745
3491,103011745
2931,103016745
1989,103021745
1158,103026745
782,103031745
908,103036745
1188,103041745
1361,103046745
1405,103051745
1433,103056745
1458,103061745
1472,103066745
1488,103071745
1531,103076745
1592,103081745
1635,103086745
1655,103091745
1685,103096745
1697,103101745
1714,103106745
1731,103111745
1764,103116745
1813,103121745
1840,103126745
1835,103131745
1869,103136745
1914,103141745
1918,103146745
1935,103151745
1957,103156745
1986,103161745
2000,103166745
2004,103171745
2015,103176745
2044,103181745
2074,103186745
2068,103191745
2107,103196745
2129,103201745
2130,103206745
2127,103211745
2128,103216747
2159,103221746
2168,103226746
2153,103231745
2187,103236745
2217,103241745
2240,103246745
2245,103251745
2259,103256745
2248,103261745
2219,103266745
2178,103271745
2113,103276745
2052,103281745
1925,103286745
1856,103291745
1825,103296745
1801,103301745
1781,103306745
1764,103311745
1793,103316745
1828,103321745
1839,103326745
1854,103331745
1887,103336745
1915,103341745
1949,103346745
1927,103351745
1950,103356745
1968,103361745
1976,103366745
1956,103371745
1950,103376745
1951,103381745
1950,103386745
1902,103391745
1882,103396745
1899,103401745
1869,103406745
1859,103411745
1835,103416745
1809,103421745
1762,103426745
1753,103431745
1757,103436745
1761,103441745
1750,103446745
1715,103451745
1706,103456745
1719,103461745
1716,103466745
1714,103471745
1699,103476745
1693,103481745
1709,103486745
1728,103491745
1720,103496745
1714,103501745
1702,103506745
1701,103511745
1728,103516745
1768,103521745
1806,103526745
1872,103531745
1950,103536745
2011,103541745
2090,103546745
2164,103551745
2207,103556745
2309,103561745
2404,103566745
2428,103571745
2324,103576745
2244,103581745
2220,103586748
2154,103591745
2011,103596745
1787,103601745
1559,103606745
1437,103611745
1378,103616745
1365,103621745
1361,103626745
1317,103631745
1338,103636745
1394,103641745
1423,103646745
1450,103651745
1414,103656745
1346,103661745
1393,103666745
1621,103671745
1957,103676745
2290,103681745
2648,103686745
3145,103691745
3363,103696745
2731,103701745
1814,103706745
1058,103711745
808,103716745
1020,103721746
1301,103726746
1432,103731745
1498,103736745
1537,103741745
1539,103746745
1563,103751745
1589,103756745
1619,103761745
1641,103766745
1682,103771745
1709,103776745
1732,103781745
1741,103786745
1749,103791745
1769,103796745
1790,103801745
1826,103806745
1833,103811745
1850,103816745
1911,103821745
1938,103826745
1951,103831745
1975,103836745
1989,103841745
1989,103846745
2009,103851745
2020,103856745
2030,103861745
2049,103866745
2075,103871745
2111,103876745
2128,103881745
2124,103886745
2109,103891745
2142,103896745
2158,103901745
2164,103906745
2153,103911745
2174,103916745
2216,103921745
2222,103926745
2240,103931745
2255,103936745
2241,103941745
2253,103946745
2179,103951745
2123,103956745
2061,103961745
2018,103966745
1973,103971745
1923,103976745
1878,103981745
1820,103986745
1785,103991745
1799,103996745
1813,104001745
1814,104006745
1814,104011745
1842,104016745
1888,104021745
1917,104026745
1958,104031745
1959,104036745
1979,104041745
1965,104046745
1946,104051745
1942,104056745
1939,104061745
1931,104066745
1949,104071745
1947,104076745
1912,104081745
1886,104086745
1871,104091745
1849,104096745
1831,104101745
1822,104106745
1806,104111745
1780,104116745
1790,104121745
1760,104126745
1732,104131745
1716,104136745
1717,104141745
1704,104146745
1699,104151745
1684,104156745
1678,104161745
1686,104166745
1683,104171745
1691,104176745
1701,104181745
1729,104186745
1709,104191745
1715,104196745
1731,104201745
1811,104206745
1851,104211745
1920,104216745
1986,104221745
2085,104226745
2138,104231745
2173,104236745
2249,104241745
2346,104246747
2414,104251746
2327,104256745
2235,104261745
2211,104266745
2150,104271745
2004,104276745
1766,104281745
1549,104286745
1413,104291745
1353,104296745
1352,104301745
1328,104306745
1322,104311745
1341,104316747
1375,104321746
1412,104326746
1435,104331745
1416,104336745
1346,104341745
1379,104346745
1601,104351745
1904,104356745
2258,104361745
2635,104366745
3182,104371745
3388,104376745
2726,104381745
1817,104386745
1055,104391745
807,104396745
1025,104401745
1295,104406745
1418,104411745
1480,104416745
1525,104421745
1539,104426745
1566,104431745
1592,104436745
1623,104441745
1638,104446745
1627,104451745
1651,104456745
1695,104461745
1706,104466745
1709,104471745
1790,104476745
1838,104481745
1854,104486745
1872,104491745
1896,104496745
1920,104501745
1947,104506745
1963,104511745
1983,104516745
1970,104521745
1989,104526745
2019,104531745
2045,104536745
2052,104541745
2074,104546745
2096,104551745
2122,104556745
2142,104561745
2148,104566745
2167,104571746
2172,104576748
2192,104581745
2182,104586745
2161,104591745
2165,104596745
2189,104601745
2207,104606745
2237,104611745
2246,104616745
2244,104621745
2225,104626745
2193,104631745
2132,104636745
2074,104641745
2008,104646745
1941,104651745
1858,104656745
1836,104661745
1791,104666745
1753,104671745
1783,104676745
1811,104681745
1836,104686745
1838,104691745
1855,104696745
1885,104701745
1908,104706745
1926,104711745
1937,104716745
1969,104721745
1969,104726745
1947,104731745
1949,104736745
1948,104741745
1939,104746745
1919,104751745
1908,104756745
1919,104761745
1880,104766745
1862,104771745
1856,104776745
1853,104781745
1831,104786745
1795,104791745
1784,104796745
1775,104801745
1747,104806745
1717,104811745
1723,104816747
1699,104821747
1710,104826745
1704,104831745
1709,104836745
1723,104841745
1737,104846745
1717,104851745
1719,104856745
1731,104861745
1753,104866745
1797,104871745
1872,104876745
1973,104881745
2034,104886745
2102,104891745
2166,104896745
2221,104901745
2318,104906745
2399,104911745
2406,104916745
2305,104921745
2217,104926745
2204,104931745
2145,104936745
1977,104941745
1718,104946745
1476,104951745
1369,104956745
1320,104961745
1329,104966745
1351,104971745
1362,104976745
1348,104981745
1365,104986745
1375,104991745
1406,104996745
1374,105001745
1286,105006745
1305,105011745
1565,105016745
1900,105021745
2236,105026745
2634,105031745
3213,105036745
3404,105041745
2702,105046745
1789,105051745
1060,105056745
847,105061745
1047,105066745
1305,105071745
1432,105076745
1472,105081745
1510,105086745
1544,105091745
1573,105096745
1590,105101745
1598,105106745
1625,105111745
1664,105116745
1699,105121745
1735,105126745
1756,105131745
1760,105136745
1797,105141745
1817,105146745
1845,105151745
1863,105156745
1884,105161745
1904,105166745
1908,105171745
1915,105176745
1956,105181745
1974,105186745
1973,105191745
2008,105196745
2039,105201745
2035,105206745
2027,105211745
2062,105216745
2089,105221745
2112,105226745
2113,105231745
2109,105236745
2145,105241745
2141,105246745
2131,105251745
2126,105256745
2169,105261745
2202,105266745
2209,105271745
2244,105276745
2259,105281745
2258,105286745
2244,105291745
2205,105296745
2157,105301745
2075,105306745
1986,105311745
1946,105316747
1862,105321746
1839,105326746
1810,105331745
1805,105336745
1804,105341745
1790,105346745
1807,105351745
1846,105356745
1882,105361745
1901,105366745
1901,105371745
1929,105376745
1959,105381745
1954,105386745
1966,105391745
1968,105396745
1962,105401745
1947,105406745
1927,105411745
1909,105416745
1909,105421745
1872,105426745
1861,105431745
1852,105436745
1855,105441745
1833,105446745
1796,105451745
1767,105456745
1766,105461745
1761,105466745
1748,105471745
1741,105476745
1746,105481745
1740,105486745
1728,105491745
1718,105496745
1725,105501745
1699,105506745
1678,105511745
1687,105516745
1692,105521745
1688,105526745
1713,105531745
1779,105536745
1854,105541745
1930,105546745
2003,105551745
2082,105556745
2148,105561745
2189,105566745
2277,105571747
2376,105576745
2439,105581745
2366,105586745
2224,105591745
2225,105596745
2188,105601745
2070,105606745
1785,105611745
1556,105616745
1421,105621745
1348,105626745
1318,105631745
1317,105636745
1335,105641745
1342,105646745
1362,105651745
1374,105656745
1397,105661745
1386,105666745
1282,105671745
1300,105676745
1504,105681745
1880,105686745
2255,105691745
2735,105696745
3278,105701745
3748,105706745
3365,105711745
2380,105716745
1443,105721745
837,105726745
832,105731745
1083,105736745
1277,105741745
1367,105746745
1391,105751745
1401,105756745
1425,105761745
1469,105766745
1477,105771745
1540,105776745
1573,105781745
1607,105786745
1636,105791745
1662,105796745
1682,105801745
1697,105806745
1714,105811745
1751,105816747
1789,105821747
1795,105826745
1802,105831745
1826,105836745
1866,105841745
1886,105846745
1894,105851745
1915,105856745
1932,105861745
1933,105866745
1953,105871745
2002,105876745
2007,105881745
2010,105886745
2044,105891745
2078,105896745
2102,105901745
2105,105906745
2089,105911745
2112,105916745
2153,105921745
2166,105926745
2163,105931745
2180,105936745
2228,105941745
2277,105946745
2260,105951747
2265,105956746
2227,105961745
2208,105966745
2139,105971745
2086,105976745
2034,105981745
1965,105986745
1909,105991745
1879,105996745
1864,106001745
1852,106006745
1874,106011745
1887,106016745
1908,106021745
1928,106026745
1961,106031745
1972,106036745
1973,106041745
1984,106046745
2003,106051745
2010,106056745
2027,106061745
2001,106066745
1972,106071745
1953,106076745
1945,106081745
1942,106086745
1905,106091745
1908,106096745
1885,106101745
1847,106106745
1844,106111745
1846,106116745
1844,106121745
1822,106126745
1787,106131745
1751,106136745
1760,106141745
1758,106146745
1755,106151745
1749,106156745
1744,106161745
1717,106166745
1722,106171745
1728,106176745
1745,106181745
1763,106186745
1791,106191745
1860,106196745
1912,106201745
1980,106206745
2053,106211745
2114,106216745
2185,106221745
2296,106226745
2378,106231745
2396,106236745
2317,106241745
2250,106246745
2213,106251745
2168,106256745
2017,106261745
1746,106266745
1525,106271745
1427,106276745
1384,106281745
1368,106286745
1359,106291745
1364,106296745
1367,106301745
1395,106306745
1404,106311745
1434,106316745
1453,106321745
1372,106326745
1324,106331745
1457,106336745
1752,106341745
2092,106346745
2569,106351745
3129,106356745
3751,106361745
3578,106366745
2649,106371745
1695,106376745
962,106381745
828,106386745
1044,106391745
1251,106396745
1333,106401745
1366,106406745
1378,106411745
1388,106416745
1441,106421745
1503,106426745
1520,106431745
1542,106436745
1580,106441745
1604,106446745
1597,106451747
1647,106456747
1701,106461745
1737,106466745
1733,106471745
1767,106476745
1793,106481745
1807,106486745
1841,106491745
1864,106496745
1889,106501745
1917,106506745
1926,106511745
1962,106516745
1981,106521745
1959,106526745
1966,106531745
1990,106536745
2021,106541745
2041,106546745
2057,106551745
2086,106556745
2083,106561747
2091,106566748
2084,106571745
2112,106576745
2133,106581745
2113,106586745
2128,106591745
2189,106596745
2242,106601745
2223,106606745
2206,106611745
2191,106616745
2166,106621745
2117,106626745
2056,106631745
2018,106636745
1961,106641745
1897,106646745
1852,106651745
1840,106656745
1846,106661745
1868,106666745
1859,106671745
1890,106676745
1913,106681745
1904,106686745
1933,106691745
1992,106696745
2004,106701745
2001,106706745
2018,106711745
2020,106716745
2017,106721745
2006,106726745
1984,106731745
1983,106736745
1975,106741745
1955,106746745
1914,106751745
1894,106756745
1878,106761745
1874,106766745
1849,106771745
1836,106776745
1813,106781745
1781,106786745
1771,106791745
1772,106796745
1782,106801745
1758,106806745
1738,106811745
1760,106816745
1732,106821745
1737,106826745
1753,106831745
1813,106836745
1878,106841745
1936,106846745
2013,106851745
2111,106856745
2182,106861745
2208,106866745
2312,106871745
2440,106876745
2492,106881745
2379,106886745
2289,106891745
2239,106896745
2160,106901745
2007,106906745
1721,106911745
1514,106916745
1393,106921745
1320,106926745
1280,106931745
1284,106936745
1283,106941745
1278,106946745
1310,106951745
1341,106956745
1374,106961745
1376,106966745
1296,106971745
1262,106976745
1328,106981747
1558,106986746
1843,106991745
2247,106996745
2752,107001745
3389,107006745
3393,107011745
2561,107016745
1704,107021745
1012,107026745
928,107031745
1187,107036745
1391,107041745
1457,107046745
1477,107051745
1496,107056745
1513,107061745
1530,107066745
1538,107071745
1579,107076745
1626,107081745
1648,107086745
1667,107091745
1711,107096745
1743,107101745
1761,107106745
1761,107111745
1782,107116745
1819,107121745
1851,107126745
1866,107131745
1874,107136745
1912,107141745
1919,107146745
1925,107151745
1952,107156745
1967,107161745
1974,107166745
2010,107171745
2035,107176745
2064,107181745
2081,107186745
2098,107191745
2105,107196745
2116,107201745
2103,107206745
2128,107211745
2139,107216745
2127,107221745
2143,107226745
2158,107231745
2195,107236745
2221,107241745
2247,107246745
2255,107251745
2246,107256745
2199,107261745
2142,107266745
2067,107271745
2011,107276745
1948,107281745
1879,107286745
1826,107291745
1809,107296745
1805,107301745
1786,107306745
1771,107311745
1781,107316745
1794,107321745
1838,107326745
1887,107331745
1883,107336745
1881,107341745
1920,107346745
1944,107351745
1972,107356745
1982,107361745
1964,107366745
1956,107371745
1976,107376745
1975,107381745
1939,107386745
1911,107391745
1922,107396745
1893,107401745
1849,107406745
1834,107411745
1841,107416745
1826,107421745
1807,107426745
1789,107431745
1756,107436745
1760,107441745
1741,107446745
1719,107451748
1687,107456745
1706,107461745
1686,107466745
1661,107471745
1707,107476745
1730,107481745
1704,107486745
1709,107491745
1743,107496745
1821,107501745
1908,107506745
1974,107511745
2064,107516747
2145,107521746
2201,107526745
2312,107531745
2458,107536745
2505,107541745
2390,107546745
2255,107551745
2243,107556747
2212,107561745
2049,107566745
1774,107571745
1544,107576745
1416,107581745
1337,107586745
1304,107591745
1301,107596745
1298,107601745
1297,107606745
1308,107611745
1339,107616745
1380,107621745
1393,107626745
1339,107631745
1283,107636745
1327,107641745
1567,107646745
1864,107651745
2268,107656745
2724,107661745
3306,107666745
3428,107671745
2706,107676745
1807,107681745
1048,107686745
868,107691745
1117,107696745
1337,107701745
1433,107706745
1456,107711745
1467,107716745
1494,107721745
1515,107726745
1545,107731745
1595,107736745
1635,107741745
1652,107746745
1642,107751745
1677,107756745
1728,107761745
1736,107766745
1774,107771745
1813,107776745
1814,107781745
1847,107786745
1873,107791745
1899,107796745
1916,107801745
1949,107806745
1981,107811745
2002,107816745
2019,107821745
2032,107826745
2058,107831745
2082,107836745
2090,107841745
2091,107846745
2121,107851745
2149,107856745
2165,107861745
2164,107866745
2139,107871745
2156,107876745
2188,107881745
2192,107886745
2202,107891745
2215,107896745
2246,107901745
2231,107906745
2230,107911745
2244,107916745
2214,107921745
2153,107926745
2084,107931745
2035,107936745
1991,107941745
1919,107946745
1854,107951745
1801,107956745
1785,107961745
1775,107966745
1784,107971745
1784,107976745
1798,107981745
1828,107986745
1866,107991745
1888,107996745
1914,108001745
1893,108006745
1912,108011745
1978,108016746
1957,108021746
1960,108026746
1955,108031745
1951,108036745
1959,108041745
1952,108046745
1926,108051745
1916,108056745
1922,108061745
1896,108066745
1861,108071745
1842,108076745
1821,108081745
1798,108086745
1793,108091745
1792,108096745
1773,108101745
1725,108106745
1710,108111745
1737,108116745
1732,108121745
1721,108126745
1717,108131745
1710,108136745
1731,108141745
1708,108146745
1696,108151745
1699,108156745
1682,108161745
1681,108166745
1675,108171745
1713,108176745
1748,108181745
1795,108186745
1861,108191745
1979,108196745
2078,108201745
2112,108206745
2160,108211745
2253,108216745
2370,108221745
2440,108226745
2418,108231745
2317,108236745
2266,108241745
2230,108246745
2143,108251745
1953,108256745
1680,108261745
1474,108266745
1403,108271745
1349,108276745
1342,108281745
1333,108286745
1331,108291745
1364,108296745
1416,108301745
1426,108306745
1431,108311745
1420,108316745
1352,108321745
1353,108326745
1550,108331745
1905,108336745
2224,108341745
2586,108346745
3064,108351745
3360,108356745
2867,108361745
1949,108366745
1152,108371745
828,108376745
1010,108381745
1267,108386745
1415,108391745
1470,108396745
1499,108401745
1510,108406745
1525,108411745
1560,108416745
1620,108421745
1642,108426745
1664,108431745
1700,108436745
1750,108441745
1763,108446745
1779,108451745
1805,108456745
1833,108461745
1878,108466745
1886,108471745
1907,108476745
1927,108481745
1939,108486745
1945,108491745
1974,108496745
2014,108501745
2039,108506745
2035,108511745
2051,108516748
2066,108521746
2091,108526745
2113,108531745
2146,108536745
2181,108541745
2167,108546745
2173,108551748
2196,108556745
2215,108561745
2226,108566745
2223,108571745
2228,108576745
2238,108581745
2258,108586745
2256,108591745
2260,108596745
2233,108601745
2199,108606745
2151,108611745
2107,108616745
2084,108621745
2023,108626745
1944,108631745
1878,108636745
1828,108641745
1790,108646745
1747,108651745
1748,108656745
1779,108661745
1780,108666745
1798,108671745
1842,108676745
1873,108681745
1889,108686745
1924,108691745
1956,108696745
1956,108701745
1945,108706745
1948,108711745
1971,108716745
1994,108721745
1976,108726745
1933,108731745
1920,108736745
1912,108741745
1917,108746745
1882,108751745
1876,108756745
1868,108761745
1829,108766745
1800,108771745
1793,108776745
1779,108781745
1763,108786745
1743,108791745
1746,108796745
1743,108801745
1731,108806745
1711,108811745
1718,108816745
1729,108821745
1709,108826745
1698,108831745
1720,108836745
1727,108841745
1720,108846745
1731,108851745
1721,108856745
1733,108861745
1720,108866745
1742,108871745
1833,108876745
1907,108881745
1995,108886745
2054,108891745
2136,108896745
2191,108901745
2258,108906745
2354,108911745
2429,108916745
2432,108921745
2309,108926745
2237,108931745
2220,108936745
2120,108941745
1944,108946745
1685,108951745
1525,108956745
1417,108961745
1357,108966745
1322,108971745
1334,108976745
1366,108981745
1387,108986745
1387,108991745
1412,108996745
1418,109001745
1375,109006745
1308,109011745
1351,109016747
1642,109021746
1968,109026745
2324,109031745
2732,109036745
3267,109041745
3480,109046745
2841,109051745
1933,109056745
1132,109061745
821,109066745
1006,109071745
1290,109076745
1408,109081745
1446,109086745
1458,109091745
1480,109096745
1508,109101745
1538,109106745
1574,109111745
1581,109116747
1651,109121746
1700,109126745
1716,109131745
1728,109136745
1751,109141745
1765,109146745
1780,109151745
1831,109156745
1858,109161745
1867,109166745
1891,109171745
1898,109176745
1935,109181745
1941,109186745
1964,109191745
1975,109196745
1992,109201745
2022,109206745
2037,109211745
2059,109216745
2083,109221745
2107,109226745
2118,109231745
2163,109236745
2159,109241745
2144,109246745
2128,109251745
2153,109256745
2175,109261745
2182,109266745
2193,109271745
2227,109276745
2256,109281745
2255,109286745
2264,109291745
2240,109296745
2198,109301745
2122,109306745
2053,109311745
1993,109316745
1935,109321745
1880,109326745
1825,109331745
1813,109336745
1784,109341745
1781,109346745
1805,109351745
1822,109356745
1838,109361745
1870,109366745
1895,109371745
1907,109376745
1930,109381745
1944,109386745
1937,109391745
1941,109396745
1980,109401745
1974,109406745
1958,109411745
1951,109416745
1940,109421745
1931,109426745
1906,109431745
1902,109436745
1870,109441745
1839,109446745
1829,109451745
1828,109456745
1828,109461745
1811,109466745
1775,109471745
1766,109476745
1759,109481745
1719,109486745
1722,109491745
1716,109496745
1739,109501745
1713,109506745
1725,109511745
1733,109516745
1721,109521745
1700,109526745
1733,109531745
1739,109536745
1720,109541746
1730,109546748
1732,109551745
1796,109556745
1870,109561745
1942,109566745
2013,109571745
2104,109576745
2176,109581745
2211,109586745
2281,109591745
2368,109596745
2415,109601745
2329,109606745
2230,109611745
2193,109616746
2147,109621746
2005,109626745
1754,109631745
1501,109636745
1376,109641745
1315,109646745
1313,109651745
1331,109656745
1346,109661745
1331,109666745
1353,109671745
1407,109676745
1446,109681745
1440,109686745
1353,109691745
1310,109696745
1441,109701745
1746,109706745
2008,109711745
2387,109716745
2807,109721745
3297,109726745
3072,109731745
2221,109736745
1424,109741745
883,109746745
911,109751745
1192,109756745
1407,109761745
1474,109766745
1478,109771745
1507,109776745
1520,109781745
1552,109786745
1593,109791745
1651,109796745
1688,109801745
1691,109806745
1722,109811745
1747,109816745
1772,109821745
1804,109826745
1813,109831745
1835,109836745
1883,109841745
1889,109846745
1910,109851745
1925,109856745
1931,109861745
1957,109866745
1949,109871745
1978,109876745
2024,109881745
2029,109886745
2030,109891745
2033,109896745
2058,109901745
2067,109906745
2090,109911745
2101,109916745
2126,109921745
2137,109926745
2149,109931745
2141,109936745
2157,109941745
2150,109946745
2196,109951745
2220,109956745
2260,109961745
2267,109966745
2240,109971745
2209,109976745
2179,109981745
2125,109986745
2048,109991745
1976,109996745
1937,110001745
1883,110006745
1839,110011745
1811,110016745
1802,110021745
1803,110026745
1773,110031745
1782,110036745
1820,110041745
1848,110046745
1864,110051745
1870,110056745
1875,110061745
1894,110066745
1918,110071745
1932,110076745
1935,110081745
1939,110086745
1955,110091745
1951,110096745
1960,110101745
1930,110106745
1900,110111745
1927,110116745
1898,110121748
1859,110126746
1859,110131745
1839,110136745
1849,110141745
1822,110146745
1790,110151745
1779,110156745
1772,110161745
1738,110166745
1725,110171745
1730,110176745
1745,110181745
1733,110186745
1695,110191745
1686,110196745
1742,110201745
1728,110206745
1728,110211745
1745,110216745
1758,110221745
1823,110226745
1909,110231745
2007,110236745
2072,110241745
2113,110246745
2162,110251745
2230,110256745
2368,110261745
2418,110266745
2356,110271745
2252,110276745
2220,110281745
2201,110286745
2093,110291745
1908,110296745
1649,110301745
1448,110306745
1344,110311745
1327,110316745
1320,110321745
1300,110326745
1324,110331745
1354,110336745
1384,110341745
1380,110346745
1390,110351745
1409,110356745
1331,110361745
1312,110366745
1496,110371745
1841,110376745
2171,110381745
2562,110386745
3070,110391745
3404,110396745
2884,110401745
1966,110406745
1174,110411745
844,110416745
1014,110421745
1277,110426745
1438,110431745
1495,110436745
1510,110441745
1533,110446745
1561,110451745
1581,110456745
1557,110461745
1620,110466745
1653,110471745
1685,110476745
1711,110481745
1730,110486745
1744,110491745
1762,110496745
1784,110501745
1806,110506745
1825,110511745
1857,110516745
1905,110521745
1923,110526745
1935,110531745
1968,110536745
2002,110541748
2030,110546745
2022,110551745
2044,110556745
2075,110561745
2093,110566745
2091,110571745
2097,110576745
2111,110581745
2128,110586745
2135,110591745
2142,110596745
2142,110601745
2146,110606745
2156,110611745
2192,110616747
2187,110621747
2194,110626746
2222,110631745
2238,110636745
2221,110641745
2187,110646745
2143,110651745
2074,110656745
2007,110661745
1943,110666745
1876,110671745
1829,110676745
1757,110681745
1738,110686745
1727,110691745
1744,110696745
1758,110701745
1756,110706745
1790,110711745
1823,110716745
1854,110721745
1882,110726745
1899,110731748
1947,110736746
1949,110741745
1936,110746745
1947,110751745
1962,110756745
1956,110761745
1960,110766745
1930,110771745
1914,110776745
1935,110781745
1912,110786745
1880,110791745
1879,110796745
1864,110801745
1828,110806745
1798,110811745
1800,110816745
1797,110821745
1794,110826745
1789,110831745
1752,110836745
1747,110841745
1736,110846745
1717,110851745
1703,110856745
1712,110861745
1716,110866745
1724,110871745
1715,110876745
1711,110881745
1728,110886745
1743,110891745
1745,110896745
1759,110901745
1786,110906745
1870,110911745
1952,110916745
2018,110921745
2090,110926745
2143,110931745
2197,110936745
2287,110941745
2371,110946745
2426,110951745
2385,110956745
2283,110961745
2234,110966745
2191,110971745
2087,110976745
1856,110981745
1581,110986745
1436,110991745
1389,110996745
1351,111001745
1321,111006745
1320,111011745
1346,111016745
1381,111021745
1393,111026745
1420,111031745
1455,111036745
1387,111041745
1316,111046745
1394,111051745
1692,111056745
1995,111061745
2349,111066745
2746,111071745
3306,111076745
3378,111081745
2648,111086745
1782,111091745
1047,111096745
872,111101745
1101,111106745
1319,111111745
1439,111116745
1480,111121745
1468,111126745
1488,111131745
1560,111136745
1609,111141745
1631,111146745
1634,111151745
1651,111156745
1705,111161745
1742,111166745
1761,111171745
1776,111176745
1821,111181745
1843,111186745
1836,111191745
1830,111196745
1893,111201745
1925,111206745
1936,111211745
1964,111216746
1983,111221746
2007,111226745
2015,111231745
2016,111236745
2030,111241745
2063,111246745
2076,111251745
2096,111256745
2105,111261745
2108,111266745
2128,111271745
2143,111276745
2156,111281745
2152,111286745
2162,111291745
2182,111296745
2213,111301745
2217,111306745
2233,111311745
2256,111316745
2264,111321745
2212,111326745
2189,111331745
2152,111336745
2115,111341745
2039,111346745
1951,111351745
1866,111356745
1811,111361745
1783,111366745
1734,111371745
1728,111376745
1739,111381745
1780,111386745
1762,111391745
1816,111396745
1866,111401745
1906,111406745
1886,111411745
1922,111416745
1946,111421745
1962,111426745
1959,111431745
1953,111436745
1959,111441745
1989,111446745
1950,111451745
1958,111456745
1967,111461745
1949,111466745
1920,111471745
1906,111476745
1902,111481745
1870,111486745
1843,111491745
1856,111496745
1857,111501745
1825,111506745
1790,111511745
1753,111516745
1749,111521745
1737,111526745
1723,111531747
1743,111536745
1738,111541745
1708,111546745
1691,111551745
1721,111556745
1736,111561745
1722,111566745
1712,111571745
1739,111576745
1806,111581745
1865,111586745
1931,111591745
1984,111596745
2073,111601745
2144,111606745
2191,111611745
2264,111616745
2369,111621745
2409,111626745
2354,111631745
2275,111636745
2243,111641745
2199,111646745
2105,111651745
1885,111656745
1630,111661745
1471,111666745
1390,111671745
1355,111676745
1335,111681745
1327,111686745
1341,111691745
1366,111696745
1377,111701745
1414,111706745
1431,111711745
1399,111716745
1321,111721745
1366,111726745
1608,111731745
1914,111736745
2249,111741745
2671,111746747
3222,111751745
3401,111756745
2724,111761745
1819,111766745
1071,111771745
861,111776745
1081,111781745
1345,111786745
1457,111791745
1499,111796745
1514,111801745
1521,111806745
1542,111811745
1574,111816745
1625,111821745
1645,111826745
1670,111831745
1695,111836745
1723,111841745
1744,111846745
1778,111851745
1810,111856745
1827,111861745
1840,111866745
1850,111871745
1873,111876745
1912,111881745
1922,111886745
1954,111891745
1982,111896745
2014,111901745
2017,111906745
2040,111911745
2059,111916745
2073,111921745
2099,111926745
2109,111931745
2120,111936745
2153,111941745
2153,111946745
2166,111951745
2173,111956745
2158,111961745
2151,111966745
2156,111971745
2188,111976745
2221,111981745
2227,111986745
2219,111991745
2209,111996745
2197,112001745
2161,112006745
2099,112011745
2048,112016745
1997,112021745
1943,112026745
1882,112031745
1823,112036745
1795,112041745
1757,112046745
1736,112051745
1750,112056745
1781,112061745
1807,112066745
1834,112071745
1854,112076745
1895,112081745
1928,112086745
1944,112091745
1955,112096745
1962,112101745
1944,112106745
1937,112111745
1948,112116745
1962,112121745
1945,112126745
1933,112131745
1929,112136745
1920,112141745
1908,112146745
1908,112151745
1883,112156745
1869,112161745
1860,112166745
1835,112171745
1828,112176745
1800,112181745
1758,112186745
1755,112191745
1782,112196745
1748,112201745
1730,112206745
1729,112211745
1742,112216746
1721,112221747
1702,112226746
1710,112231745
1739,112236745
1811,112241745
1890,112246745
1975,112251745
2040,112256745
2098,112261745
2151,112266745
2198,112271745
2323,112276745
2403,112281745
2393,112286745
2302,112291745
2224,112296745
2204,112301745
2140,112306745
1974,112311745
1711,112316746
1505,112321745
1366,112326745
1309,112331745
1300,112336745
1298,112341745
1300,112346745
1304,112351745
1339,112356745
1356,112361745
1376,112366745
1394,112371745
1321,112376745
1248,112381745
1312,112386745
1598,112391745
1872,112396745
2280,112401745
2774,112406745
3348,112411745
3232,112416745
2411,112421745
1576,112426745
959,112431745
931,112436745
1181,112441745
1384,112446745
1474,112451745
1517,112456745
1562,112461745
1568,112466745
1577,112471745
1604,112476745
1626,112481745
1649,112486745
1682,112491745
1709,112496745
1733,112501745
1761,112506745
1808,112511745
1816,112516745
1834,112521745
1837,112526748
1872,112531745
1916,112536745
1951,112541745
1947,112546745
1958,112551745
1987,112556745
2010,112561745
2024,112566745
2035,112571745
2058,112576745
2092,112581745
2105,112586745
2101,112591745
2114,112596745
2145,112601745
2129,112606745
2131,112611745
2176,112616745
2183,112621745
2178,112626745
2173,112631745
2202,112636745
2212,112641745
2227,112646745
2198,112651745
2197,112656745
2182,112661745
2112,112666745
2084,112671745
2026,112676745
1957,112681745
1893,112686745
1840,112691745
1812,112696745
1779,112701745
1733,112706745
1723,112711745
1757,112716745
1767,112721745
1791,112726745
1809,112731745
1840,112736745
1869,112741745
1886,112746745
1911,112751745
1947,112756745
1938,112761745
1953,112766745
1955,112771745
1957,112776745
1944,112781745
1914,112786745
1898,112791745
1918,112796745
1952,112801745
1935,112806745
1893,112811745
1857,112816748
1844,112821747
1839,112826745
1821,112831745
1808,112836745
1791,112841745
1763,112846745
1740,112851745
1742,112856745
1734,112861745
1732,112866745
1717,112871745
1731,112876745
1733,112881745
1718,112886745
1714,112891745
1714,112896745
1733,112901745
1769,112906745
1845,112911745
1920,112916745
2000,112921745
2070,112926745
2143,112931745
2179,112936745
2299,112941745
2396,112946745
2423,112951745
2354,112956745
2235,112961745
2193,112966745
2155,112971745
2041,112976745
1780,112981745
1528,112986745
1405,112991745
1331,112996745
1315,113001745
1325,113006745
1314,113011745
1315,113016745
1364,113021745
1376,113026745
1400,113031745
1448,113036745
1401,113041745
1291,113046745
1360,113051745
1629,113056745
1951,113061745
2283,113066745
2672,113071745
3233,113076745
3393,113081745
2692,113086745
1808,113091745
1075,113096745
847,113101745
1073,113106745
1331,113111745
1458,113116745
1496,113121745
1513,113126745
1522,113131745
1528,113136745
1559,113141745
1587,113146745
1624,113151745
1656,113156745
1672,113161745
1704,113166745
1736,113171745
1766,113176745
1780,113181745
1789,113186745
1809,113191745
1833,113196745
1876,113201745
1899,113206745
1914,113211745
1946,113216745
1974,113221745
1995,113226745
1993,113231745
2033,113236745
2059,113241745
2065,113246745
2075,113251745
2110,113256745
2110,113261745
2126,113266745
2155,113271745
2163,113276745
2171,113281745
2155,113286745
2170,113291745
2206,113296745
2230,113301745
2213,113306745
2213,113311745
2235,113316745
2217,113321747
2200,113326745
2173,113331745
2130,113336745
2065,113341745
1985,113346745
1915,113351745
1864,113356745
1827,113361745
1780,113366745
1718,113371745
1763,113376745
1762,113381745
1771,113386745
1789,113391745
1825,113396745
1853,113401745
1875,113406745
1897,113411745
1938,113416745
1953,113421745
1940,113426745
1945,113431745
1951,113436745
1973,113441745
1968,113446745
1960,113451745
1968,113456745
1948,113461745
1932,113466745
1934,113471745
1928,113476745
1928,113481745
1876,113486745
1837,113491745
1825,113496745
1826,113501745
1808,113506745
1784,113511745
1775,113516745
1758,113521748
1725,113526745
1740,113531745
1750,113536745
1737,113541745
1725,113546745
1714,113551745
1721,113556745
1735,113561745
1775,113566745
1803,113571745
1896,113576745
1981,113581745
2034,113586745
2103,113591745
2157,113596745
2241,113601745
2357,113606745
2434,113611745
2382,113616745
2270,113621745
2234,113626745
2203,113631745
2073,113636745
1827,113641745
1572,113646745
1420,113651745
1378,113656745
1324,113661745
1301,113666745
1318,113671745
1342,113676745
1374,113681745
1371,113686745
1404,113691745
1436,113696745
1431,113701745
1352,113706745
1357,113711745
1536,113716745
1892,113721745
2259,113726745
2734,113731745
3304,113736745
3681,113741745
3143,113746745
2159,113751745
1293,113756745
853,113761745
937,113766745
1186,113771745
1356,113776745
1417,113781745
1436,113786745
1437,113791745
1467,113796745
1495,113801745
1514,113806745
1557,113811745
1599,113816746
1631,113821746
1648,113826746
1657,113831746
1704,113836746
1768,113841745
1774,113846745
1756,113851745
1803,113856745
1824,113861745
1818,113866745
1835,113871745
1887,113876745
1918,113881745
1941,113886745
1951,113891745
1979,113896745
2007,113901745
1998,113906745
2005,113911745
2028,113916745
2065,113921745
2077,113926745
2066,113931745
2116,113936745
2115,113941745
2099,113946745
2101,113951748
2137,113956746
2154,113961745
2166,113966745
2194,113971745
2228,113976745
2249,113981745
2227,113986745
2182,113991745
2152,113996745
2112,114001745
2028,114006745
1958,114011745
1935,114016745
1887,114021745
1868,114026745
1830,114031745
1812,114036745
1805,114041745
1802,114046745
1822,114051745
1852,114056745
1872,114061745
1894,114066745
1916,114071745
1938,114076745
1962,114081745
1958,114086745
1995,114091745
2014,114096745
2014,114101745
2023,114106745
1992,114111745
1973,114116745
1955,114121745
1936,114126745
1922,114131745
1923,114136745
1920,114141745
1883,114146745
1870,114151745
1852,114156745
1839,114161745
1806,114166745
1789,114171745
1787,114176745
1784,114181745
1775,114186745
1736,114191745
1742,114196745
1724,114201745
1689,114206745
1699,114211745
1749,114216745
1812,114221745
1859,114226745
1954,114231745
2035,114236745
2092,114241745
2118,114246745
2172,114251745
2317,114256745
2417,114261745
2405,114266745
2293,114271745
2237,114276745
2202,114281745
2115,114286745
1948,114291745
1652,114296745
1481,114301745
1391,114306745
1359,114311745
1342,114316745
1335,114321745
1346,114326745
1364,114331745
1389,114336745
1415,114341745
1444,114346745
1435,114351745
1354,114356745
1308,114361745
1399,114366745
1681,114371745
1974,114376745
2413,114381745
2937,114386745
3591,114391745
3565,114396745
2715,114401745
1835,114406745
1078,114411745
883,114416745
1069,114421745
1299,114426745
1397,114431745
1439,114436745
1457,114441745
1459,114446745
1499,114451746
1541,114456747
1561,114461746
1580,114466745
1634,114471745
1686,114476745
1713,114481745
1733,114486745
1759,114491745
1797,114496745
1795,114501745
1806,114506745
1830,114511745
1880,114516748
1916,114521745
1914,114526745
1939,114531745
1966,114536745
1965,114541745
1976,114546745
1994,114551745
2001,114556745
2028,114561745
2034,114566745
2051,114571745
2077,114576745
2095,114581745
2080,114586745
2080,114591745
2084,114596745
2107,114601745
2133,114606745
2161,114611745
2199,114616745
2209,114621745
2210,114626745
2223,114631745
2239,114636745
2207,114641745
2138,114646745
2089,114651745
2048,114656745
1985,114661745
1914,114666745
1866,114671745
1837,114676745
1819,114681745
1794,114686745
1776,114691745
1766,114696745
1781,114701745
1796,114706745
1806,114711745
1865,114716745
1890,114721745
1907,114726745
1910,114731745
1947,114736745
1972,114741745
1959,114746745
1973,114751745
1998,114756745
2001,114761745
1975,114766745
1976,114771745
1953,114776745
1942,114781745
1940,114786745
1916,114791745
1895,114796745
1878,114801745
1857,114806745
1830,114811745
1843,114816745
1846,114821745
1821,114826745
1801,114831745
1784,114836745
1770,114841745
1756,114846745
1759,114851745
1771,114856745
1813,114861745
1867,114866745
1939,114871745
2025,114876745
2101,114881745
2147,114886745
2202,114891745
2261,114896745
2394,114901745
2469,114906745
2409,114911745
2278,114916745
2244,114921745
2200,114926745
2074,114931745
1845,114936745
1593,114941745
1434,114946745
1340,114951745
1295,114956745
1305,114961745
1304,114966746
1286,114971745
1318,114976745
1337,114981745
1357,114986745
1351,114991745
1382,114996745
1301,115001745
1218,115006745
1284,115011745
1557,115016745
1781,115021745
2157,115026745
2681,115031745
3329,115036745
3327,115041745
2505,115046745
1660,115051745
1024,115056745
973,115061745
1224,115066745
1423,115071745
1484,115076745
1500,115081745
1521,115086745
1537,115091745
1554,115096745
1595,115101745
1605,115106745
1642,115111745
1673,115116745
1694,115121745
1706,115126745
1731,115131745
1785,115136745
1805,115141745
1824,115146745
1864,115151745
1859,115156745
1850,115161745
1884,115166745
1935,115171745
1983,115176745
1985,115181745
1975,115186745
1989,115191745
2026,115196745
2043,115201745
2061,115206745
2093,115211745
2129,115216745
2150,115221745
2154,115226745
2139,115231745
2176,115236745
2188,115241745
2173,115246745
2182,115251745
2201,115256745
2221,115261745
2231,115266745
2236,115271745
2242,115276745
2209,115281745
2160,115286745
2095,115291745
2025,115296745
1969,115301745
1923,115306745
1871,115311745
1817,115316745
1761,115321745
1733,115326745
1722,115331745
1697,115336745
1699,115341745
1726,115346745
1737,115351745
1754,115356745
1795,115361745
1806,115366745
1816,115371745
1865,115376745
1892,115381745
1876,115386745
1896,115391745
1914,115396745
1932,115401745
1928,115406745
1947,115411745
1947,115416745
1944,115421745
1924,115426745
1904,115431745
1889,115436745
1865,115441745
1841,115446745
1843,115451747
1844,115456748
1815,115461745
1786,115466745
1785,115471745
1787,115476745
1778,115481745
1743,115486745
1742,115491745
1750,115496745
1734,115501745
1701,115506745
1711,115511748
1736,115516746
1738,115521748
1715,115526746
1711,115531746
1744,115536746
1811,115541746
1894,115546745
1978,115551745
2066,115556745
2144,115561745
2199,115566745
2235,115571745
2351,115576745
2441,115581745
2452,115586745
2361,115591745
2272,115596745
2239,115601745
2138,115606745
1975,115611745
1720,115616745
1517,115621745
1374,115626745
1321,115631745
1333,115636745
1316,115641745
1329,115646745
1341,115651745
1352,115656745
1394,115661745
1403,115666745
1426,115671745
1363,115676745
1318,115681745
1405,115686745
1726,115691745
2023,115696745
2411,115701745
2831,115706745
3366,115711745
3344,115716745
2504,115721745
1600,115726745
928,115731745
887,115736745
1186,115741745
1384,115746745
1465,115751745
1496,115756745
1493,115761745
1513,115766745
1524,115771745
1576,115776745
1616,115781745
1616,115786745
1644,115791745
1681,115796745
1719,115801745
1730,115806745
1736,115811745
1801,115816745
1859,115821745
1864,115826745
1874,115831745
1898,115836745
1931,115841745
1936,115846745
1970,115851745
2003,115856745
2011,115861745
2019,115866745
2036,115871745
2079,115876745
2099,115881745
2113,115886745
2124,115891745
2142,115896745
2173,115901745
2190,115906745
2189,115911745
2210,115916745
2217,115921745
2204,115926745
2202,115931745
2241,115936745
2238,115941745
2246,115946745
2225,115951745
2202,115956745
2155,115961745
2081,115966745
2022,115971745
1980,115976745
1921,115981745
1850,115986745
1794,115991745
1762,115996745
1730,116001745
1714,116006745
1680,116011745
1665,116016747
1688,116021746
1724,116026745
1764,116031745
1807,116036745
1827,116041745
1841,116046745
1869,116051745
1890,116056745
1908,116061745
1931,116066745
1945,116071745
1943,116076745
1930,116081745
1937,116086745
1938,116091745
1935,116096745
1920,116101745
1908,116106745
1913,116111745
1904,116116745
1886,116121745
1840,116126745
1813,116131745
1818,116136745
1784,116141745
1784,116146745
1788,116151745
1784,116156745
1756,116161745
1717,116166745
1730,116171745
1741,116176745
1739,116181745
1721,116186745
1694,116191745
1699,116196745
1711,116201745
1722,116206745
1711,116211745
1721,116216745
1734,116221745
1730,116226745
1743,116231745
1766,116236745
1809,116241745
1871,116246745
1965,116251745
2040,116256745
2100,116261745
2163,116266745
2217,116271745
2288,116276745
2401,116281745
2462,116286745
2410,116291745
2298,116296745
2265,116301745
2209,116306745
2083,116311745
1868,116316745
1627,116321745
1451,116326745
1375,116331745
1357,116336745
1352,116341745
1355,116346745
1345,116351745
1368,116356745
1414,116361745
1427,116366745
1432,116371745
1438,116376745
1366,116381745
1359,116386745
1560,116391745
1914,116396745
2223,116401745
2574,116406745
3038,116411745
3358,116416745
2883,116421745
1992,116426745
1198,116431745
840,116436745
1025,116441745
1315,116446745
1458,116451745
1504,116456745
1546,116461745
1553,116466745
1580,116471745
1607,116476745
1634,116481745
1662,116486745
1667,116491745
1709,116496745
1745,116501745
1768,116506747
1779,116511748
1805,116516745
1829,116521748
1846,116526746
1875,116531746
1896,116536746
1919,116541745
1931,116546745
1969,116551745
2018,116556745
2017,116561745
2025,116566745
2044,116571745
2072,116576745
2084,116581745
2101,116586745
2112,116591745
2128,116596745
2173,116601745
2185,116606745
2205,116611745
2206,116616745
2216,116621745
2223,116626745
2240,116631745
2248,116636745
2262,116641745
2259,116646745
2267,116651745
2248,116656745
2207,116661745
2146,116666745
2092,116671745
2033,116676745
1980,116681745
1896,116686745
1839,116691745
1789,116696745
1749,116701745
1724,116706745
1694,116711745
1710,116716745
1711,116721745
1712,116726745
1744,116731745
1789,116736745
1830,116741745
1846,116746745
1868,116751745
1907,116756745
1918,116761745
1915,116766745
1943,116771745
1987,116776745
1972,116781745
1963,116786745
1954,116791745
1939,116796745
1941,116801745
1939,116806745
1961,116811745
1930,116816745
1872,116821745
1838,116826745
1834,116831745
1819,116836745
1801,116841745
1791,116846745
1778,116851745
1771,116856745
1766,116861745
1770,116866745
1772,116871745
1772,116876745
1744,116881745
1725,116886745
1720,116891745
1727,116896745
1730,116901745
1706,116906745
1741,116911745
1751,116916745
1746,116921745
1743,116926745
1739,116931745
1736,116936745
1777,116941745
1834,116946745
1870,116951745
1981,116956745
2070,116961745
2122,116966745
2193,116971745
2245,116976745
2328,116981745
2399,116986745
2441,116991745
2373,116996745
2277,117001745
2253,117006745
2170,117011745
2094,117016746
1800,117021746
1565,117026745
1439,117031745
1392,117036745
1367,117041745
1352,117046745
1352,117051745
1387,117056745
1417,117061745
1401,117066745
1441,117071745
1486,117076745
1439,117081745
1386,117086745
1476,117091745
1786,117096745
2107,117101745
2456,117106745
2862,117111745
3385,117116749
3527,117121748
2775,117126745
1875,117131745
1089,117136745
842,117141745
1010,117146745
1285,117151745
1429,117156745
1466,117161745
1470,117166745
1507,117171745
1538,117176745
1529,117181745
1570,117186745
1619,117191745
1656,117196745
1675,117201745
1713,117206745
1725,117211745
1737,117216745
1764,117221745
1791,117226745
1797,117231745
1824,117236745
1861,117241745
1886,117246745
1911,117251745
1936,117256745
1962,117261745
1990,117266745
2015,117271745
2008,117276745
2018,117281745
2061,117286745
2073,117291745
2084,117296745
2100,117301745
2126,117306745
2120,117311745
2148,117316745
2175,117321745
2166,117326745
2173,117331745
2193,117336745
2206,117341745
2214,117346745
2236,117351745
2230,117356745
2219,117361745
2183,117366745
2149,117371745
2095,117376745
2032,117381745
1987,117386745
1926,117391745
1878,117396745
1839,117401745
1785,117406745
1753,117411745
1744,117416745
1766,117421745
1748,117426745
1778,117431745
1804,117436745
1821,117441745
1832,117446745
1868,117451745
1902,117456745
1920,117461745
1947,117466745
1954,117471745
1965,117476745
1968,117481745
1941,117486745
1936,117491745
1956,117496745
1938,117501748
1907,117506745
1897,117511745
1893,117516745
1871,117521745
1875,117526745
1869,117531745
1854,117536745
1827,117541745
1798,117546745
1775,117551745
1764,117556745
1771,117561745
1761,117566745
1746,117571745
1760,117576745
1745,117581745
1740,117586745
1748,117591745
1754,117596745
1746,117601745
1718,117606745
1713,117611745
1737,117616746
1740,117621747
1734,117626746
1755,117631745
1832,117636745
1917,117641745
1999,117646745
2075,117651745
2137,117656745
2185,117661745
2243,117666745
2361,117671745
2433,117676745
2409,117681745
2276,117686745
2232,117691745
2196,117696745
2084,117701745
1838,117706745
1567,117711745
1432,117716745
1377,117721745
1367,117726745
1358,117731745
1352,117736745
1360,117741745
1358,117746745
1398,117751745
1441,117756745
1461,117761745
1441,117766745
1368,117771745
1369,117776745
1507,117781745
1820,117786745
2113,117791745
2472,117796745
2972,117801745
3420,117806745
3013,117811745
2090,117816745
1283,117821745
886,117826745
1003,117831745
1313,117836745
1485,117841745
1494,117846745
1544,117851745
1566,117856745
1592,117861745
1606,117866745
1600,117871745
1647,117876745
1696,117881745
1733,117886745
1756,117891745
1778,117896745
1788,117901745
1804,117906745
1824,117911745
1851,117916745
1877,117921745
1896,117926745
1918,117931745
1936,117936745
1956,117941745
1944,117946745
1981,117951745
2031,117956745
2071,117961745
2086,117966745
2082,117971745
2109,117976745
2113,117981745
2125,117986745
2147,117991745
2189,117996745
2210,118001745
2210,118006745
2191,118011745
2206,118016745
2223,118021745
2245,118026745
2253,118031745
2256,118036745
2248,118041745
2228,118046745
2192,118051745
2140,118056745
2096,118061745
2044,118066745
2000,118071745
1952,118076745
1865,118081745
1790,118086745
1739,118091745
1722,118096745
1700,118101745
1665,118106745
1691,118111745
1729,118116745
1714,118121745
1755,118126747
1796,118131745
1846,118136745
1882,118141745
1897,118146745
1903,118151745
1931,118156745
1924,118161745
1910,118166745
1928,118171745
1924,118176745
1932,118181745
1931,118186745
1920,118191745
1898,118196745
1888,118201745
1874,118206745
1867,118211745
1840,118216745
1821,118221745
1800,118226745
1790,118231745
1812,118236745
1791,118241745
1761,118246745
1755,118251745
1754,118256745
1752,118261745
1743,118266745
1718,118271745
1715,118276745
1719,118281745
1718,118286745
1740,118291745
1725,118296745
1734,118301745
1770,118306745
1837,118311745
1939,118316745
2022,118321745
2088,118326745
2142,118331745
2207,118336745
2271,118341745
2361,118346745
2410,118351745
2361,118356745
2257,118361745
2218,118366745
2171,118371745
2095,118376745
1862,118381745
1580,118386745
1419,118391745
1345,118396745
1312,118401745
1292,118406745
1302,118411745
1313,118416745
1326,118421745
1333,118426745
1364,118431745
1409,118436745
1406,118441745
1324,118446745
1330,118451745
1520,118456745
1852,118461745
2132,118466745
2488,118471745
2976,118476745
3373,118481745
2923,118486745
2007,118491745
1237,118496748
839,118501745
966,118506745
1251,118511745
1440,118516745
1498,118521745
1523,118526745
1533,118531745
1571,118536745
1626,118541745
1625,118546745
1645,118551745
1691,118556745
1707,118561745
1712,118566745
1747,118571745
1780,118576745
1817,118581745
1824,118586745
1854,118591745
1870,118596745
1882,118601745
1900,118606745
1923,118611745
1928,118616749
1957,118621747
1972,118626746
2018,118631745
2059,118636745
2070,118641745
2084,118646745
2110,118651745
2142,118656745
2162,118661745
2169,118666745
2157,118671745
2186,118676745
2225,118681745
2216,118686745
2210,118691745
2240,118696745
2249,118701745
2247,118706745
2262,118711745
2267,118716747
2230,118721746
2210,118726746
2176,118731746
2110,118736745
2027,118741745
1954,118746745
1892,118751745
1862,118756745
1814,118761745
1766,118766745
1763,118771745
1730,118776745
1702,118781745
1709,118786745
1727,118791745
1734,118796745
1770,118801745
1810,118806745
1830,118811745
1854,118816745
1871,118821745
1883,118826745
1905,118831745
1917,118836745
1944,118841745
1947,118846745
1937,118851745
1950,118856745
1949,118861745
1929,118866745
1928,118871745
1905,118876745
1860,118881745
1866,118886745
1858,118891745
1858,118896745
1855,118901745
1837,118906745
1816,118911745
1789,118916745
1778,118921745
1754,118926745
1751,118931745
1740,118936745
1743,118941745
1730,118946745
1708,118951745
1713,118956745
1714,118961745
1727,118966745
1723,118971745
1740,118976745
1767,118981745
1811,118986745
1882,118991745
1968,118996745
2054,119001745
2103,119006745
2155,119011745
2236,119016745
2341,119021745
2434,119026745
2415,119031745
2298,119036745
2244,119041745
2217,119046745
2125,119051745
1937,119056745
1669,119061745
1482,119066745
1372,119071745
1319,119076745
1297,119081745
1296,119086745
1315,119091745
1348,119096745
1376,119101745
1397,119106745
1420,119111745
1405,119116745
1321,119121745
1284,119126745
1432,119131745
1779,119136745
2056,119141745
2394,119146745
2825,119151745
3375,119156745
3202,119161745
2301,119166745
1470,119171745
890,119176745
902,119181745
1168,119186745
1382,119191745
1432,119196745
1511,119201745
1538,119206745
1560,119211745
1545,119216750
1614,119221746
1645,119226745
1672,119231745
1705,119236745
1677,119241745
1700,119246745
1754,119251745
1789,119256745
1813,119261745
1837,119266745
1857,119271745
1897,119276745
1903,119281745
1899,119286745
1931,119291745
1963,119296745
1986,119301745
2005,119306745
2018,119311745
2037,119316745
2076,119321745
2085,119326745
2114,119331745
2150,119336745
2169,119341745
2191,119346745
2191,119351745
2207,119356745
2203,119361745
2181,119366745
2220,119371745
2265,119376745
2266,119381745
2232,119386745
2226,119391745
2233,119396745
2221,119401745
2162,119406745
2089,119411745
2015,119416745
1938,119421745
1901,119426745
1848,119431745
1817,119436745
1766,119441745
1721,119446745
1691,119451745
1691,119456745
1713,119461745
1723,119466745
1750,119471745
1784,119476745
1844,119481745
1836,119486745
1830,119491748
1871,119496745
1918,119501745
1940,119506745
1951,119511745
1963,119516745
1949,119521745
1937,119526745
1949,119531745
1946,119536745
1929,119541745
1909,119546745
1909,119551745
1893,119556745
1874,119561745
1844,119566745
1853,119571745
1850,119576745
1820,119581745
1794,119586745
1789,119591745
1768,119596745
1780,119601745
1771,119606745
1751,119611745
1764,119616745
1771,119621745
1733,119626745
1726,119631745
1777,119636745
1823,119641745
1863,119646745
1951,119651745
2033,119656745
2099,119661745
2158,119666745
2196,119671745
2298,119676745
2374,119681745
2400,119686745
2337,119691745
2234,119696745
2215,119701745
2177,119706745
2065,119711745
1833,119716745
1539,119721745
1398,119726745
1332,119731745
1339,119736745
1340,119741748
1313,119746746
1309,119751745
1330,119756745
1365,119761745
1376,119766745
1417,119771745
1405,119776745
1287,119781745
1258,119786745
1447,119791745
1805,119796745
2205,119801745
2651,119806745
3231,119811745
3605,119816745
3052,119821745
2124,119826745
1278,119831745
888,119836745
987,119841745
1240,119846745
1393,119851745
1436,119856745
1456,119861745
1472,119866745
1484,119871745
1517,119876745
1561,119881745
1603,119886745
1616,119891745
1640,119896745
1682,119901745
1716,119906745
1736,119911745
1783,119916745
1771,119921745
1801,119926745
1839,119931745
1887,119936745
1891,119941745
1899,119946745
1940,119951745
1944,119956745
1995,119961745
2025,119966745
2053,119971745
2053,119976745
2074,119981745
2089,119986745
2110,119991745
2154,119996745
2171,120001745
2165,120006745
2129,120011745
2144,120016745
2164,120021745
2169,120026745
2208,120031745
2233,120036745
2237,120041745
2235,120046745
2240,120051745
2224,120056745
2190,120061745
2147,120066745
2101,120071745
2072,120076745
1995,120081745
1930,120086745
1876,120091745
1839,120096745
1811,120101745
1774,120106745
1754,120111745
1762,120116745
1761,120121745
1785,120126745
1823,120131745
1837,120136745
1863,120141745
1878,120146745
1905,120151745
1941,120156745
1956,120161745
1959,120166745
1963,120171745
1951,120176745
1959,120181745
1953,120186745
1952,120191745
1918,120196745
1938,120201745
1909,120206745
1880,120211745
1877,120216747
1857,120221746
1865,120226745
1839,120231745
1827,120236745
1809,120241745
1776,120246745
1760,120251745
1759,120256745
1764,120261745
1746,120266745
1737,120271745
1743,120276745
1770,120281745
1819,120286745
1888,120291745
2016,120296745
2100,120301745
2138,120306745
2191,120311745
2206,120316747
2340,120321746
2455,120326746
2452,120331745
2320,120336745
2263,120341745
2216,120346745
2114,120351745
1948,120356745
1657,120361745
1455,120366745
1352,120371745
1317,120376745
1302,120381745
1261,120386745
1279,120391745
1302,120396745
1316,120401745
1318,120406745
1353,120411745
1392,120416745
1323,120421745
1211,120426745
1214,120431745
1425,120436745
1685,120441745
2087,120446745
2576,120451745
3233,120456745
3374,120461745
2658,120466745
1830,120471745
1106,120476745
942,120481745
1177,120486747
1400,120491745
1498,120496745
1513,120501745
1522,120506745
1540,120511745
1557,120516745
1591,120521745
1608,120526745
1634,120531745
1693,120536745
1715,120541745
1751,120546745
1786,120551745
1805,120556745
1798,120561745
1812,120566745
1844,120571745
1877,120576745
1898,120581745
1907,120586745
1905,120591745
1944,120596745
1985,120601745
2002,120606745
2027,120611745
2055,120616745
2062,120621745
2066,120626745
2095,120631745
2129,120636745
2152,120641745
2147,120646745
2150,120651745
2154,120656745
2164,120661745
2154,120666745
2180,120671745
2214,120676745
2225,120681745
2240,120686745
2238,120691745
2221,120696745
2208,120701745
2161,120706745
2103,120711745
2058,120716745
2010,120721745
1940,120726745
1886,120731745
1838,120736745
1809,120741745
1786,120746745
1757,120751745
1733,120756745
1726,120761745
1701,120766745
1742,120771745
1815,120776745
1838,120781745
1837,120786745
1849,120791745
1855,120796745
1881,120801745
1891,120806745
1940,120811745
1961,120816748
1960,120821747
1947,120826746
1945,120831746
1953,120836745
1940,120841745
1929,120846745
1929,120851745
1910,120856745
1887,120861745
1875,120866745
1851,120871745
1844,120876745
1851,120881745
1833,120886745
1812,120891745
1812,120896745
1813,120901745
1787,120906745
1769,120911745
1744,120916745
1741,120921745
1769,120926745
1838,120931745
1914,120936745
1994,120941745
2078,120946745
2125,120951745
2169,120956745
2240,120961745
2364,120966745
2447,120971745
2443,120976745
2305,120981745
2226,120986745
2189,120991745
2095,120996745
1908,121001745
1605,121006745
1425,121011745
1344,121016745
1305,121021745
1267,121026745
1272,121031745
1296,121036745
1307,121041745
1309,121046745
1354,121051745
1412,121056745
1395,121061745
1316,121066745
1213,121071745
1243,121076745
1479,121081745
1750,121086745
2171,121091745
2706,121096745
3372,121101745
3387,121106745
2567,121111745
1719,121116745
1038,121121745
948,121126745
1180,121131745
1425,121136745
1503,121141745
1498,121146745
1516,121151745
1544,121156745
1571,121161745
1596,121166745
1617,121171745
1658,121176745
1675,121181745
1704,121186745
1721,121191745
1745,121196745
1782,121201745
1812,121206745
1853,121211745
1878,121216745
1873,121221745
1879,121226745
1930,121231745
1941,121236745
1936,121241745
1972,121246745
1995,121251745
2029,121256745
2025,121261745
2033,121266745
2070,121271745
2095,121276745
2128,121281745
2115,121286745
2132,121291745
2156,121296745
2153,121301745
2164,121306745
2189,121311745
2203,121316745
2191,121321745
2216,121326746
2233,121331745
2241,121336745
2217,121341745
2175,121346745
2152,121351745
2101,121356745
2038,121361745
1985,121366745
1924,121371745
1897,121376745
1866,121381745
1777,121386745
1733,121391745
1741,121396745
1733,121401745
1718,121406745
1703,121411745
1755,121416745
1798,121421745
1800,121426745
1827,121431745
1853,121436745
1884,121441745
1854,121446745
1930,121451745
1952,121456745
1954,121461745
1959,121466745
1949,121471745
1954,121476747
1935,121481748
1899,121486745
1893,121491745
1920,121496745
1906,121501745
1871,121506745
1869,121511745
1864,121516745
1832,121521745
1801,121526745
1790,121531745
1809,121536745
1795,121541745
1780,121546745
1763,121551745
1752,121556745
1729,121561745
1738,121566745
1812,121571745
1898,121576745
1978,121581745
2053,121586745
2109,121591745
2164,121596745
2213,121601745
2323,121606745
2422,121611745
2453,121616745
2331,121621745
2241,121626745
2239,121631745
2172,121636745
1972,121641745
1663,121646745
1460,121651745
1381,121656745
1318,121661745
1267,121666745
1252,121671745
1284,121676745
1320,121681745
1332,121686745
1356,121691745
1388,121696745
1389,121701745
1335,121706745
1223,121711745
1207,121716745
1361,121721745
1642,121726745
2010,121731745
2513,121736745
3187,121741745
3521,121746745
2975,121751745
2112,121756745
1278,121761745
930,121766745
1099,121771745
1362,121776745
1488,121781745
1487,121786745
1497,121791745
1522,121796745
1509,121801745
1517,121806745
1566,121811745
1610,121816748
1626,121821746
1684,121826745
1721,121831745
1746,121836745
1761,121841745
1784,121846745
1821,121851745
1857,121856745
1846,121861745
1869,121866745
1903,121871745
1937,121876745
1944,121881745
1950,121886745
1980,121891745
2000,121896745
2018,121901745
2042,121906745
2063,121911745
2061,121916745
2033,121921745
2070,121926745
2116,121931745
2146,121936745
2159,121941745
2176,121946745
2141,121951747
2178,121956747
2207,121961745
2216,121966745
2246,121971745
2264,121976745
2227,121981745
2224,121986745
2190,121991745
2147,121996745
2092,122001745
2011,122006745
1942,122011745
1894,122016745
1876,122021745
1806,122026745
1762,122031745
1756,122036745
1751,122041745
1757,122046745
1761,122051745
1779,122056745
1805,122061745
1829,122066745
1836,122071745
1880,122076745
1892,122081745
1911,122086745
1937,122091745
1956,122096745
1963,122101745
1966,122106745
1986,122111745
1998,122116745
1985,122121745
1968,122126745
1952,122131745
1956,122136745
1942,122141745
1919,122146745
1907,122151745
1902,122156745
1869,122161745
1843,122166745
1826,122171745
1829,122176745
1807,122181745
1778,122186745
1763,122191745
1761,122196745
1749,122201745
1748,122206745
1762,122211745
1838,122216745
1890,122221745
1971,122226745
2044,122231745
2131,122236745
2190,122241745
2242,122246745
2349,122251745
2467,122256745
2418,122261745
2277,122266745
2227,122271745
2203,122276745
2122,122281745
1918,122286745
1630,122291745
1466,122296745
1387,122301745
1326,122306745
1295,122311745
1289,122316745
1289,122321745
1314,122326745
1356,122331745
1378,122336745
1401,122341745
1410,122346745
1354,122351745
1278,122356745
1292,122361745
1457,122366745
1728,122371745
2142,122376745
2634,122381745
3306,122386745
3562,122391745
2903,122396745
2009,122401745
1191,122406745
899,122411745
1098,122416745
1350,122421745
1443,122426745
1481,122431745
1512,122436745
1532,122441745
1549,122446745
1574,122451746
1610,122456748
1637,122461746
1644,122466747
1693,122471748
1743,122476745
1751,122481745
1744,122486745
1761,122491745
1811,122496745
1848,122501745
1854,122506745
1874,122511745
1895,122516745
1917,122521745
1948,122526745
1961,122531745
1980,122536745
2013,122541745
2014,122546745
2015,122551745
2038,122556745
2060,122561745
2084,122566745
2100,122571745
2126,122576745
2107,122581745
2075,122586745
2093,122591745
2140,122596745
2168,122601745
2189,122606745
2210,122611745
2227,122616745
2245,122621745
2230,122626745
2207,122631745
2190,122636745
2130,122641745
2083,122646745
2042,122651745
1979,122656745
1922,122661745
1860,122666745
1824,122671745
1824,122676745
1782,122681745
1765,122686745
1760,122691745
1765,122696745
1777,122701745
1813,122706745
1835,122711745
1861,122716745
1897,122721745
1893,122726745
1923,122731745
1976,122736745
1999,122741745
1990,122746745
1981,122751745
1992,122756745
2006,122761745
2013,122766745
2008,122771745
2001,122776745
1961,122781745
1930,122786745
1917,122791745
1913,122796745
1893,122801745
1865,122806745
1849,122811745
1858,122816745
1850,122821745
1793,122826745
1777,122831745
1772,122836745
1767,122841745
1771,122846745
1764,122851745
1791,122856745
1849,122861745
1899,122866745
1977,122871745
2065,122876745
2148,122881745
2211,122886745
2288,122891745
2380,122896745
2441,122901745
2400,122906745
2320,122911745
2268,122916745
2233,122921745
2116,122926745
1898,122931745
1640,122936745
1455,122941745
1351,122946745
1301,122951745
1282,122956745
1276,122961745
1293,122966747
1302,122971745
1341,122976745
1359,122981745
1372,122986745
1407,122991745
1363,122996745
1251,123001745
1229,123006745
1404,123011745
1714,123016745
2091,123021745
2579,123026745
3240,123031745
3424,123036745
2741,123041745
1859,123046745
1131,123051745
962,123056745
1168,123061745
1406,123066745
1497,123071745
1510,123076745
1520,123081745
1548,123086745
1581,123091745
1606,123096745
1621,123101745
1658,123106745
1694,123111745
1700,123116745
1745,123121745
1782,123126745
1791,123131745
1833,123136745
1855,123141745
1856,123146745
1864,123151745
1893,123156745
1907,123161745
1923,123166745
1968,123171745
1998,123176745
2010,123181745
2015,123186745
2042,123191745
2084,123196745
2075,123201745
2119,123206745
2139,123211745
2172,123216745
2181,123221745
2173,123226745
2185,123231745
2205,123236745
2206,123241745
2219,123246745
2237,123251745
2238,123256745
2241,123261745
2237,123266745
2219,123271745
2196,123276745
2162,123281745
2105,123286745
2050,123291745
2003,123296745
1926,123301745
1874,123306745
1843,123311745
1815,123316745
1794,123321745
1760,123326745
1737,123331745
1728,123336745
1727,123341745
1737,123346745
1770,123351745
1793,123356745
1797,123361745
1810,123366745
1828,123371745
1866,123376745
1905,123381745
1916,123386745
1934,123391745
1945,123396745
1951,123401745
1944,123406745
1954,123411745
1967,123416745
1945,123421745
1935,123426745
1907,123431745
1897,123436745
1886,123441745
1861,123446745
1852,123451745
1867,123456745
1833,123461747
1797,123466748
1782,123471745
1746,123476748
1737,123481746
1729,123486745
1754,123491745
1759,123496745
1736,123501745
1745,123506745
1802,123511745
1865,123516746
1944,123521746
2023,123526746
2122,123531745
2180,123536745
2211,123541745
2335,123546745
2430,123551745
2456,123556745
2331,123561745
2235,123566745
2228,123571745
2171,123576745
2013,123581745
1728,123586745
1499,123591745
1405,123596745
1350,123601745
1307,123606745
1299,123611745
1291,123616745
1284,123621745
1299,123626745
1334,123631745
1379,123636745
1409,123641745
1380,123646745
1267,123651745
1229,123656745
1361,123661745
1692,123666745
2058,123671745
2513,123676745
3070,123681745
3518,123686745
3098,123691745
2187,123696745
1336,123701745
879,123706745
997,123711745
1269,123716745
1426,123721745
1494,123726745
1500,123731745
1513,123736745
1538,123741745
1580,123746745
1581,123751745
1614,123756745
1663,123761745
1670,123766745
1713,123771745
1762,123776745
1773,123781745
1778,123786745
1822,123791745
1862,123796745
1875,123801745
1887,123806745
1906,123811745
1938,123816745
1937,123821745
1964,123826745
2001,123831745
2008,123836745
2023,123841745
2037,123846745
2076,123851745
2122,123856745
2137,123861745
2116,123866745
2131,123871745
2164,123876745
2178,123881745
2169,123886745
2170,123891745
2207,123896745
2238,123901745
2245,123906745
2262,123911745
2273,123916745
2266,123921745
2237,123926745
2222,123931745
2174,123936745
2078,123941745
2018,123946745
1975,123951745
1911,123956745
1858,123961745
1791,123966745
1759,123971745
1742,123976745
1720,123981745
1703,123986745
1729,123991745
1757,123996745
1741,124001745
1754,124006745
1791,124011745
1831,124016746
1846,124021746
1891,124026745
1933,124031745
1935,124036745
1935,124041745
1927,124046745
1941,124051745
1944,124056745
1947,124061745
1949,124066745
1941,124071745
1933,124076745
1924,124081745
1912,124086745
1892,124091745
1890,124096745
1868,124101745
1825,124106745
1798,124111745
1788,124116745
1776,124121745
1750,124126745
1757,124131745
1780,124136745
1755,124141745
1722,124146745
1713,124151745
1724,124156745
1718,124161745
1781,124166745
1837,124171745
1935,124176745
1992,124181745
2053,124186745
2105,124191745
2160,124196745
2256,124201745
2373,124206745
2450,124211745
2395,124216745
2254,124221745
2202,124226745
2179,124231745
2091,124236745
1854,124241745
1577,124246745
1416,124251745
1333,124256745
1301,124261745
1280,124266745
1277,124271745
1301,124276745
1312,124281745
1342,124286745
1356,124291745
1398,124296745
1405,124301745
1303,124306745
1246,124311745
1372,124316745
1702,124321745
2059,124326745
2531,124331745
3081,124336745
3667,124341745
3477,124346745
2560,124351745
1650,124356745
969,124361745
882,124366745
1101,124371745
1312,124376745
1412,124381745
1419,124386745
1435,124391745
1453,124396745
1489,124401745
1501,124406745
1528,124411745
1580,124416745
1629,124421745
1640,124426745
1675,124431745
1729,124436745
1727,124441745
1754,124446745
1789,124451745
1812,124456748
1821,124461745
1850,124466745
1855,124471745
1877,124476745
1912,124481745
1923,124486745
1966,124491745
1986,124496745
1989,124501745
2007,124506745
2031,124511745
2037,124516745
2062,124521745
2094,124526745
2102,124531748
2124,124536745
2117,124541745
2112,124546745
2152,124551745
2188,124556745
2205,124561745
2210,124566745
2212,124571745
2215,124576745
2211,124581745
2169,124586745
2113,124591745
2079,124596745
2007,124601745
1962,124606745
1915,124611745
1860,124616745
1832,124621745
1803,124626745
1771,124631745
1775,124636745
1757,124641745
1731,124646745
1745,124651745
1779,124656745
1822,124661745
1852,124666745
1869,124671745
1894,124676745
1877,124681745
1895,124686745
1925,124691745
1954,124696745
1959,124701745
1952,124706745
1957,124711745
1971,124716745
1960,124721745
1965,124726745
1968,124731745
1958,124736745
1927,124741745
1905,124746745
1889,124751745
1876,124756745
1868,124761745
1824,124766745
1822,124771745
1834,124776745
1808,124781745
1773,124786745
1751,124791745
1766,124796745
1795,124801745
1819,124806745
1860,124811745
1959,124816745
2014,124821745
2083,124826745
2142,124831745
2182,124836745
2281,124841745
2406,124846745
2448,124851745
2379,124856745
2241,124861745
2211,124866745
2198,124871745
2101,124876745
1810,124881745
1538,124886745
1397,124891745
1344,124896745
1324,124901745
1305,124906745
1304,124911745
1325,124916745
1337,124921745
1354,124926745
1400,124931745
1435,124936745
1426,124941745
1339,124946745
1269,124951745
1347,124956745
1574,124961745
1844,124966745
2289,124971746
2815,124976745
3486,124981745
3535,124986745
2766,124991745
1881,124996745
1103,125001745
927,125006745
1132,125011745
1343,125016746
1424,125021746
1417,125026745
1442,125031745
1484,125036745
1512,125041745
1515,125046745
1541,125051745
1588,125056745
1629,125061745
1663,125066745
1687,125071745
1700,125076745
1726,125081745
1756,125086745
1791,125091745
1806,125096745
1825,125101745
1867,125106745
1883,125111745
1906,125116747
1928,125121746
1937,125126746
1970,125131745
1998,125136745
1980,125141745
1967,125146745
2020,125151745
2062,125156745
2085,125161745
2083,125166745
2074,125171745
2080,125176745
2093,125181745
2094,125186745
2112,125191745
2162,125196745
2166,125201745
2158,125206745
2212,125211745
2232,125216745
2210,125221745
2176,125226745
2142,125231745
2097,125236745
2043,125241745
1988,125246745
1945,125251745
1885,125256745
1842,125261745
1788,125266745
1786,125271745
1795,125276745
1790,125281745
1771,125286745
1779,125291745
1825,125296745
1820,125301745
1814,125306745
1843,125311745
1851,125316745
1886,125321745
1916,125326745
1944,125331745
1963,125336745
1960,125341745
1966,125346745
1956,125351745
1967,125356745
1961,125361745
1953,125366745
1952,125371745
1964,125376745
1939,125381745
1922,125386745
1899,125391745
1873,125396745
1843,125401745
1841,125406745
1843,125411745
1825,125416745
1815,125421745
1859,125426745
1905,125431745
1999,125436745
2072,125441745
2158,125446745
2195,125451748
2233,125456745
2346,125461745
2446,125466745
2489,125471745
2377,125476745
2249,125481745
2219,125486745
2162,125491745
2005,125496745
1710,125501745
1459,125506745
1353,125511745
1313,125516745
1292,125521745
1261,125526745
1262,125531745
1296,125536745
1295,125541745
1305,125546745
1352,125551745
1376,125556745
1369,125561745
1226,125566745
1113,125571745
1123,125576745
1334,125581745
1544,125586745
1965,125591745
2584,125596745
3245,125601745
3241,125606745
2513,125611745
1740,125616748
1100,125621746
1085,125626745
1321,125631745
1482,125636745
1518,125641745
1513,125646745
1541,125651745
1577,125656745
1611,125661745
1622,125666745
1650,125671745
1674,125676745
1691,125681745
1744,125686745
1777,125691745
1804,125696745
1802,125701745
1816,125706745
1847,125711745
1884,125716745
1894,125721745
1915,125726745
1950,125731745
1940,125736745
1937,125741745
1962,125746745
1988,125751745
2001,125756745
2042,125761745
2073,125766745
2098,125771745
2104,125776745
2114,125781745
2123,125786745
2131,125791745
2154,125796745
2160,125801745
2158,125806745
2167,125811745
2200,125816745
2209,125821745
2216,125826745
2218,125831745
2217,125836745
2195,125841745
2148,125846745
2127,125851745
2091,125856745
2003,125861745
1944,125866745
1900,125871745
1843,125876745
1821,125881745
1789,125886745
1761,125891745
1746,125896745
1738,125901745
1721,125906745
1741,125911745
1782,125916745
1785,125921745
1810,125926745
1849,125931745
1876,125936745
1871,125941745
1877,125946745
1913,125951745
1944,125956745
1954,125961745
1947,125966745
1934,125971745
1940,125976745
1940,125981745
1935,125986745
1941,125991745
1934,125996745
1911,126001745
1894,126006745
1908,126011745
1878,126016745
1845,126021745
1806,126026745
1810,126031745
1810,126036745
1794,126041745
1770,126046745
1764,126051745
1781,126056745
1802,126061745
1848,126066745
1932,126071745
2015,126076745
2075,126081745
2137,126086745
2191,126091745
2268,126096745
2374,126101745
2457,126106745
2413,126111745
2293,126116745
2208,126121745
2159,126126745
2066,126131747
1890,126136746
1614,126141745
1420,126146745
1344,126151745
1306,126156745
1288,126161745
1285,126166745
1295,126171745
1293,126176745
1315,126181745
1339,126186745
1374,126191745
1403,126196745
1339,126201745
1212,126206745
1223,126211745
1405,126216745
1706,126221745
2067,126226745
2536,126231745
3218,126236745
3504,126241745
2882,126246745
2013,126251745
1231,126256745
941,126261745
1122,126266745
1349,126271745
1446,126276745
1459,126281745
1470,126286745
1504,126291745
1557,126296745
1580,126301745
1584,126306745
1612,126311745
1646,126316745
1661,126321745
1692,126326745
1728,126331745
1786,126336745
1802,126341745
1826,126346745
1851,126351745
1849,126356745
1890,126361745
1891,126366745
1918,126371745
1950,126376745
1960,126381745
1974,126386745
2007,126391745
2043,126396745
2060,126401745
2079,126406745
2107,126411745
2117,126416745
2134,126421745
2132,126426745
2164,126431745
2193,126436745
2208,126441746
2205,126446749
2241,126451745
2244,126456745
2238,126461745
2259,126466745
2275,126471745
2256,126476745
2180,126481745
2138,126486745
2094,126491745
2052,126496745
1986,126501745
1901,126506745
1872,126511745
1850,126516745
1801,126521745
1767,126526745
1744,126531745
1739,126536745
1749,126541745
1741,126546745
1738,126551745
1777,126556745
1788,126561745
1802,126566745
1845,126571745
1873,126576745
1858,126581745
1854,126586745
1918,126591745
1922,126596745
1924,126601745
1948,126606745
1973,126611745
1961,126616746
1942,126621747
1933,126626746
1940,126631746
1912,126636745
1887,126641745
1901,126646745
1906,126651745
1902,126656745
1852,126661745
1822,126666745
1812,126671745
1814,126676745
1802,126681745
1791,126686745
1779,126691745
1761,126696745
1740,126701745
1734,126706745
1758,126711745
1769,126716746
1798,126721747
1847,126726745
1949,126731745
2034,126736745
2080,126741745
2129,126746745
2179,126751745
2277,126756745
2383,126761745
2465,126766745
2420,126771745
2307,126776745
2250,126781745
2201,126786745
2095,126791745
1877,126796745
1610,126801745
1433,126806745
1356,126811745
1339,126816745
1328,126821745
1335,126826745
1326,126831745
1339,126836745
1354,126841745
1378,126846745
1417,126851745
1458,126856745
1371,126861745
1288,126866745
1384,126871745
1691,126876745
2026,126881745
2463,126886745
2997,126891745
3616,126896745
3493,126901745
2617,126906745
1711,126911745
1009,126916745
882,126921745
1129,126926745
1353,126931745
1436,126936745
1441,126941745
1456,126946745
1451,126951745
1478,126956745
1513,126961745
1555,126966745
1606,126971745
1634,126976745
1678,126981745
1698,126986745
1737,126991745
1752,126996745
1774,127001745
1804,127006745
1836,127011745
1863,127016745
1867,127021745
1862,127026745
1898,127031745
1918,127036745
1943,127041745
1966,127046745
2002,127051745
2028,127056745
2060,127061745
2074,127066745
2080,127071745
2100,127076745
2111,127081745
2145,127086745
2167,127091745
2182,127096745
2194,127101745
2171,127106745
2207,127111745
2232,127116745
2264,127121745
2269,127126745
2250,127131745
2246,127136745
2211,127141745
2137,127146745
2094,127151745
2018,127156745
1947,127161745
1895,127166745
1858,127171745
1819,127176745
1790,127181745
1752,127186745
1752,127191745
1723,127196745
1732,127201745
1750,127206745
1771,127211745
1768,127216746
1789,127221745
1824,127226745
1853,127231745
1889,127236745
1906,127241745
1913,127246745
1954,127251745
1979,127256745
1986,127261745
1994,127266745
2000,127271745
2007,127276745
1976,127281745
1955,127286745
1948,127291745
1950,127296745
1920,127301745
1903,127306745
1880,127311745
1878,127316745
1859,127321745
1833,127326745
1839,127331745
1830,127336745
1796,127341745
1777,127346745
1765,127351745
1766,127356745
1768,127361745
1759,127366745
1807,127371745
1870,127376745
1928,127381745
1981,127386745
2076,127391745
2153,127396745
2208,127401745
2303,127406745
2381,127411745
2419,127416745
2317,127421745
2220,127426745
2221,127431745
2174,127436748
2019,127441745
1744,127446745
1544,127451745
1448,127456745
1374,127461745
1304,127466745
1317,127471745
1313,127476745
1306,127481745
1303,127486745
1364,127491745
1390,127496745
1421,127501745
1405,127506745
1316,127511745
1294,127516745
1440,127521745
1723,127526745
2066,127531745
2535,127536745
3107,127541745
3685,127546745
3465,127551745
2539,127556745
1603,127561745
960,127566745
930,127571745
1174,127576745
1342,127581745
1392,127586745
1425,127591745
1458,127596745
1466,127601745
1494,127606745
1549,127611745
1582,127616745
1595,127621745
1624,127626745
1666,127631745
1728,127636745
1761,127641745
1748,127646745
1764,127651745
1788,127656745
1787,127661745
1811,127666745
1861,127671745
1904,127676745
1902,127681745
1917,127686745
1922,127691745
1941,127696745
1981,127701745
1994,127706745
2036,127711745
2039,127716745
2032,127721745
2062,127726745
2093,127731748
2110,127736746
2121,127741746
2127,127746745
2141,127751745
2157,127756745
2183,127761745
2189,127766745
2218,127771745
2251,127776745
2223,127781745
2199,127786745
2187,127791745
2188,127796745
2137,127801745
2058,127806745
1996,127811745
1954,127816745
1905,127821745
1872,127826745
1851,127831745
1832,127836745
1795,127841745
1756,127846745
1772,127851745
1790,127856745
1805,127861745
1811,127866745
1842,127871745
1868,127876745
1872,127881745
1868,127886745
1896,127891745
1936,127896745
1958,127901745
1959,127906745
1966,127911745
1964,127916745
1951,127921745
1946,127926745
1939,127931745
1956,127936745
1946,127941745
1903,127946745
1900,127951745
1939,127956745
1906,127961745
1844,127966745
1818,127971745
1808,127976745
1809,127981745
1808,127986745
1809,127991745
1802,127996745
1765,128001745
1761,128006745
1818,128011745
1885,128016745
1978,128021745
2059,128026745
2125,128031745
2181,128036745
2194,128041745
2305,128046745
2420,128051745
2419,128056745
2304,128061745
2248,128066745
2203,128071745
2109,128076745
1920,128081745
1633,128086745
1487,128091745
1384,128096745
1318,128101745
1284,128106745
1286,128111745
1310,128116745
1322,128121745
1304,128126745
1348,128131745
1388,128136745
1428,128141745
1378,128146745
1295,128151745
1304,128156745
1421,128161745
1627,128166745
1914,128171745
2372,128176745
2992,128181745
3533,128186745
3187,128191745
2302,128196745
1459,128201745
986,128206745
1081,128211745
1307,128216745
1438,128221747
1485,128226746
1503,128231745
1515,128236745
1529,128241745
1565,128246745
1576,128251745
1589,128256745
1630,128261745
1651,128266745
1696,128271745
1750,128276745
1761,128281745
1777,128286745
1830,128291745
1846,128296745
1856,128301745
1879,128306745
1899,128311745
1919,128316747
1935,128321747
1956,128326746
1987,128331746
2005,128336746
2013,128341745
2032,128346745
2057,128351745
2080,128356745
2094,128361745
2099,128366745
2118,128371745
2159,128376745
2156,128381745
2158,128386745
2186,128391745
2188,128396745
2167,128401745
2200,128406745
2229,128411745
2234,128416745
2196,128421745
2159,128426746
2129,128431748
2106,128436745
2068,128441745
1975,128446745
1889,128451745
1875,128456745
1836,128461745
1795,128466745
1781,128471745
1801,128476745
1777,128481745
1741,128486745
1746,128491745
1762,128496745
1779,128501745
1788,128506745
1802,128511745
1825,128516745
1843,128521745
1893,128526745
1906,128531745
1925,128536745
1965,128541745
1957,128546745
1971,128551745
1973,128556745
1982,128561745
1978,128566745
1990,128571745
1985,128576745
1970,128581745
1946,128586745
1919,128591745
1911,128596745
1868,128601745
1855,128606745
1846,128611745
1836,128616745
1809,128621745
1790,128626745
1784,128631745
1767,128636745
1765,128641745
1768,128646745
1792,128651745
1860,128656745
1920,128661745
1997,128666745
2064,128671745
2137,128676745
2178,128681745
2252,128686745
2390,128691745
2471,128696745
2405,128701745
2273,128706745
2232,128711745
2195,128716745
2094,128721745
1866,128726745
1574,128731745
1409,128736745
1346,128741745
1288,128746745
1259,128751745
1293,128756745
1300,128761745
1301,128766745
1343,128771745
1373,128776745
1378,128781745
1379,128786745
1348,128791745
1264,128796745
1252,128801745
1439,128806745
1724,128811745
2101,128816746
2591,128821747
3241,128826746
3507,128831745
2892,128836745
1990,128841745
1194,128846745
944,128851745
1154,128856745
1383,128861745
1474,128866745
1518,128871745
1521,128876745
1521,128881745
1536,128886745
1570,128891745
1611,128896745
1637,128901745
1679,128906745
1687,128911745
1721,128916745
1748,128921745
1751,128926745
1766,128931745
1820,128936745
1838,128941745
1870,128946745
1890,128951745
1900,128956745
1919,128961745
1943,128966745
1966,128971745
1968,128976745
1987,128981745
2015,128986745
2056,128991745
2076,128996745
2102,129001745
2109,129006745
2112,129011745
2134,129016745
2154,129021745
2176,129026745
2191,129031745
2209,129036745
2203,129041745
2199,129046745
2219,129051745
2246,129056745
2255,129061745
2228,129066745
2208,129071745
2156,129076745
2054,129081745
1992,129086745
1953,129091745
1902,129096745
1846,129101745
1798,129106745
1777,129111745
1753,129116745
1721,129121745
1707,129126745
1709,129131745
1717,129136745
1713,129141745
1740,129146745
1783,129151745
1787,129156745
1793,129161745
1785,129166745
1836,129171745
1892,129176745
1920,129181745
1904,129186745
1910,129191745
1917,129196745
1937,129201745
1933,129206745
1922,129211745
1943,129216745
1944,129221745
1924,129226745
1910,129231745
1894,129236745
1881,129241745
1869,129246745
1868,129251745
1838,129256745
1800,129261745
1788,129266745
1797,129271745
1778,129276745
1763,129281745
1752,129286745
1745,129291745
1727,129296745
1736,129301745
1741,129306745
1792,129311745
1849,129316745
1929,129321745
1995,129326745
2060,129331747
2137,129336745
2164,129341745
2245,129346745
2363,129351745
2434,129356745
2340,129361745
2216,129366745
2191,129371745
2165,129376745
2049,129381745
1786,129386745
1529,129391745
1409,129396745
1359,129401745
1316,129406745
1305,129411745
1302,129416745
1301,129421746
1299,129426748
1324,129431745
1359,129436745
1385,129441745
1387,129446745
1329,129451745
1265,129456745
1391,129461745
1730,129466745
2048,129471745
2475,129476745
2977,129481745
3556,129486745
3377,129491745
2500,129496745
1607,129501745
953,129506745
907,129511745
1169,129516745
1370,129521745
1437,129526745
1466,129531745
1477,129536745
1493,129541745
1512,129546745
1542,129551745
1572,129556745
1594,129561745
1620,129566745
1669,129571745
1710,129576745
1730,129581745
1756,129586745
1779,129591745
1803,129596745
1792,129601745
1811,129606745
1868,129611745
1910,129616745
1895,129621745
1939,129626745
1945,129631745
1974,129636745
1998,129641745
2011,129646745
2048,129651745
2083,129656745
2083,129661745
2111,129666745
2131,129671745
2149,129676745
2161,129681745
2164,129686745
2196,129691745
2219,129696745
2192,129701745
2210,129706745
2247,129711745
2272,129716745
2240,129721745
2208,129726745
2181,129731745
2141,129736745
2052,129741745
1997,129746745
1954,129751745
1884,129756745
1843,129761745
1785,129766745
1778,129771745
1747,129776745
1706,129781745
1713,129786745
1741,129791745
1775,129796745
1777,129801745
1773,129806745
1794,129811745
1832,129816746
1842,129821746
1856,129826746
1878,129831745
1920,129836745
1914,129841745
1923,129846745
1930,129851745
1953,129856745
1983,129861745
1978,129866745
1954,129871745
1934,129876745
1931,129881745
1939,129886745
1928,129891745
1894,129896745
1884,129901745
1872,129906745
1861,129911745
1860,129916745
1823,129921745
1792,129926745
1773,129931745
1766,129936745
1742,129941745
1737,129946745
1749,129951745
1788,129956745
1828,129961745
1910,129966745
2002,129971745
2098,129976747
2134,129981745
2147,129986745
2255,129991745
2387,129996745
2424,130001745
2340,130006745
2261,130011745
2238,130016745
2157,130021745
2001,130026745
1732,130031745
1504,130036745
1390,130041745
1343,130046745
1300,130051745
1283,130056745
1292,130061745
1330,130066745
1356,130071745
1407,130076745
1423,130081745
1424,130086745
1405,130091745
1320,130096745
1291,130101745
1436,130106745
1718,130111745
2017,130116745
2457,130121745
2991,130126745
3613,130131745
3505,130136745
2654,130141745
1726,130146745
1010,130151745
879,130156745
1074,130161745
1280,130166745
1358,130171745
1401,130176745
1444,130181745
1469,130186745
1491,130191745
1509,130196745
1530,130201745
1557,130206745
1614,130211745
1634,130216745
1662,130221745
1696,130226745
1712,130231745
1731,130236745
1777,130241745
1795,130246745
1810,130251745
1817,130256745
1839,130261745
1874,130266745
1890,130271745
1923,130276745
1936,130281745
1925,130286745
1953,130291745
1985,130296745
2002,130301745
2019,130306745
2061,130311745
2063,130316745
2095,130321745
2107,130326745
2121,130331745
2128,130336745
2148,130341745
2142,130346745
2177,130351745
2221,130356745
2232,130361745
2243,130366745
2234,130371745
2194,130376745
2152,130381745
2104,130386745
2064,130391745
2019,130396745
1945,130401745
1883,130406745
1843,130411745
1825,130416745
1806,130421748
1791,130426745
1778,130431745
1765,130436745
1770,130441745
1791,130446745
1818,130451746
1859,130456746
1880,130461745
1916,130466745
1913,130471745
1938,130476745
1947,130481745
1972,130486745
1974,130491745
1963,130496745
1954,130501745
1963,130506745
1967,130511745
1979,130516745
1976,130521745
1952,130526745
1932,130531745
1922,130536745
1888,130541745
1874,130546745
1858,130551745
1853,130556745
1828,130561745
1805,130566745
1814,130571745
1800,130576745
1786,130581745
1837,130586745
1902,130591745
1994,130596745
2042,130601745
2128,130606745
2196,130611745
2253,130616745
2359,130621745
2429,130626745
2366,130631745
2256,130636745
2235,130641745
2205,130646745
2093,130651745
1836,130656745
1560,130661745
1416,130666745
1358,130671745
1315,130676745
1311,130681745
1318,130686745
1314,130691745
1344,130696746
1350,130701745
1368,130706745
1386,130711745
1419,130716745
1377,130721745
1280,130726745
1284,130731745
1425,130736745
1624,130741745
1964,130746745
2440,130751745
3106,130756745
3457,130761745
2915,130766745
2135,130771745
1339,130776745
976,130781745
1103,130786745
1344,130791745
1465,130796745
1490,130801745
1499,130806745
1514,130811745
1544,130816745
1581,130821745
1600,130826745
1648,130831745
1689,130836745
1706,130841745
1701,130846745
1725,130851745
1744,130856745
1759,130861745
1822,130866745
1839,130871745
1844,130876745
1882,130881745
1915,130886745
1945,130891745
1949,130896745
1959,130901745
1978,130906745
1992,130911745
2005,130916745
2005,130921745
2026,130926745
2058,130931745
2075,130936745
2068,130941745
2068,130946745
2101,130951745
2143,130956745
2145,130961745
2144,130966748
2172,130971745
2203,130976745
2222,130981745
2234,130986745
2253,130991745
2246,130996745
2207,131001745
2148,131006745
2092,131011745
2063,131016745
2009,131021745
1961,131026745
1908,131031745
1876,131036745
1841,131041745
1816,131046745
1788,131051745
1781,131056745
1775,131061745
1778,131066745
1793,131071745
1823,131076745
1830,131081745
1864,131086745
1892,131091745
1920,131096745
1917,131101745
1938,131106745
1955,131111745
1968,131116745
1958,131121745
1961,131126745
1956,131131745
1953,131136745
1943,131141745
1941,131146745
1934,131151745
1946,131156745
1924,131161745
1904,131166745
1892,131171745
1894,131176745
1885,131181745
1930,131186745
1965,131191745
2020,131196745
2090,131201745
2156,131206745
2232,131211745
2295,131216745
2370,131221746
2466,131226745
2507,131231745
2398,131236745
2289,131241745
2266,131246745
2195,131251745
2003,131256745
1721,131261745
1462,131266745
1354,131271745
1286,131276745
1227,131281745
1213,131286745
1258,131291745
1281,131296745
1292,131301745
1310,131306745
1322,131311745
1355,131316745
1339,131321745
1204,131326745
1073,131331745
1054,131336745
1233,131341745
1443,131346745
1842,131351745
2476,131356745
3170,131361745
3203,131366745
2591,131371745
1821,131376745
1168,131381745
1137,131386745
1374,131391745
1502,131396745
1524,131401745
1536,131406745
1558,131411745
1580,131416746
1600,131421748
1623,131426745
1659,131431745
1694,131436745
1708,131441745
1739,131446745
1791,131451745
1825,131456747
1819,131461746
1831,131466745
1838,131471745
1853,131476745
1884,131481745
1909,131486745
1929,131491745
1938,131496745
1941,131501745
1973,131506745
1989,131511745
2000,131516745
2008,131521748
2029,131526746
2057,131531745
2082,131536745
2091,131541745
2116,131546745
2140,131551745
2148,131556745
2145,131561745
2144,131566745
2179,131571745
2197,131576745
2204,131581745
2235,131586745
2254,131591745
2223,131596745
2177,131601745
2157,131606745
2136,131611745
2097,131616745
2019,131621745
1957,131626745
1917,131631745
1874,131636745
1821,131641745
1797,131646745
1778,131651745
1772,131656745
1757,131661745
1744,131666745
1747,131671745
1767,131676745
1776,131681745
1789,131686745
1843,131691745
1859,131696745
1856,131701745
1883,131706745
1912,131711745
1917,131716745
1917,131721745
1941,131726745
1959,131731745
1956,131736745
1965,131741745
1954,131746745
1919,131751745
1921,131756745
1912,131761745
1869,131766745
1862,131771745
1864,131776745
1830,131781745
1812,131786745
1865,131791745
1924,131796745
1939,131801745
2019,131806745
2137,131811745
2227,131816745
2254,131821745
2326,131826745
2430,131831745
2496,131836745
2437,131841745
2291,131846745
2228,131851745
2188,131856745
2077,131861745
1856,131866745
1557,131871745
1386,131876745
1306,131881745
1278,131886745
1264,131891745
1240,131896745
1239,131901745
1235,131906745
1274,131911745
1323,131916745
1315,131921745
1337,131926745
1279,131931745
1136,131936745
1066,131941745
1173,131946745
1418,131951745
1778,131956745
2315,131961745
3056,131966745
3397,131971745
2902,131976745
2123,131981745
1305,131986745
1042,131991745
1251,131996745
1437,132001745
1518,132006745
1530,132011745
1540,132016747
1543,132021746
1533,132026745
1592,132031745
1621,132036745
1628,132041745
1670,132046745
1705,132051745
1723,132056745
1732,132061745
1764,132066745
1809,132071745
1827,132076745
1823,132081745
1848,132086745
1886,132091745
1918,132096745
1932,132101745
1938,132106745
1950,132111745
1977,132116745
2001,132121745
2030,132126745
2053,132131745
2066,132136745
2071,132141745
2091,132146745
2125,132151745
2130,132156745
2147,132161745
2154,132166745
2179,132171745
2191,132176745
2197,132181745
2242,132186745
2254,132191745
2268,132196745
2265,132201745
2227,132206745
2188,132211745
2147,132216745
2089,132221745
2034,132226745
1978,132231745
1916,132236745
1871,132241745
1830,132246745
1808,132251745
1789,132256745
1760,132261745
1763,132266745
1758,132271745
1752,132276745
1766,132281745
1784,132286745
1798,132291745
1822,132296745
1836,132301745
1870,132306745
1915,132311745
1933,132316745
1949,132321745
1974,132326745
1992,132331745
1993,132336745
1950,132341745
1951,132346745
1961,132351745
1948,132356745
1926,132361745
1912,132366745
1939,132371745
1955,132376745
1898,132381745
1858,132386745
1829,132391745
1826,132396745
1800,132401745
1787,132406745
1785,132411747
1794,132416745
1781,132421745
1818,132426745
1884,132431745
1982,132436745
2043,132441745
2128,132446745
2176,132451745
2240,132456745
2365,132461745
2459,132466745
2449,132471745
2321,132476745
2248,132481745
2212,132486745
2115,132491745
1921,132496745
1627,132501745
1427,132506745
1347,132511745
1320,132516745
1305,132521745
1304,132526745
1294,132531748
1328,132536746
1333,132541745
1357,132546745
1391,132551745
1401,132556745
1334,132561745
1242,132566745
1264,132571745
1473,132576745
1734,132581745
2085,132586745
2640,132591745
3359,132596745
3660,132601745
3063,132606745
2151,132611745
1289,132616745
914,132621745
1026,132626745
1288,132631745
1412,132636745
1419,132641745
1423,132646745
1452,132651745
1465,132656745
1466,132661745
1510,132666745
1570,132671745
1612,132676745
1643,132681745
1667,132686745
1708,132691745
1731,132696745
1706,132701745
1764,132706745
1798,132711745
1806,132716745
1827,132721745
1847,132726745
1890,132731745
1917,132736745
1920,132741745
1953,132746745
1987,132751745
2012,132756745
2007,132761745
2017,132766745
2028,132771745
2059,132776745
2066,132781745
2087,132786745
2134,132791745
2179,132796745
2158,132801745
2161,132806745
2200,132811745
2220,132816745
2226,132821745
2243,132826745
2274,132831745
2285,132836745
2235,132841745
2203,132846745
2176,132851745
2107,132856745
2024,132861745
1944,132866745
1916,132871745
1875,132876745
1825,132881745
1810,132886745
1789,132891745
1775,132896745
1771,132901745
1769,132906745
1812,132911745
1803,132916745
1842,132921745
1837,132926745
1900,132931745
1915,132936745
1916,132941745
1934,132946745
1975,132951745
1968,132956745
1959,132961745
1962,132966745
1978,132971745
1967,132976745
1957,132981745
1931,132986745
1916,132991745
1913,132996745
1910,133001745
1895,133006745
1877,133011745
1830,133016747
1800,133021746
1804,133026745
1811,133031745
1825,133036745
1822,133041745
1846,133046745
1892,133051745
1954,133056745
2010,133061745
2109,133066745
2182,133071745
2234,133076745
2316,133081745
2434,133086745
2449,133091745
2338,133096745
2236,133101745
2210,133106745
2154,133111745
2003,133116746
1698,133121746
1477,133126745
1379,133131745
1328,133136745
1294,133141745
1289,133146745
1291,133151745
1310,133156745
1329,133161745
1357,133166745
1367,133171745
1378,133176745
1387,133181745
1306,133186745
1244,133191745
1344,133196745
1559,133201745
1845,133206745
2312,133211745
2954,133216745
3530,133221745
3285,133226745
2483,133231745
1603,133236745
999,133241745
995,133246745
1235,133251745
1423,133256745
1451,133261745
1469,133266745
1496,133271745
1531,133276745
1536,133281745
1519,133286745
1564,133291745
1615,133296745
1658,133301745
1677,133306745
1707,133311745
1743,133316745
1739,133321745
1760,133326745
1773,133331745
1808,133336745
1816,133341745
1826,133346745
1869,133351745
1875,133356745
1867,133361745
1883,133366745
1906,133371745
1938,133376745
1937,133381745
1953,133386745
1961,133391745
1970,133396745
1982,133401747
2018,133406748
2038,133411745
2041,133416745
2054,133421745
2075,133426745
2107,133431745
2157,133436745
2193,133441745
2204,133446745
2224,133451745
2243,133456745
2221,133461745
2174,133466745
2159,133471745
2118,133476745
2060,133481745
2002,133486745
1958,133491745
1921,133496745
1888,133501745
1862,133506745
1830,133511745
1826,133516745
1822,133521745
1831,133526745
1825,133531745
1822,133536745
1841,133541745
1868,133546745
1908,133551745
1946,133556745
1944,133561745
1971,133566745
2000,133571745
2011,133576745
1999,133581745
1978,133586745
1975,133591745
1990,133596745
1986,133601745
1985,133606745
1981,133611745
1956,133616748
1943,133621745
1922,133626745
1917,133631745
1906,133636745
1886,133641745
1873,133646745
1867,133651745
1838,133656745
1837,133661745
1870,133666745
1935,133671745
2015,133676745
2095,133681745
2186,133686745
2230,133691745
2299,133696745
2399,133701745
2442,133706745
2360,133711745
2261,133716745
2233,133721745
2163,133726745
2077,133731745
1846,133736745
1589,133741745
1441,133746745
1374,133751745
1350,133756745
1300,133761745
1305,133766745
1305,133771745
1332,133776745
1348,133781745
1369,133786745
1402,133791745
1419,133796745
1314,133801745
1233,133806745
1241,133811745
1347,133816745
1459,133821745
1802,133826745
2354,133831745
3101,133836745
3346,133841745
2745,133846745
1989,133851745
1255,133856745
1069,133861745
1269,133866745
1464,133871745
1544,133876745
1559,133881745
1566,133886745
1579,133891745
1617,133896745
1627,133901745
1639,133906745
1672,133911745
1710,133916745
1709,133921745
1752,133926745
1798,133931745
1801,133936745
1814,133941745
1849,133946745
1872,133951745
1886,133956745
1885,133961745
1896,133966745
1948,133971745
1959,133976745
1962,133981745
1965,133986745
1990,133991745
2003,133996745
2011,134001745
2057,134006745
2091,134011745
2099,134016745
2109,134021745
2099,134026745
2103,134031745
2118,134036745
2113,134041745
2118,134046745
2160,134051745
2204,134056745
2232,134061745
2232,134066745
2220,134071745
2225,134076745
2197,134081745
2157,134086745
2115,134091745
2039,134096745
1968,134101745
1929,134106745
1891,134111745
1860,134116745
1827,134121745
1804,134126745
1809,134131748
1779,134136746
1766,134141745
1782,134146745
1810,134151745
1817,134156745
1829,134161745
1850,134166745
1897,134171745
1921,134176745
1926,134181745
1934,134186745
1964,134191745
1991,134196745
1997,134201745
1990,134206745
1982,134211745
1978,134216745
1985,134221745
1983,134226745
1996,134231745
1962,134236745
1911,134241745
1892,134246745
1905,134251745
1898,134256745
1857,134261745
1843,134266745
1821,134271745
1805,134276745
1794,134281745
1841,134286745
1905,134291745
1976,134296745
2029,134301745
2104,134306745
2196,134311745
2233,134316745
2316,134321745
2443,134326745
2471,134331745
2355,134336745
2246,134341745
2226,134346745
2180,134351745
2004,134356745
1699,134361745
1468,134366745
1362,134371745
1298,134376745
1263,134381745
1258,134386745
1255,134391745
1251,134396747
1271,134401748
1306,134406745
1330,134411745
1346,134416745
1339,134421745
1228,134426745
1165,134431745
1228,134436745
1456,134441745
1681,134446745
2106,134451745
2714,134456745
3341,134461745
3252,134466745
2456,134471745
1629,134476745
1020,134481745
1017,134486745
1283,134491745
1456,134496745
1493,134501745
1502,134506745
1514,134511745
1542,134516745
1561,134521745
1598,134526745
1631,134531745
1659,134536745
1702,134541745
1720,134546745
1762,134551745
1765,134556745
1764,134561745
1790,134566745
1816,134571745
1841,134576745
1850,134581745
1852,134586745
1899,134591745
1918,134596745
1924,134601745
1929,134606745
1957,134611745
1997,134616746
2013,134621746
2052,134626745
2064,134631745
2052,134636745
2053,134641745
2078,134646745
2112,134651745
2156,134656745
2162,134661745
2139,134666745
2159,134671745
2181,134676745
2203,134681745
2232,134686745
2248,134691745
2243,134696745
2210,134701745
2162,134706745
2095,134711745
2045,134716747
1980,134721748
1931,134726746
1878,134731746
1833,134736746
1794,134741745
1783,134746745
1786,134751745
1783,134756745
1749,134761745
1730,134766745
1764,134771745
1773,134776745
1777,134781745
1815,134786745
1851,134791745
1866,134796745
1854,134801745
1855,134806745
1900,134811745
1930,134816745
1931,134821745
1936,134826745
1962,134831745
1982,134836745
1977,134841745
1978,134846745
1977,134851745
1980,134856745
1929,134861745
1904,134866745
1898,134871745
1891,134876745
1876,134881745
1848,134886745
1829,134891745
1808,134896745
1788,134901745
1771,134906745
1783,134911745
1748,134916745
1724,134921745
1732,134926745
1724,134931745
1709,134936745
1702,134941745
1715,134946745
1741,134951745
1747,134956745
1723,134961745
1741,134966745
1793,134971745
1866,134976745
1925,134981745
1991,134986745
2090,134991745
2152,134996745
2180,135001745
2291,135006745
2388,135011745
2407,135016745
2287,135021745
2196,135026745
2214,135031745
2168,135036745
2010,135041745
1733,135046745
1522,135051745
1397,135056745
1333,135061745
1342,135066745
1343,135071745
1337,135076745
1341,135081745
1378,135086745
1421,135091745
1445,135096745
1438,135101745
1404,135106745
1348,135111745
1454,135116745
1706,135121745
1987,135126745
2316,135131745
2701,135136745
3210,135141745
3404,135146745
2775,135151745
1877,135156745
1115,135161745
840,135166745
1041,135171745
1298,135176745
1416,135181745
1464,135186745
1499,135191745
1527,135196745
1548,135201745
1561,135206745
1583,135211745
1611,135216745
1641,135221745
1635,135226745
1685,135231747
1721,135236746
1757,135241745
1794,135246745
1822,135251745
1830,135256745
1836,135261745
1867,135266745
1898,135271745
1912,135276745
1918,135281745
1946,135286745
1986,135291745
2014,135296745
2012,135301745
2012,135306745
2049,135311745
2089,135316745
2088,135321745
2115,135326745
2151,135331745
2176,135336745
2210,135341745
2210,135346745
2223,135351745
2230,135356745
2246,135361745
2266,135366745
2285,135371745
2273,135376745
2261,135381745
2232,135386745
2171,135391747
2112,135396748
2039,135401745
1972,135406745
1909,135411745
1846,135416745
1815,135421745
1769,135426745
1745,135431745
1725,135436745
1710,135441745
1713,135446745
1736,135451745
1738,135456745
1737,135461745
1757,135466745
1771,135471745
1819,135476745
1854,135481745
1875,135486745
1897,135491745
1907,135496745
1934,135501745
1950,135506745
1942,135511745
1960,135516745
1970,135521745
1968,135526745
1988,135531745
1955,135536745
1938,135541745
1949,135546745
1965,135551745
1940,135556745
1916,135561745
1905,135566745
1895,135571745
1853,135576745
1819,135581745
1810,135586745
1808,135591745
1804,135596745
1795,135601745
1771,135606745
1756,135611745
1736,135616745
1715,135621745
1736,135626745
1748,135631745
1772,135636745
1748,135641745
1732,135646745
1717,135651745
1718,135656745
1724,135661745
1726,135666745
1754,135671745
1805,135676745
1871,135681745
1937,135686745
1987,135691745
2061,135696745
2124,135701745
2188,135706745
2302,135711745
2394,135716745
2404,135721745
2311,135726745
2229,135731748
2200,135736747
2156,135741746
2036,135746746
1812,135751745
1584,135756745
1452,135761745
1394,135766745
1366,135771745
1382,135776745
1364,135781745
1366,135786745
1417,135791745
1448,135796745
1474,135801745
1497,135806745
1474,135811745
1392,135816745
1426,135821745
1694,135826745
2057,135831745
2416,135836745
2818,135841745
3341,135846745
3632,135851745
3074,135856745
2096,135861745
1235,135866745
828,135871745
915,135876745
1173,135881745
1351,135886745
1410,135891745
1448,135896745
1444,135901745
1464,135906745
1487,135911745
1544,135916745
1562,135921745
1600,135926745
1643,135931745
1671,135936745
1695,135941745
1734,135946745
1744,135951745
1748,135956745
1775,135961745
1797,135966745
1841,135971745
1846,135976745
1868,135981745
1901,135986745
1927,135991745
1957,135996745
1958,136001745
1979,136006745
2005,136011745
2043,136016745
2053,136021745
2065,136026745
2090,136031745
2106,136036745
2094,136041745
2143,136046745
2156,136051745
2163,136056745
2164,136061745
2156,136066745
2205,136071745
2216,136076745
2229,136081745
2238,136086745
2225,136091745
2155,136096745
2118,136101745
2068,136106745
2002,136111745
1929,136116745
1865,136121745
1814,136126745
1811,136131745
1788,136136745
1752,136141745
1755,136146745
1764,136151745
1777,136156745
1733,136161745
1742,136166748
1778,136171745
1820,136176745
1838,136181745
1839,136186745
1868,136191745
1903,136196745
1917,136201745
1928,136206745
1940,136211745
1963,136216745
2015,136221747
1981,136226745
1989,136231745
1994,136236745
1983,136241745
1984,136246745
1982,136251745
1965,136256745
1952,136261745
1924,136266745
1889,136271745
1885,136276745
1835,136281745
1806,136286745
1832,136291745
1824,136296745
1785,136301745
1761,136306745
1760,136311745
1772,136316747
1765,136321747
1771,136326746
1763,136331746
1743,136336745
1717,136341745
1722,136346745
1749,136351745
1766,136356745
1740,136361745
1730,136366745
1772,136371745
1845,136376745
1904,136381745
1971,136386747
2019,136391748
2093,136396745
2183,136401745
2230,136406745
2320,136411745
2403,136416745
2417,136421745
2330,136426745
2251,136431745
2245,136436745
2185,136441745
2015,136446745
1720,136451745
1536,136456745
1448,136461745
1413,136466745
1393,136471745
1379,136476745
1386,136481745
1406,136486745
1435,136491745
1467,136496745
1466,136501745
1496,136506745
1489,136511745
1429,136516745
1483,136521745
1689,136526745
1941,136531745
2226,136536745
2605,136541745
3174,136546745
3478,136551745
2904,136556745
1985,136561745
1203,136566745
917,136571745
1072,136576745
1334,136581745
1465,136586745
1499,136591745
1521,136596745
1526,136601745
1529,136606745
1593,136611745
1630,136616745
1632,136621745
1660,136626745
1694,136631745
1701,136636745
1722,136641745
1752,136646745
1788,136651745
1813,136656745
1820,136661745
1847,136666745
1891,136671745
1924,136676745
1913,136681745
1929,136686745
1987,136691745
2016,136696745
2016,136701745
2023,136706745
2054,136711745
2060,136716745
2081,136721745
2112,136726745
2156,136731745
2193,136736745
2210,136741745
2203,136746745
2219,136751745
2225,136756745
2225,136761745
2220,136766745
2241,136771745
2247,136776745
2255,136781745
2244,136786745
2218,136791745
2147,136796745
2075,136801745
2026,136806745
1963,136811745
1888,136816746
1848,136821747
1786,136826746
1740,136831746
1710,136836745
1696,136841745
1698,136846745
1718,136851745
1725,136856745
1718,136861745
1740,136866745
1753,136871745
1747,136876745
1771,136881745
1789,136886745
1833,136891745
1859,136896745
1886,136901745
1896,136906745
1905,136911745
1912,136916745
1913,136921745
1934,136926745
1956,136931745
1960,136936745
1954,136941745
1954,136946745
1964,136951745
1936,136956745
1912,136961745
1880,136966745
1900,136971745
1893,136976745
1878,136981745
1862,136986745
1829,136991745
1794,136996745
1773,137001745
1776,137006745
1799,137011745
1783,137016745
1761,137021745
1777,137026745
1780,137031745
1765,137036745
1740,137041745
1752,137046745
1753,137051745
1728,137056745
1728,137061745
1730,137066745
1763,137071745
1771,137076745
1832,137081745
1901,137086745
2004,137091745
2050,137096745
2106,137101745
2165,137106745
2204,137111745
2292,137116745
2376,137121745
2404,137126745
2337,137131745
2258,137136745
2225,137141745
2147,137146745
1996,137151745
1752,137156745
1544,137161745
1429,137166745
1378,137171745
1363,137176745
1344,137181745
1376,137186745
1377,137191745
1402,137196745
1412,137201745
1436,137206745
1473,137211745
1446,137216745
1398,137221745
1486,137226745
1738,137231745
1990,137236745
2236,137241745
2557,137246745
3059,137251745
3277,137256745
2692,137261745
1848,137266745
1140,137271745
881,137276745
1091,137281745
1344,137286745
1493,137291745
1528,137296745
1545,137301745
1546,137306745
1568,137311745
1584,137316748
1621,137321746
1640,137326746
1685,137331745
1727,137336745
1737,137341745
1761,137346745
1812,137351745
1832,137356745
1851,137361745
1849,137366745
1859,137371745
1886,137376745
1889,137381748
1931,137386745
1971,137391745
2012,137396745
2025,137401745
2037,137406745
2067,137411745
2072,137416745
2053,137421745
2115,137426745
2163,137431745
2183,137436745
2198,137441745
2197,137446745
2225,137451745
2239,137456745
2255,137461745
2252,137466745
2274,137471745
2286,137476745
2270,137481745
2263,137486745
2236,137491745
2198,137496745
2135,137501745
2042,137506745
1967,137511745
1908,137516745
1850,137521745
1786,137526745
1735,137531745
1699,137536745
1670,137541745
1659,137546745
1656,137551745
1651,137556745
1646,137561745
1649,137566745
1676,137571745
1693,137576745
1689,137581745
1723,137586745
1764,137591745
1768,137596745
1782,137601745
1818,137606745
1855,137611745
1871,137616745
1889,137621745
1902,137626745
1923,137631745
1936,137636745
1921,137641745
1924,137646745
1922,137651745
1905,137656745
1913,137661745
1913,137666745
1917,137671745
1902,137676745
1851,137681745
1843,137686745
1860,137691745
1835,137696745
1825,137701745
1806,137706745
1804,137711745
1784,137716745
1790,137721745
1771,137726745
1764,137731745
1760,137736745
1761,137741745
1748,137746745
1754,137751745
1759,137756745
1759,137761745
1766,137766745
1751,137771745
1749,137776745
1738,137781745
1749,137786745
1777,137791745
1844,137796745
1916,137801745
2001,137806745
2079,137811745
2125,137816747
2184,137821747
2252,137826745
2354,137831745
2435,137836745
2421,137841745
2298,137846745
2230,137851745
2203,137856745
2123,137861745
1954,137866745
1715,137871745
1544,137876745
1440,137881745
1386,137886745
1360,137891745
1371,137896745
1369,137901745
1379,137906745
1425,137911745
1447,137916745
1462,137921745
1501,137926745
1470,137931745
1412,137936745
1523,137941745
1820,137946745
2084,137951747
2371,137956745
2736,137961745
3239,137966745
3310,137971745
2582,137976745
1704,137981745
1000,137986745
846,137991745
1076,137996745
1306,138001745
1442,138006745
1482,138011745
1503,138016745
1525,138021745
1546,138026745
1605,138031745
1639,138036745
1638,138041745
1654,138046745
1700,138051745
1732,138056745
1750,138061745
1778,138066745
1797,138071745
1804,138076745
1813,138081745
1849,138086745
1882,138091745
1902,138096745
1912,138101745
1952,138106745
2000,138111745
2021,138116745
2032,138121745
2073,138126745
2094,138131745
2118,138136745
2141,138141745
2161,138146745
2219,138151745
2224,138156745
2198,138161745
2230,138166745
2257,138171745
2263,138176745
2263,138181745
2282,138186745
2298,138191745
2285,138196745
2270,138201745
2250,138206745
2205,138211745
2146,138216745
2051,138221745
1979,138226745
1946,138231745
1880,138236745
1835,138241745
1771,138246745
1730,138251745
1683,138256745
1656,138261745
1675,138266745
1677,138271745
1659,138276745
1649,138281745
1701,138286745
1724,138291745
1745,138296745
1738,138301745
1777,138306745
1817,138311745
1847,138316745
1848,138321745
1863,138326745
1901,138331745
1914,138336745
1929,138341745
1947,138346745
1943,138351745
1924,138356745
1920,138361745
1927,138366745
1929,138371747
1911,138376748
1901,138381745
1900,138386745
1911,138391745
1871,138396745
1840,138401745
1822,138406745
1789,138411745
1806,138416745
1788,138421745
1776,138426745
1795,138431745
1783,138436745
1744,138441745
1737,138446745
1714,138451747
1737,138456747
1739,138461745
1729,138466745
1710,138471745
1729,138476745
1736,138481745
1747,138486745
1788,138491745
1855,138496745
1935,138501745
2007,138506745
2076,138511745
2139,138516745
2170,138521745
2246,138526745
2356,138531745
2422,138536745
2359,138541745
2253,138546745
2227,138551745
2187,138556745
2089,138561745
1879,138566745
1625,138571745
1492,138576745
1416,138581745
1390,138586745
1389,138591745
1388,138596745
1393,138601745
1412,138606745
1444,138611745
1452,138616745
1470,138621745
1482,138626745
1437,138631745
1463,138636745
1640,138641745
1959,138646745
2272,138651745
2681,138656745
3178,138661745
3681,138666745
3367,138671745
2419,138676745
1504,138681745
909,138686745
844,138691745
1082,138696745
1292,138701745
1378,138706745
1423,138711745
1454,138716745
1467,138721745
1499,138726745
1540,138731745
1573,138736745
1593,138741745
1613,138746745
1654,138751745
1699,138756745
1735,138761745
1782,138766745
1807,138771745
1792,138776745
1795,138781745
1805,138786745
1841,138791745
1866,138796745
1883,138801745
1898,138806745
1933,138811745
1970,138816745
1998,138821745
2012,138826745
2058,138831745
2087,138836745
2080,138841745
2082,138846745
2106,138851745
2132,138856745
2151,138861745
2163,138866745
2176,138871745
2190,138876745
2214,138881745
2228,138886745
2270,138891745
2270,138896745
2224,138901745
2222,138906745
2185,138911745
2147,138916745
2099,138921745
2029,138926745
1975,138931745
1932,138936745
1889,138941745
1838,138946745
1809,138951745
1774,138956745
1746,138961745
1734,138966745
1748,138971745
1754,138976748
1749,138981745
1744,138986745
1762,138991745
1805,138996745
1853,139001745
1857,139006745
1880,139011745
1911,139016745
1932,139021745
1944,139026745
1953,139031745
1955,139036745
1965,139041745
1981,139046745
1985,139051745
1973,139056745
1939,139061745
1935,139066745
1924,139071745
1912,139076745
1889,139081745
1889,139086745
1895,139091745
1868,139096745
1846,139101745
1816,139106745
1819,139111745
1822,139116745
1768,139121745
1781,139126745
1763,139131745
1768,139136745
1786,139141745
1849,139146745
1924,139151745
2008,139156745
2063,139161745
2125,139166745
2181,139171745
2247,139176745
2353,139181745
2448,139186745
2416,139191745
2286,139196745
2237,139201745
2208,139206745
2143,139211745
1926,139216745
1641,139221745
1460,139226745
1380,139231745
1355,139236745
1313,139241745
1296,139246745
1332,139251745
1354,139256745
1360,139261745
1376,139266745
1417,139271745
1435,139276745
1388,139281745
1333,139286745
1365,139291745
1501,139296745
1718,139301745
2006,139306745
2453,139311745
3060,139316745
3475,139321745
3011,139326745
2114,139331745
1302,139336745
958,139341745
1093,139346745
1332,139351745
1463,139356745
1490,139361745
1525,139366748
1550,139371745
1565,139376745
1570,139381745
1600,139386745
1632,139391745
1651,139396745
1688,139401745
1722,139406745
1770,139411745
1797,139416745
1791,139421745
1856,139426745
1877,139431745
1890,139436745
1882,139441745
1890,139446745
1915,139451745
1917,139456745
1932,139461748
1982,139466745
2032,139471745
2054,139476745
2075,139481745
2102,139486745
2120,139491745
2136,139496745
2141,139501745
2173,139506745
2190,139511745
2197,139516746
2193,139521746
2197,139526745
2234,139531745
2224,139536745
2222,139541745
2244,139546745
2249,139551745
2217,139556745
2203,139561745
2148,139566745
2083,139571745
2012,139576745
1932,139581745
1874,139586745
1867,139591745
1825,139596745
1767,139601745
1720,139606745
1721,139611745
1703,139616745
1670,139621745
1671,139626745
1689,139631745
1705,139636745
1723,139641745
1761,139646745
1773,139651745
1780,139656745
1796,139661745
1845,139666745
1884,139671745
1893,139676745
1897,139681745
1909,139686745
1913,139691745
1928,139696745
1902,139701745
1925,139706745
1938,139711745
1937,139716745
1917,139721745
1919,139726745
1892,139731745
1888,139736745
1878,139741745
1860,139746745
1863,139751745
1837,139756745
1799,139761745
1792,139766745
1793,139771745
1773,139776745
1765,139781745
1814,139786745
1870,139791745
1938,139796745
2003,139801745
2088,139806745
2155,139811745
2216,139816745
2284,139821745
2400,139826745
2481,139831745
2419,139836745
2289,139841745
2240,139846745
2213,139851745
2077,139856745
1806,139861745
1532,139866745
1394,139871745
1329,139876745
1289,139881745
1275,139886745
1283,139891745
1295,139896745
1315,139901745
1319,139906745
1348,139911745
1388,139916745
1390,139921745
1333,139926745
1287,139931745
1363,139936745
1589,139941745
1840,139946745
2174,139951745
2599,139956745
3171,139961745
3382,139966745
2751,139971745
1889,139976745
1127,139981745
905,139986745
1135,139991745
1364,139996745
1453,140001745
1481,140006745
1525,140011745
1549,140016747
1562,140021748
1592,140026746
1632,140031745
1660,140036745
1666,140041745
1679,140046745
1716,140051745
1734,140056745
1750,140061745
1786,140066745
1805,140071745
1826,140076745
1824,140081745
1857,140086745
1892,140091745
1926,140096745
1949,140101745
1971,140106745
2004,140111745
2002,140116745
2029,140121745
2061,140126745
2070,140131745
2102,140136745
2117,140141745
2177,140146745
2216,140151745
2211,140156745
2201,140161745
2204,140166745
2232,140171745
2237,140176745
2243,140181745
2245,140186745
2274,140191745
2276,140196745
2251,140201745
2203,140206745
2148,140211745
2066,140216745
2001,140221745
1937,140226745
1881,140231745
1809,140236745
1744,140241745
1730,140246745
1725,140251745
1728,140256745
1699,140261745
1673,140266745
1697,140271745
1703,140276745
1706,140281745
1752,140286745
1785,140291745
1795,140296745
1799,140301745
1820,140306745
1842,140311745
1849,140316745
1881,140321745
1940,140326745
1951,140331745
1937,140336745
1935,140341745
1945,140346745
1956,140351745
1943,140356747
1908,140361748
1918,140366745
1931,140371745
1894,140376745
1881,140381745
1872,140386745
1865,140391745
1850,140396745
1821,140401745
1812,140406745
1805,140411745
1791,140416745
1757,140421745
1746,140426745
1745,140431745
1759,140436745
1804,140441745
1860,140446745
1946,140451745
2025,140456745
2090,140461745
2168,140466745
2218,140471745
2334,140476745
2447,140481745
2478,140486745
2380,140491745
2292,140496745
2255,140501745
2189,140506745
2016,140511745
1735,140516748
1499,140521746
1392,140526745
1337,140531745
1304,140536745
1282,140541745
1307,140546745
1337,140551745
1350,140556745
1366,140561745
1390,140566745
1413,140571745
1419,140576745
1347,140581745
1339,140586745
1486,140591745
1807,140596745
2084,140601745
2460,140606745
2983,140611745
3535,140616745
3317,140621745
2437,140626745
1546,140631745
943,140636745
945,140641745
1185,140646745
1391,140651745
1439,140656745
1446,140661745
1468,140666745
1499,140671745
1528,140676745
1544,140681745
1581,140686745
1620,140691745
1644,140696745
1646,140701745
1678,140706745
1736,140711745
1765,140716745
1773,140721745
1818,140726745
1843,140731745
1854,140736745
1876,140741745
1897,140746745
1936,140751745
1967,140756745
1971,140761745
1994,140766745
2014,140771745
2029,140776745
2040,140781745
2050,140786745
2078,140791745
2085,140796745
2107,140801745
2142,140806745
2179,140811745
2188,140816745
2192,140821745
2198,140826745
2231,140831745
2239,140836745
2266,140841745
2284,140846745
2273,140851745
2238,140856745
2182,140861745
2157,140866745
2076,140871745
1983,140876745
1909,140881745
1876,140886745
1822,140891745
1778,140896745
1762,140901745
1760,140906745
1748,140911745
1720,140916745
1714,140921745
1733,140926745
1753,140931745
1773,140936745
1783,140941745
1817,140946745
1846,140951745
1855,140956745
1871,140961745
1911,140966745
1956,140971745
1930,140976745
1902,140981745
1924,140986745
1931,140991745
1940,140996745
1949,141001745
1958,141006745
1946,141011745
1933,141016747
1913,141021747
1904,141026745
1896,141031745
1862,141036745
1852,141041745
1842,141046745
1813,141051745
1804,141056745
1787,141061745
1786,141066745
1788,141071745
1774,141076745
1817,141081745
1878,141086745
1975,141091745
2057,141096745
2144,141101745
2176,141106745
2253,141111745
2343,141116748
2418,141121747
2407,141126746
2297,141131746
2251,141136745
2226,141141745
2122,141146745
1906,141151745
1598,141156745
1413,141161745
1337,141166745
1306,141171745
1290,141176745
1281,141181745
1305,141186745
1314,141191745
1348,141196745
1362,141201745
1396,141206745
1421,141211745
1408,141216745
1326,141221745
1336,141226745
1525,141231745
1768,141236745
2098,141241745
2579,141246745
3230,141251745
3599,141256745
3059,141261745
2161,141266745
1317,141271745
918,141276745
1019,141281745
1260,141286745
1381,141291745
1423,141296745
1446,141301745
1473,141306745
1521,141311745
1519,141316745
1531,141321745
1550,141326745
1607,141331745
1644,141336745
1672,141341745
1717,141346745
1756,141351747
1757,141356748
1750,141361745
1778,141366745
1803,141371745
1814,141376745
1831,141381745
1835,141386745
1894,141391745
1935,141396745
1952,141401745
1946,141406745
1955,141411745
1983,141416745
1984,141421745
2010,141426745
2050,141431745
2067,141436745
2068,141441745
2094,141446745
2120,141451745
2126,141456745
2147,141461745
2165,141466745
2192,141471745
2215,141476745
2234,141481745
2269,141486745
2261,141491745
2231,141496745
2182,141501745
2129,141506745
2084,141511745
2034,141516745
1968,141521745
1937,141526745
1908,141531745
1866,141536745
1818,141541745
1824,141546745
1813,141551745
1764,141556745
1770,141561745
1793,141566745
1825,141571745
1818,141576745
1854,141581745
1899,141586745
1936,141591745
1939,141596745
1947,141601745
1952,141606745
1968,141611745
1961,141616746
1971,141621746
1993,141626745
1991,141631745
1962,141636745
1950,141641745
1976,141646745
1956,141651745
1929,141656745
1885,141661745
1881,141666745
1868,141671745
1865,141676745
1842,141681745
1824,141686745
1825,141691745
1824,141696745
1816,141701745
1877,141706745
1950,141711745
2034,141716745
2088,141721745
2171,141726745
2217,141731745
2260,141736745
2374,141741745
2453,141746745
2427,141751745
2278,141756745
2215,141761745
2186,141766745
2100,141771745
1879,141776745
1596,141781745
1440,141786745
1361,141791745
1329,141796745
1282,141801745
1284,141806745
1276,141811745
1308,141816745
1330,141821745
1344,141826745
1369,141831745
1402,141836745
1368,141841745
1278,141846745
1269,141851745
1382,141856745
1542,141861745
1837,141866745
2320,141871745
3021,141876745
3375,141881745
2861,141886745
2062,141891745
1296,141896745
1003,141901745
1165,141906745
1402,141911745
1481,141916745
1497,141921745
1550,141926745
1565,141931745
1571,141936745
1592,141941745
1656,141946745
1665,141951745
1674,141956745
1716,141961745
1727,141966745
1750,141971745
1774,141976745
1811,141981745
1844,141986745
1874,141991745
1878,141996745
1866,142001745
1885,142006745
1914,142011745
1938,142016745
1949,142021745
1957,142026745
1981,142031745
2000,142036745
2013,142041745
2028,142046745
2068,142051745
2083,142056745
2092,142061745
2116,142066745
2135,142071745
2138,142076745
2145,142081745
2170,142086745
2186,142091745
2203,142096745
2218,142101745
2243,142106745
2240,142111745
2229,142116747
2198,142121747
2160,142126745
2114,142131745
2044,142136745
1985,142141745
1914,142146745
1871,142151745
1833,142156745
1803,142161745
1778,142166745
1777,142171745
1782,142176745
1742,142181745
1737,142186745
1767,142191745
1787,142196745
1802,142201745
1822,142206745
1844,142211745
1849,142216745
1852,142221745
1903,142226745
1951,142231745
1958,142236745
1975,142241745
1975,142246745
1979,142251745
1962,142256745
1950,142261745
1970,142266745
1975,142271745
1938,142276745
1913,142281745
1930,142286745
1922,142291745
1886,142296745
1849,142301745
1845,142306745
1828,142311745
1809,142316745
1782,142321745
1778,142326745
1783,142331745
1778,142336745
1777,142341745
1803,142346748
1870,142351745
1925,142356745
1995,142361745
2090,142366745
2164,142371745
2194,142376745
2271,142381745
2401,142386745
2496,142391745
2410,142396745
2262,142401745
2228,142406745
2188,142411745
2061,142416745
1817,142421745
1563,142426745
1412,142431745
1332,142436745
1291,142441745
1286,142446745
1294,142451745
1285,142456745
1293,142461746
1338,142466745
1380,142471745
1403,142476745
1401,142481745
1341,142486745
1284,142491745
1357,142496745
1584,142501745
1784,142506745
2130,142511745
2581,142516745
3223,142521745
3324,142526745
2604,142531745
1770,142536745
1055,142541745
927,142546745
1161,142551745
1373,142556745
1481,142561745
1511,142566745
1541,142571745
1544,142576745
1564,142581745
1583,142586745
1601,142591745
1638,142596745
1670,142601745
1696,142606745
1716,142611745
1725,142616746
1749,142621748
1802,142626747
1811,142631746
1817,142636745
1825,142641745
1868,142646745
1919,142651745
1920,142656745
1918,142661745
1963,142666745
1979,142671745
1998,142676745
2026,142681745
2061,142686745
2092,142691745
2086,142696745
2119,142701745
2162,142706745
2185,142711745
2183,142716745
2195,142721745
2219,142726745
2237,142731748
2255,142736746
2268,142741745
2293,142746745
2279,142751745
2271,142756745
2255,142761745
2205,142766745
2131,142771745
2048,142776745
1985,142781745
1918,142786745
1878,142791745
1808,142796745
1763,142801745
1735,142806745
1724,142811745
1707,142816745
1698,142821745
1714,142826745
1727,142831745
1721,142836745
1735,142841745
1765,142846745
1792,142851745
1787,142856745
1825,142861745
1846,142866745
1885,142871745
1902,142876745
1895,142881745
1937,142886745
1938,142891745
1939,142896745
1957,142901745
1960,142906745
1957,142911745
1970,142916745
1962,142921745
1951,142926745
1949,142931745
1917,142936745
1883,142941745
1865,142946745
1849,142951745
1829,142956745
1792,142961745
1788,142966745
1799,142971745
1794,142976745
1768,142981745
1770,142986745
1768,142991745
1745,142996745
1724,143001745
1737,143006745
1773,143011745
1777,143016745
1825,143021745
1892,143026745
1969,143031745
2034,143036745
2112,143041745
2188,143046745
2228,143051745
2320,143056745
2451,143061745
2502,143066745
2377,143071745
2280,143076745
2254,143081745
2200,143086745
2028,143091745
1736,143096745
1508,143101745
1412,143106745
1363,143111745
1326,143116745
1329,143121745
1358,143126745
1361,143131745
1359,143136745
1358,143141745
1399,143146745
1450,143151745
1430,143156745
1347,143161745
1364,143166745
1556,143171745
1856,143176745
2140,143181745
2532,143186745
3062,143191745
3450,143196745
3032,143201745
2129,143206745
1312,143211745
896,143216747
979,143221746
1263,143226745
1443,143231745
1498,143236745
1499,143241745
1519,143246745
1560,143251745
1582,143256745
1607,143261745
1649,143266745
1684,143271745
1687,143276745
1713,143281745
1738,143286745
1779,143291745
1797,143296745
1796,143301745
1823,143306745
1852,143311745
1866,143316745
1879,143321745
1935,143326745
1957,143331745
1971,143336745
1975,143341747
1999,143346745
2042,143351745
2084,143356745
2090,143361745
2104,143366745
2138,143371745
2149,143376745
2158,143381745
2184,143386745
2194,143391745
2210,143396745
2204,143401745
2234,143406745
2256,143411745
2251,143416745
2246,143421745
2260,143426745
2276,143431745
2224,143436745
2166,143441745
2083,143446745
2036,143451745
1992,143456745
1924,143461745
1867,143466745
1803,143471745
1790,143476745
1747,143481745
1725,143486745
1732,143491745
1704,143496745
1693,143501745
1706,143506745
1732,143511745
1743,143516745
1765,143521745
1816,143526745
1850,143531745
1862,143536745
1866,143541745
1920,143546745
1939,143551745
1949,143556745
1942,143561745
1946,143566745
1957,143571745
1957,143576745
1977,143581745
1999,143586745
1974,143591745
1951,143596745
1934,143601745
1932,143606745
1926,143611745
1891,143616745
1854,143621745
1860,143626745
1836,143631745
1811,143636745
1803,143641745
1798,143646745
1777,143651745
1778,143656745
1778,143661745
1777,143666745
1770,143671745
1748,143676745
1728,143681745
1735,143686745
1766,143691745
1763,143696745
1771,143701745
1818,143706745
1865,143711745
1906,143716749
1990,143721746
2105,143726745
2184,143731745
2213,143736745
2320,143741745
2401,143746745
2449,143751745
2357,143756745
2245,143761745
2214,143766745
2186,143771745
2061,143776745
1800,143781745
1585,143786745
1477,143791745
1391,143796745
1351,143801745
1358,143806745
1368,143811745
1367,143816745
1370,143821745
1437,143826745
1472,143831745
1476,143836745
1426,143841745
1373,143846745
1394,143851745
1584,143856745
1916,143861745
2261,143866745
2688,143871745
3185,143876745
3692,143881745
3412,143886745
2463,143891745
1546,143896745
922,143901745
866,143906745
1094,143911745
1301,143916745
1361,143921745
1410,143926745
1436,143931745
1466,143936745
1483,143941745
1524,143946745
1578,143951745
1591,143956745
1624,143961745
1665,143966745
1684,143971745
1692,143976745
1707,143981745
1758,143986745
1783,143991745
1785,143996745
1782,144001745
1837,144006745
1869,144011745
1872,144016745
1893,144021745
1925,144026745
1963,144031745
1980,144036745
1995,144041745
2018,144046745
2062,144051745
2058,144056745
2066,144061745
2092,144066745
2122,144071745
2129,144076745
2154,144081745
2160,144086745
2168,144091745
2190,144096745
2219,144101745
2232,144106745
2248,144111745
2266,144116745
2256,144121745
2224,144126745
2179,144131745
2093,144136745
2032,144141745
1986,144146745
1946,144151745
1886,144156745
1835,144161745
1816,144166745
1795,144171745
1736,144176745
1730,144181745
1761,144186745
1785,144191745
1754,144196745
1754,144201745
1791,144206745
1828,144211745
1842,144216745
1872,144221747
1899,144226745
1917,144231745
1935,144236745
1970,144241745
1982,144246745
1973,144251745
1967,144256745
2001,144261745
2010,144266745
1988,144271745
1977,144276745
1922,144281745
1911,144286745
1906,144291745
1930,144296745
1888,144301745
1866,144306745
1851,144311745
1809,144316746
1795,144321745
1809,144326745
1798,144331745
1780,144336747
1769,144341745
1772,144346745
1775,144351745
1784,144356745
1815,144361745
1894,144366745
1976,144371745
2057,144376745
2121,144381745
2146,144386745
2237,144391745
2340,144396745
2406,144401745
2371,144406745
2278,144411745
2232,144416745
2189,144421745
2099,144426745
1854,144431745
1577,144436745
1441,144441745
1385,144446745
1368,144451745
1329,144456745
1317,144461745
1357,144466745
1371,144471745
1349,144476745
1385,144481745
1422,144486745
1442,144491745
1400,144496745
1345,144501745
1449,144506745
1622,144511745
1829,144516745
2185,144521745
2647,144526745
3278,144531745
3555,144536745
2899,144541745
2037,144546745
1225,144551745
907,144556745
1034,144561745
1283,144566745
1425,144571745
1466,144576745
1472,144581745
1495,144586745
1498,144591745
1524,144596745
1556,144601745
1591,144606745
1625,144611745
1648,144616745
1662,144621745
1691,144626745
1735,144631745
1774,144636745
1790,144641745
1813,144646745
1846,144651745
1835,144656745
1848,144661745
1886,144666745
1925,144671745
1931,144676745
1920,144681745
1949,144686745
1980,144691745
1962,144696745
2019,144701745
2033,144706745
2075,144711745
2081,144716745
2090,144721745
2100,144726745
2105,144731745
2112,144736745
2120,144741745
2160,144746745
2199,144751745
2223,144756745
2231,144761745
2233,144766745
2212,144771745
2180,144776745
2126,144781745
2079,144786745
2050,144791745
1995,144796745
1921,144801745
1882,144806745
1849,144811745
1797,144816746
1762,144821747
1751,144826746
1776,144831745
1737,144836745
1720,144841745
1750,144846745
1789,144851745
1789,144856745
1800,144861745
1845,144866745
1883,144871745
1889,144876745
1885,144881745
1906,144886745
1935,144891745
1950,144896745
1961,144901745
1971,144906745
1983,144911745
1951,144916745
1948,144921745
1943,144926745
1956,144931745
1924,144936745
1904,144941745
1907,144946745
1906,144951745
1886,144956745
1879,144961745
1878,144966745
1847,144971745
1810,144976745
1784,144981745
1777,144986745
1775,144991745
1791,144996745
1857,145001745
1931,145006745
2012,145011745
2078,145016745
2141,145021745
2207,145026745
2275,145031745
2372,145036745
2461,145041745
2432,145046745
2300,145051745
2226,145056745
2170,145061745
2063,145066745
1826,145071745
1561,145076745
1406,145081745
1327,145086745
1292,145091745
1270,145096745
1283,145101745
1305,145106745
1309,145111745
1334,145116745
1370,145121745
1414,145126745
1434,145131745
1363,145136745
1292,145141745
1361,145146745
1565,145151745
1770,145156745
2086,145161745
2501,145166745
3104,145171745
3363,145176745
2779,145181745
1936,145186745
1181,145191745
903,145196745
1090,145201745
1361,145206745
1477,145211745
1493,145216745
1491,145221745
1520,145226745
1531,145231745
1549,145236745
1585,145241745
1633,145246745
1675,145251745
1684,145256745
1717,145261745
1735,145266745
1771,145271745
1797,145276745
1816,145281745
1824,145286745
1840,145291745
1869,145296745
1899,145301745
1919,145306745
1928,145311745
1952,145316747
1967,145321746
2000,145326745
2015,145331747
2011,145336745
2062,145341745
2089,145346745
2106,145351745
2135,145356745
2154,145361745
2166,145366745
2170,145371745
2155,145376745
2167,145381745
2202,145386745
2231,145391745
2245,145396745
2264,145401745
2280,145406745
2269,145411745
2202,145416745
2150,145421745
2092,145426745
2015,145431745
1916,145436745
1856,145441745
1795,145446745
1773,145451745
1751,145456745
1725,145461745
1712,145466745
1717,145471745
1697,145476745
1682,145481745
1701,145486745
1731,145491745
1707,145496745
1747,145501745
1790,145506745
1807,145511745
1817,145516745
1849,145521745
1900,145526745
1938,145531745
1928,145536745
1936,145541745
1953,145546745
1951,145551745
1946,145556745
1962,145561745
1971,145566745
1965,145571745
1945,145576745
1917,145581745
1906,145586745
1905,145591745
1896,145596745
1864,145601745
1840,145606745
1816,145611745
1791,145616745
1794,145621745
1772,145626745
1765,145631745
1745,145636745
1756,145641745
1767,145646745
1758,145651745
1751,145656745
1808,145661745
1871,145666745
1960,145671745
2035,145676745
2100,145681745
2189,145686745
2225,145691745
2333,145696745
2434,145701745
2454,145706745
2350,145711745
2275,145716745
2251,145721745
2160,145726745
1990,145731745
1727,145736745
1506,145741745
1396,145746745
1325,145751745
1300,145756745
1302,145761745
1325,145766745
1342,145771745
1343,145776745
1360,145781745
1390,145786745
1422,145791745
1418,145796745
1350,145801745
1371,145806745
1510,145811745
1823,145816745
2113,145821748
2510,145826745
3020,145831745
3463,145836745
3102,145841745
2207,145846745
1368,145851745
859,145856745
916,145861745
1201,145866745
1383,145871745
1446,145876745
1471,145881745
1484,145886745
1491,145891745
1513,145896745
1562,145901745
1603,145906745
1627,145911745
1660,145916745
1689,145921745
1711,145926745
1758,145931745
1801,145936745
1807,145941745
1811,145946745
1820,145951746
1867,145956746
1881,145961745
1916,145966745
1921,145971745
1942,145976745
1983,145981745
2010,145986745
2034,145991745
2044,145996745
2060,146001745
2092,146006745
2115,146011745
2132,146016745
2158,146021745
2193,146026745
2215,146031745
2230,146036745
2243,146041745
2242,146046745
2249,146051745
2246,146056745
2269,146061745
2282,146066745
2271,146071745
2214,146076745
2169,146081745
2112,146086745
2038,146091745
1964,146096745
1889,146101745
1845,146106745
1798,146111745
1761,146116745
1745,146121745
1734,146126745
1710,146131745
1688,146136745
1651,146141745
1677,146146745
1718,146151745
1725,146156745
1724,146161745
1745,146166745
1765,146171745
1785,146176745
1801,146181745
1863,146186745
1891,146191745
1894,146196745
1902,146201745
1937,146206745
1952,146211745
1953,146216745
1940,146221745
1955,146226745
1958,146231745
1947,146236745
1951,146241745
1964,146246745
1940,146251745
1913,146256745
1880,146261745
1871,146266745
1878,146271745
1860,146276745
1820,146281745
1812,146286745
1767,146291745
1752,146296745
1779,146301745
1788,146306745
1750,146311745
1723,146316745
1725,146321747
1726,146326748
1728,146331745
1742,146336745
1770,146341745
1749,146346745
1749,146351745
1758,146356745
1765,146361745
1808,146366745
1858,146371745
1935,146376745
2007,146381745
2083,146386745
2154,146391745
2191,146396745
2272,146401745
2394,146406745
2475,146411745
2397,146416745
2267,146421745
2247,146426745
2207,146431745
2075,146436745
1837,146441745
1622,146446745
1474,146451745
1367,146456745
1310,146461745
1370,146466746
1368,146471746
1379,146476745
1390,146481745
1431,146486745
1457,146491745
1471,146496745
1460,146501745
1437,146506745
1462,146511745
1609,146516745
1949,146521745
2274,146526745
2664,146531745
3136,146536745
3580,146541745
3279,146546745
2346,146551745
1447,146556745
877,146561745
896,146566745
1144,146571745
1320,146576745
1378,146581745
1427,146586745
1482,146591745
1502,146596745
1532,146601745
1580,146606745
1602,146611745
1637,146616745
1663,146621745
1680,146626745
1722,146631745
1746,146636745
1774,146641745
1801,146646745
1821,146651745
1832,146656745
1840,146661745
1870,146666745
1905,146671745
1906,146676745
1934,146681745
1957,146686745
1979,146691745
1984,146696745
2017,146701745
2059,146706745
2080,146711745
2101,146716745
2096,146721745
2141,146726745
2173,146731745
2175,146736745
2186,146741745
2196,146746745
2200,146751745
2211,146756745
2237,146761745
2275,146766745
2274,146771745
2227,146776745
2209,146781745
2191,146786745
2123,146791745
2044,146796745
1983,146801745
1921,146806745
1890,146811745
1836,146816745
1798,146821745
1761,146826745
1721,146831745
1705,146836745
1701,146841745
1711,146846745
1705,146851745
1712,146856745
1718,146861745
1754,146866745
1788,146871745
1816,146876745
1830,146881745
1854,146886745
1883,146891745
1912,146896745
1931,146901745
1952,146906745
1962,146911745
1937,146916745
1938,146921745
1963,146926745
1965,146931745
1936,146936745
1920,146941745
1923,146946745
1952,146951745
1919,146956745
1897,146961745
1872,146966745
1849,146971745
1828,146976745
1756,146981745
1806,146986747
1773,146991746
1761,146996745
1762,147001745
1777,147006745
1757,147011745
1738,147016745
1744,147021745
1757,147026745
1771,147031745
1750,147036745
1765,147041745
1768,147046745
1758,147051745
1750,147056745
1787,147061745
1832,147066745
1868,147071745
1906,147076745
1975,147081745
2061,147086745
2132,147091745
2168,147096745
2222,147101745
2303,147106745
2397,147111745
2359,147116745
2218,147121745
2209,147126745
2181,147131745
2093,147136745
1894,147141745
1657,147146745
1514,147151745
1442,147156745
1411,147161745
1410,147166745
1420,147171745
1405,147176745
1414,147181745
1443,147186745
1470,147191745
1505,147196745
1517,147201745
1475,147206745
1457,147211745
1564,147216745
1866,147221745
2152,147226745
2521,147231745
2927,147236745
3499,147241745
3507,147246745
2694,147251745
1765,147256745
1025,147261745
833,147266745
1021,147271745
1266,147276745
1397,147281745
1463,147286745
1488,147291745
1498,147296745
1519,147301745
1554,147306745
1577,147311745
1593,147316747
1624,147321748
1655,147326745
1691,147331745
1719,147336745
1735,147341745
1772,147346745
1801,147351745
1805,147356745
1825,147361745
1867,147366745
1884,147371745
1898,147376745
1919,147381745
1936,147386745
1957,147391745
1956,147396745
1983,147401745
2005,147406745
2015,147411745
2040,147416745
2094,147421745
2139,147426745
2144,147431745
2143,147436745
2147,147441745
2168,147446745
2154,147451745
2166,147456745
2208,147461745
2236,147466745
2253,147471745
2246,147476745
2198,147481745
2179,147486745
2156,147491745
2098,147496745
2021,147501745
1958,147506745
1910,147511745
1859,147516745
1804,147521745
1784,147526745
1769,147531745
1727,147536745
1730,147541745
1726,147546745
1724,147551745
1705,147556745
1731,147561745
1781,147566745
1804,147571745
1801,147576745
1819,147581745
1876,147586745
1892,147591745
1891,147596745
1899,147601745
1936,147606748
1930,147611746
1961,147616748
1964,147621745
1985,147626745
1974,147631745
1961,147636745
1944,147641745
1922,147646745
1922,147651745
1932,147656745
1926,147661745
1905,147666745
1891,147671745
1847,147676745
1824,147681745
1815,147686745
1817,147691745
1782,147696745
1723,147701745
1736,147706745
1761,147711745
1738,147716745
1738,147721745
1738,147726745
1743,147731745
1750,147736745
1763,147741745
1766,147746745
1741,147751745
1752,147756745
1799,147761745
1853,147766745
1909,147771745
1971,147776745
2052,147781745
2117,147786745
2164,147791745
2191,147796745
2282,147801745
2404,147806745
2408,147811745
2273,147816745
2205,147821745
2200,147826745
2139,147831745
1952,147836745
1690,147841745
1507,147846745
1429,147851745
1400,147856745
1378,147861745
1366,147866745
1365,147871745
1387,147876745
1409,147881745
1468,147886745
1452,147891745
1495,147896745
1475,147901745
1448,147906745
1530,147911745
1747,147916745
1977,147921745
2229,147926745
2563,147931745
3053,147936745
3289,147941745
2736,147946745
1855,147951745
1112,147956745
857,147961745
1065,147966745
1338,147971745
1482,147976745
1507,147981745
1550,147986745
1579,147991745
1587,147996745
1598,148001745
1653,148006745
1675,148011745
1686,148016745
1712,148021745
1757,148026745
1799,148031745
1808,148036745
1828,148041745
1851,148046745
1865,148051745
1869,148056745
1856,148061745
1933,148066745
1939,148071745
1941,148076745
1941,148081745
1968,148086745
2006,148091745
2027,148096745
2052,148101745
2083,148106745
2097,148111745
2123,148116745
2164,148121745
2189,148126745
2188,148131745
2188,148136745
2213,148141745
2227,148146745
2247,148151745
2241,148156745
2240,148161745
2279,148166745
2282,148171745
2238,148176745
2195,148181745
2136,148186745
2052,148191745
1984,148196745
1924,148201745
1880,148206745
1804,148211745
1754,148216745
1744,148221745
1699,148226745
1690,148231745
1662,148236745
1650,148241745
1660,148246745
1668,148251745
1665,148256745
1685,148261745
1730,148266745
1719,148271745
1724,148276745
1779,148281747
1797,148286746
1834,148291745
1841,148296745
1866,148301745
1920,148306745
1910,148311748
1906,148316745
1936,148321745
1940,148326745
1936,148331745
1946,148336745
1954,148341745
2006,148346745
1947,148351745
1926,148356745
1930,148361745
1931,148366745
1895,148371745
1851,148376745
1829,148381745
1814,148386745
1814,148391745
1793,148396745
1792,148401745
1780,148406745
1783,148411745
1769,148416745
1747,148421745
1771,148426745
1771,148431745
1746,148436745
1743,148441745
1763,148446745
1742,148451745
1740,148456745
1755,148461745
1770,148466745
1758,148471745
1777,148476745
1857,148481745
1962,148486745
2016,148491745
2064,148496745
2135,148501745
2219,148506745
2274,148511745
2356,148516745
2436,148521745
2399,148526745
2283,148531745
2243,148536745
2218,148541745
2146,148546745
1933,148551745
1657,148556745
1500,148561745
1404,148566745
1383,148571745
1379,148576745
1373,148581745
1406,148586745
1382,148591745
1411,148596745
1470,148601747
1475,148606746
1491,148611745
1455,148616745
1441,148621745
1575,148626745
1880,148631745
2048,148636745
2385,148641745
2738,148646745
3239,148651745
3175,148656745
2404,148661745
1590,148666745
962,148671745
881,148676745
1138,148681745
1406,148686745
1515,148691745
1531,148696745
1529,148701745
1566,148706745
1591,148711745
1600,148716745
1621,148721745
1671,148726745
1710,148731745
1735,148736745
1751,148741745
1773,148746745
1782,148751745
1796,148756745
1835,148761745
1853,148766745
1862,148771745
1890,148776745
1932,148781745
1950,148786745
1973,148791745
1976,148796745
2015,148801745
2058,148806745
2084,148811745
2090,148816745
2134,148821745
2162,148826745
2172,148831745
2197,148836745
2218,148841745
2228,148846745
2252,148851745
2241,148856745
2231,148861745
2251,148866745
2310,148871745
2290,148876745
2289,148881745
2292,148886745
2257,148891745
2210,148896745
2129,148901745
2065,148906745
1987,148911745
1884,148916745
1834,148921745
1819,148926745
1758,148931745
1708,148936745
1681,148941745
1644,148946745
1622,148951745
1662,148956745
1675,148961745
1685,148966745
1688,148971745
1688,148976745
1715,148981745
1749,148986745
1770,148991745
1771,148996745
1796,149001745
1841,149006745
1844,149011745
1862,149016745
1879,149021745
1879,149026745
1892,149031745
1897,149036745
1924,149041745
1928,149046745
1926,149051745
1932,149056745
1919,149061745
1916,149066745
1904,149071745
1873,149076746
1857,149081745
1856,149086745
1839,149091745
1808,149096745
1801,149101745
1780,149106745
1769,149111745
1769,149116748
1763,149121745
1764,149126745
1763,149131745
1758,149136745
1749,149141745
1726,149146745
1726,149151745
1716,149156745
1723,149161745
1716,149166745
1720,149171745
1706,149176745
1737,149181745
1728,149186745
1752,149191745
1756,149196745
1763,149201745
1789,149206745
1785,149211745
1801,149216745
1860,149221745
1943,149226745
2001,149231745
2068,149236745
2144,149241745
2223,149246745
2284,149251745
2364,149256745
2418,149261745
2389,149266745
2274,149271745
2255,149276745
2241,149281745
2162,149286745
1932,149291745
1683,149296745
1537,149301745
1475,149306748
1450,149311745
1419,149316745
1414,149321745
1426,149326745
1438,149331745
1450,149336745
1480,149341745
1497,149346745
1497,149351745
1439,149356745
1472,149361745
1637,149366745
1929,149371745
2168,149376745
2509,149381745
2920,149386745
3419,149391745
3325,149396745
2527,149401745
1657,149406745
983,149411745
838,149416745
1061,149421745
1321,149426745
1429,149431745
1476,149436745
1507,149441745
1550,149446745
1552,149451745
1570,149456745
1592,149461745
1633,149466745
1680,149471745
1691,149476745
1710,149481745
1737,149486745
1763,149491745
1798,149496745
1821,149501745
1826,149506745
1793,149511745
1846,149516745
1909,149521745
1939,149526745
1939,149531745
1957,149536745
2000,149541745
2025,149546745
2038,149551745
2049,149556745
2054,149561745
2083,149566745
2114,149571745
2136,149576745
2165,149581745
2201,149586745
2217,149591745
2241,149596745
2235,149601745
2256,149606745
2262,149611745
2271,149616745
2271,149621745
2287,149626745
2260,149631745
2212,149636745
2139,149641745
2075,149646745
2017,149651745
1946,149656745
1882,149661745
1785,149666745
1782,149671745
1737,149676745
1711,149681745
1698,149686745
1682,149691745
1693,149696745
1712,149701745
1718,149706745
1727,149711745
1738,149716745
1757,149721745
1769,149726745
1810,149731745
1815,149736745
1834,149741745
1845,149746745
1869,149751745
1903,149756745
1931,149761745
1931,149766746
1913,149771745
1915,149776745
1935,149781745
1950,149786745
1941,149791745
1926,149796745
1896,149801745
1893,149806745
1901,149811745
1895,149816747
1867,149821745
1872,149826745
1851,149831745
1816,149836745
1806,149841745
1787,149846745
1784,149851745
1781,149856745
1764,149861745
1764,149866745
1731,149871745
1733,149876745
1738,149881745
1769,149886745
1746,149891745
1778,149896745
1762,149901745
1779,149906745
1783,149911745
1783,149916745
1807,149921745
1864,149926745
1916,149931745
1979,149936745
2068,149941745
2141,149946745
2180,149951745
2242,149956745
2323,149961745
2403,149966745
2346,149971745
2249,149976745
2209,149981745
2187,149986745
2104,149991745
1869,149996745
1644,150001745
1519,150006745
1416,150011745
1370,150016745
1389,150021745
1395,150026745
1372,150031745
1367,150036745
1411,150041745
1447,150046745
1471,150051745
1484,150056745
1449,150061745
1466,150066745
1597,150071745
1883,150076745
2141,150081745
2507,150086745
2949,150091745
3471,150096745
3360,150101745
2494,150106745
1603,150111745
965,150116748
864,150121746
1119,150126745
1330,150131745
1432,150136745
1451,150141745
1490,150146745
1511,150151745
1556,150156745
1582,150161745
1593,150166745
1613,150171745
1629,150176745
1676,150181745
1720,150186745
1749,150191745
1780,150196745
1781,150201745
1794,150206745
1837,150211745
1858,150216745
1890,150221745
1891,150226745
1929,150231745
1959,150236745
1972,150241745
2009,150246745
2037,150251745
2031,150256745
2073,150261745
2091,150266745
2096,150271745
2125,150276745
2159,150281745
2191,150286745
2207,150291745
2166,150296745
2190,150301748
2227,150306745
2246,150311745
2256,150316745
2262,150321745
2297,150326745
2284,150331745
2221,150336745
2186,150341745
2134,150346745
2080,150351745
2022,150356745
1937,150361745
1893,150366745
1838,150371745
1790,150376745
1769,150381745
1756,150386745
1720,150391745
1686,150396745
1688,150401745
1697,150406745
1706,150411745
1707,150416745
1733,150421745
1758,150426745
1770,150431745
1783,150436745
1823,150441745
1864,150446745
1874,150451745
1890,150456745
1917,150461745
1939,150466745
1925,150471745
1922,150476745
1924,150481745
1945,150486745
1924,150491745
1935,150496745
1949,150501745
1952,150506745
1937,150511745
1901,150516745
1890,150521745
1890,150526745
1870,150531745
1829,150536745
1823,150541745
1825,150546745
1811,150551745
1818,150556745
1807,150561745
1789,150566745
1787,150571745
1782,150576745
1755,150581745
1753,150586745
1754,150591745
1753,150596745
1758,150601745
1760,150606745
1784,150611745
1776,150616745
1819,150621748
1901,150626746
1972,150631745
2021,150636745
2105,150641745
2177,150646745
2209,150651745
2269,150656745
2374,150661745
2435,150666745
2314,150671745
2223,150676745
2221,150681745
2192,150686745
2045,150691745
1787,150696745
1563,150701745
1448,150706745
1374,150711745
1317,150716747
1332,150721748
1365,150726746
1374,150731746
1381,150736745
1422,150741745
1451,150746745
1454,150751745
1444,150756745
1391,150761745
1461,150766745
1655,150771745
1922,150776745
2164,150781745
2538,150786745
3004,150791745
3360,150796745
2928,150801745
2029,150806745
1243,150811745
856,150816745
993,150821745
1273,150826745
1449,150831745
1520,150836745
1556,150841745
1578,150846745
1583,150851745
1603,150856745
1647,150861745
1676,150866745
1702,150871745
1720,150876745
1749,150881745
1789,150886745
1810,150891745
1809,150896745
1827,150901745
1835,150906745
1852,150911745
1864,150916745
1901,150921745
1928,150926745
1945,150931745
1949,150936745
1967,150941745
2019,150946745
2051,150951745
2051,150956745
2088,150961745
2123,150966745
2141,150971745
2169,150976745
2210,150981745
2221,150986745
2222,150991745
2233,150996745
2261,151001745
2272,151006745
2269,151011745
2266,151016745
2277,151021745
2267,151026745
2242,151031745
2203,151036745
2144,151041745
2072,151046745
1972,151051745
1915,151056745
1878,151061745
1832,151066745
1770,151071745
1702,151076745
1698,151081745
1704,151086745
1688,151091745
1652,151096745
1660,151101745
1700,151106745
1709,151111745
1715,151116745
1742,151121745
1764,151126745
1760,151131745
1787,151136745
1839,151141745
1881,151146745
1871,151151745
1858,151156745
1870,151161745
1910,151166745
1931,151171745
1903,151176745
1895,151181745
1902,151186745
1904,151191745
1907,151196745
1912,151201745
1907,151206745
1887,151211745
1878,151216747
1858,151221746
1843,151226746
1845,151231745
1828,151236745
1814,151241745
1806,151246745
1791,151251745
1782,151256745
1770,151261745
1777,151266745
1754,151271745
1749,151276745
1743,151281745
1769,151286745
1769,151291748
1749,151296745
1755,151301745
1829,151306745
1882,151311745
1954,151316745
2034,151321745
2105,151326745
2161,151331745
2208,151336745
2302,151341745
2410,151346745
2423,151351745
2299,151356745
2211,151361745
2223,151366745
2140,151371745
1991,151376745
1756,151381745
1538,151386745
1433,151391745
1365,151396745
1356,151401745
1349,151406745
1349,151411745
1363,151416745
1389,151421745
1401,151426745
1428,151431745
1430,151436745
1430,151441745
1369,151446745
1418,151451745
1666,151456745
1980,151461745
2272,151466745
2622,151471745
3098,151476745
3417,151481745
2893,151486745
1957,151491745
1171,151496745
813,151501745
974,151506745
1269,151511745
1436,151516745
1502,151521745
1524,151526745
1518,151531745
1529,151536745
1570,151541745
1637,151546745
1653,151551745
1667,151556745
1688,151561745
1724,151566745
1733,151571745
1724,151576745
1769,151581745
1829,151586745
1860,151591745
1859,151596745
1862,151601745
1897,151606745
1909,151611745
1917,151616745
1987,151621745
2036,151626745
2044,151631745
2062,151636745
2066,151641745
2109,151646745
2125,151651745
2130,151656745
2148,151661745
2174,151666745
2177,151671745
2219,151676745
2236,151681745
2258,151686745
2258,151691745
2264,151696745
2280,151701745
2276,151706745
2276,151711745
2221,151716745
2205,151721745
2212,151726745
2077,151731748
1998,151736746
1946,151741745
1899,151746745
1829,151751745
1781,151756745
1738,151761745
1710,151766745
1700,151771745
1688,151776745
1679,151781745
1676,151786745
1680,151791745
1683,151796745
1707,151801745
1742,151806745
1761,151811745
1764,151816745
1795,151821745
1824,151826745
1844,151831745
1843,151836745
1883,151841745
1917,151846745
1932,151851745
1943,151856745
1936,151861745
1927,151866745
1913,151871745
1901,151876745
1899,151881745
1895,151886745
1879,151891745
1872,151896745
1864,151901745
1843,151906745
1824,151911745
1806,151916745
1786,151921745
1792,151926745
1778,151931745
1769,151936745
1778,151941745
1759,151946745
1740,151951745
1730,151956745
1762,151961745
1793,151966745
1831,151971745
1846,151976745
1911,151981745
2014,151986745
2069,151991745
2122,151996745
2198,152001745
2308,152006745
2409,152011745
2443,152016745
2325,152021745
2242,152026745
2245,152031745
2170,152036745
1998,152041745
1727,152046745
1516,152051745
1419,152056745
1359,152061745
1348,152066745
1319,152071745
1323,152076745
1332,152081745
1368,152086745
1394,152091745
1414,152096745
1423,152101745
1436,152106745
1377,152111745
1388,152116745
1584,152121745
1914,152126745
2196,152131745
2614,152136745
3119,152141745
3672,152146745
3447,152151745
2499,152156745
1555,152161745
921,152166745
843,152171745
1070,152176745
1279,152181745
1356,152186745
1392,152191745
1435,152196745
1438,152201745
1480,152206745
1514,152211745
1533,152216745
1584,152221745
1618,152226748
1635,152231746
1689,152236745
1716,152241745
1741,152246745
1760,152251745
1763,152256745
1783,152261745
1812,152266745
1826,152271745
1839,152276745
1862,152281747
1918,152286745
1942,152291745
1951,152296745
1978,152301745
1989,152306745
1996,152311745
2005,152316746
2051,152321747
2093,152326745
2121,152331745
2103,152336745
2098,152341745
2136,152346745
2155,152351745
2170,152356745
2184,152361745
2224,152366745
2245,152371745
2239,152376745
2261,152381745
2265,152386745
2219,152391745
2157,152396745
2117,152401745
2044,152406745
1956,152411745
1891,152416745
1866,152421745
1824,152426745
1781,152431745
1760,152436745
1750,152441745
1729,152446745
1756,152451745
1737,152456745
1755,152461745
1775,152466745
1797,152471745
1806,152476745
1833,152481745
1872,152486745
1905,152491745
1914,152496745
1925,152501745
1932,152506745
1962,152511745
1961,152516745
1956,152521745
1946,152526745
1940,152531745
1932,152536745
1922,152541745
1927,152546745
1911,152551745
1874,152556745
1860,152561745
1851,152566745
1838,152571745
1807,152576745
1800,152581745
1803,152586745
1790,152591745
1765,152596745
1776,152601745
1811,152606745
1851,152611745
1940,152616745
2015,152621745
2089,152626745
2139,152631745
2169,152636745
2296,152641745
2406,152646745
2450,152651745
2333,152656745
2238,152661745
2208,152666745
2141,152671745
1994,152676745
1727,152681745
1512,152686745
1381,152691745
1349,152696745
1321,152701745
1318,152706745
1310,152711745
1323,152716745
1350,152721745
1377,152726745
1390,152731745
1405,152736745
1436,152741745
1388,152746745
1347,152751745
1401,152756745
1604,152761745
1817,152766745
2200,152771745
2678,152776745
3338,152781745
3498,152786745
2797,152791745
1939,152796745
1181,152801745
950,152806745
1115,152811745
1329,152816748
1447,152821746
1500,152826745
1526,152831745
1508,152836745
1521,152841745
1550,152846745
1584,152851745
1623,152856745
1649,152861745
1682,152866745
1732,152871745
1762,152876745
1775,152881745
1772,152886745
1793,152891745
1807,152896745
1830,152901745
1865,152906745
1873,152911745
1872,152916745
1904,152921745
1931,152926745
1935,152931745
1944,152936745
1986,152941745
2017,152946745
2018,152951745
2017,152956745
2051,152961745
2052,152966745
2061,152971745
2095,152976745
2115,152981745
2139,152986745
2165,152991745
2199,152996745
2239,153001745
2259,153006745
2256,153011745
2239,153016745
2247,153021745
2217,153026745
2172,153031745
2119,153036745
2083,153041745
2028,153046745
1944,153051745
1879,153056745
1848,153061745
1849,153066745
1823,153071745
1802,153076745
1782,153081745
1764,153086745
1751,153091745
1781,153096745
1810,153101745
1849,153106745
1869,153111745
1895,153116745
1914,153121745
1949,153126745
1954,153131745
1940,153136745
1958,153141745
1980,153146745
1977,153151745
1976,153156745
1956,153161745
1972,153166745
1973,153171745
1967,153176745
1974,153181745
1960,153186745
1934,153191745
1915,153196745
1890,153201745
1895,153206745
1875,153211745
1850,153216745
1834,153221745
1828,153226745
1834,153231745
1858,153236745
1921,153241745
2018,153246745
2087,153251745
2171,153256745
2211,153261745
2284,153266745
2386,153271747
2465,153276748
2442,153281745
2333,153286745
2277,153291745
2219,153296745
2117,153301745
1885,153306745
1613,153311745
1438,153316746
1353,153321747
1302,153326745
1279,153331745
1284,153336745
1308,153341745
1316,153346745
1340,153351745
1379,153356745
1410,153361745
1437,153366745
1399,153371745
1312,153376745
1288,153381745
1400,153386745
1617,153391745
1860,153396745
2290,153401745
2928,153406745
3399,153411745
3003,153416745
2198,153421745
1419,153426745
1008,153431745
1109,153436745
1343,153441745
1449,153446745
1478,153451745
1495,153456745
1545,153461745
1565,153466745
1583,153471745
1614,153476745
1645,153481745
1680,153486745
1708,153491745
1733,153496745
1753,153501745
1771,153506745
1773,153511745
1805,153516745
1848,153521745
1868,153526745
1863,153531745
1869,153536745
1904,153541745
1938,153546745
1951,153551745
1977,153556745
2020,153561745
2048,153566745
2048,153571745
2043,153576745
2060,153581745
2101,153586745
2128,153591745
2145,153596745
2157,153601745
2182,153606745
2172,153611745
2180,153616745
2209,153621745
2249,153626745
2288,153631745
2278,153636745
2270,153641745
2248,153646745
2204,153651745
2149,153656745
2097,153661745
2052,153666745
1969,153671745
1896,153676745
1851,153681745
1819,153686745
1795,153691745
1768,153696745
1767,153701745
1748,153706745
1698,153711745
1689,153716745
1732,153721745
1732,153726745
1731,153731745
1765,153736745
1810,153741745
1843,153746745
1858,153751745
1876,153756745
1885,153761745
1921,153766745
1930,153771745
1903,153776745
1930,153781745
1945,153786745
1934,153791745
1922,153796745
1942,153801745
1953,153806745
1935,153811745
1921,153816745
1904,153821745
1890,153826747
1877,153831746
1876,153836745
1884,153841745
1866,153846745
1821,153851745
1797,153856745
1809,153861745
1850,153866745
1885,153871745
1921,153876745
2006,153881745
2074,153886745
2147,153891745
2198,153896745
2277,153901745
2399,153906745
2468,153911745
2383,153916745
2285,153921745
2241,153926745
2175,153931745
2035,153936745
1812,153941745
1552,153946745
1337,153951747
1313,153956747
1278,153961746
1270,153966745
1263,153971745
1277,153976745
1282,153981745
1314,153986745
1352,153991745
1362,153996745
1364,154001745
1303,154006745
1268,154011745
1313,154016745
1520,154021745
1741,154026745
2071,154031745
2561,154036745
3242,154041745
3404,154046745
2732,154051745
1891,154056745
1125,154061745
930,154066745
1141,154071745
1347,154076745
1430,154081745
1467,154086745
1487,154091745
1508,154096745
1536,154101745
1592,154106745
1606,154111745
1617,154116745
1664,154121745
1690,154126745
1712,154131745
1729,154136745
1746,154141745
1771,154146745
1799,154151745
1829,154156745
1851,154161745
1876,154166745
1897,154171745
1898,154176745
1914,154181745
1965,154186745
1985,154191745
1968,154196745
1993,154201745
2034,154206745
2050,154211745
2057,154216745
2083,154221745
2105,154226745
2139,154231745
2172,154236745
2179,154241745
2184,154246745
2194,154251745
2201,154256745
2246,154261747
2269,154266748
2260,154271745
2255,154276745
2252,154281745
2227,154286745
2157,154291745
2064,154296745
1978,154301745
1923,154306745
1878,154311745
1844,154316745
1801,154321745
1762,154326745
1737,154331745
1712,154336745
1697,154341745
1698,154346745
1694,154351745
1681,154356745
1702,154361745
1754,154366745
1767,154371745
1773,154376745
1813,154381745
1846,154386745
1866,154391745
1881,154396745
1898,154401745
1948,154406745
1941,154411745
1949,154416745
1942,154421745
1942,154426745
1956,154431745
1959,154436745
1956,154441745
1939,154446745
1914,154451746
1893,154456746
1903,154461746
1885,154466746
1868,154471745
1834,154476745
1795,154481745
1801,154486745
1806,154491745
1777,154496745
1750,154501745
1736,154506745
1734,154511745
1736,154516745
1775,154521745
1836,154526745
1868,154531745
1946,154536745
2045,154541745
2121,154546745
2183,154551745
2216,154556745
2321,154561745
2436,154566745
2418,154571745
2292,154576745
2228,154581745
2212,154586745
2131,154591745
1936,154596745
1653,154601745
1468,154606745
1381,154611745
1335,154616745
1293,154621745
1290,154626745
1299,154631745
1290,154636745
1315,154641745
1375,154646745
1401,154651745
1433,154656745
1407,154661745
1316,154666745
1361,154671745
1551,154676745
1871,154681745
2166,154686745
2572,154691745
3133,154696745
3626,154701745
3246,154706745
2307,154711745
1432,154716745
920,154721745
973,154726745
1199,154731745
1373,154736745
1424,154741745
1453,154746745
1462,154751745
1484,154756745
1528,154761745
1562,154766745
1581,154771745
1580,154776745
1619,154781745
1685,154786745
1707,154791745
1719,154796745
1761,154801745
1782,154806745
1797,154811745
1813,154816745
1839,154821745
1859,154826745
1872,154831745
1897,154836745
1909,154841745
1912,154846745
1945,154851745
1991,154856745
2016,154861745
2038,154866745
2036,154871745
2043,154876745
2086,154881745
2133,154886745
2142,154891745
2133,154896745
2140,154901745
2170,154906745
2203,154911745
2227,154916745
2256,154921745
2276,154926745
2269,154931745
2256,154936745
2215,154941745
2190,154946745
2112,154951748
2075,154956746
2011,154961746
1982,154966745
1914,154971745
1845,154976745
1799,154981745
1795,154986745
1780,154991745
1749,154996745
1767,155001745
1768,155006745
1761,155011745
1776,155016745
1795,155021745
1821,155026745
1813,155031745
1839,155036745
1898,155041745
1928,155046745
1942,155051745
1962,155056745
1985,155061745
1967,155066745
1981,155071745
1987,155076745
1995,155081745
1974,155086745
1951,155091745
1958,155096745
1961,155101745
1950,155106745
1936,155111745
1877,155116745
1839,155121745
1855,155126745
1858,155131745
1829,155136745
1824,155141745
1807,155146745
1777,155151745
1763,155156745
1780,155161745
1772,155166745
1756,155171745
1725,155176745
1735,155181745
1737,155186745
1731,155191745
1756,155196745
1748,155201745
1749,155206745
1755,155211745
1764,155216745
1789,155221745
1849,155226745
1924,155231745
1981,155236745
2044,155241745
2138,155246745
2173,155251745
2242,155256747
2318,155261748
2406,155266745
2384,155271745
2251,155276745
2182,155281745
2165,155286745
2085,155291745
1893,155296745
1686,155301745
1540,155306745
1446,155311745
1417,155316745
1413,155321745
1366,155326745
1354,155331745
1409,155336745
1455,155341745
1482,155346745
1472,155351745
1474,155356745
1441,155361745
1469,155366745
1605,155371745
1891,155376745
2212,155381745
2625,155386745
3091,155391745
3639,155396745
3574,155401745
2748,155406745
1818,155411745
1036,155416745
829,155421745
1022,155426745
1265,155431745
1365,155436745
1422,155441745
1466,155446745
1460,155451745
1494,155456745
1526,155461745
1574,155466746
1614,155471745
1626,155476745
1668,155481745
1697,155486745
1696,155491745
1728,155496745
1786,155501745
1834,155506745
1856,155511745
1812,155516747
1859,155521748
1829,155526746
1835,155531745
1861,155536745
1920,155541745
1997,155546745
2040,155551745
2017,155556745
1964,155561745
1988,155566745
2018,155571745
2040,155576745
2111,155581745
2129,155586745
2138,155591745
2156,155596745
2178,155601745
2159,155606745
2176,155611745
2186,155616745
2233,155621745
2286,155626745
2272,155631745
2241,155636745
2225,155641745
2198,155646745
2174,155651745
2105,155656745
2033,155661745
1928,155666745
1831,155671745
1811,155676745
1824,155681745
1787,155686745
1759,155691745
1741,155696745
1720,155701745
1767,155706745
1780,155711745
1818,155716745
1831,155721745
1837,155726745
1830,155731745
1842,155736745
1877,155741745
1888,155746745
1896,155751745
1908,155756745
1953,155761745
2022,155766745
2021,155771745
1954,155776745
1968,155781745
1976,155786745
1939,155791745
1929,155796745
1942,155801745
1904,155806745
1901,155811745
1946,155816745
1900,155821745
1827,155826745
1814,155831745
1808,155836745
1797,155841745
1832,155846745
1824,155851745
1787,155856745
1760,155861745
1717,155866745
1687,155871745
1746,155876745
1771,155881745
1741,155886745
1730,155891745
1748,155896745
1747,155901745
1766,155906745
1766,155911745
1721,155916745
1744,155921745
1808,155926745
1847,155931745
1866,155936745
1967,155941745
2091,155946745
2178,155951745
2249,155956745
2271,155961745
2350,155966745
2432,155971745
2368,155976745
2239,155981745
2214,155986745
2213,155991745
2029,155996745
1748,156001745
1524,156006745
1407,156011745
1410,156016746
1366,156021746
1352,156026745
1344,156031745
1371,156036745
1444,156041745
1494,156046745
1495,156051745
1456,156056745
1406,156061745
1401,156066745
1467,156071745
1592,156076745
1877,156081745
2144,156086745
2470,156091745
2944,156096745
3445,156101745
3166,156106745
2248,156111745
1365,156116745
891,156121745
931,156126745
1273,156131745
1457,156136745
1468,156141745
1479,156146745
1506,156151745
1509,156156745
1566,156161745
1580,156166745
1586,156171745
1625,156176745
1660,156181745
1724,156186745
1738,156191745
1779,156196745
1778,156201745
1794,156206745
1820,156211745
1835,156216745
1884,156221745
1933,156226745
1931,156231745
1914,156236745
1942,156241745
1967,156246748
1999,156251745
2061,156256745
2086,156261745
2112,156266745
2133,156271745
2150,156276745
2094,156281745
2152,156286745
2180,156291745
2191,156296745
2228,156301745
2255,156306745
2227,156311745
2216,156316745
2239,156321745
2267,156326745
2272,156331745
2235,156336745
2201,156341745
2174,156346745
2108,156351745
2049,156356745
1967,156361745
1908,156366745
1820,156371745
1761,156376745
1759,156381745
1755,156386745
1764,156391745
1752,156396745
1718,156401745
1685,156406745
1643,156411745
1662,156416745
1662,156421745
1713,156426745
1746,156431745
1769,156436745
1792,156441745
1825,156446745
1876,156451745
1909,156456745
1876,156461745
1911,156466745
1970,156471745
1957,156476745
1938,156481745
1936,156486745
1935,156491745
1962,156496745
1952,156501745
1955,156506745
1931,156511745
1841,156516746
1864,156521746
1903,156526745
1837,156531745
1778,156536745
1779,156541745
1783,156546745
1812,156551745
1781,156556745
1788,156561745
1792,156566745
1784,156571745
1796,156576745
1831,156581745
1770,156586745
1721,156591745
1734,156596745
1772,156601745
1762,156606745
1700,156611745
1716,156616745
1697,156621745
1722,156626745
1713,156631745
1724,156636745
1769,156641745
1802,156646745
1832,156651745
1725,156656745
1729,156661745
1775,156666745
1766,156671745
1715,156676745
1751,156681745
1798,156686745
1831,156691745
1845,156696745
1916,156701745
2025,156706745
2100,156711745
2176,156716745
2218,156721745
2319,156726745
2429,156731745
2498,156736745
2375,156741745
2234,156746745
2198,156751745
2239,156756745
2173,156761745
1931,156766745
1692,156771745
1560,156776745
1480,156781745
1496,156786745
1427,156791745
1378,156796745
1418,156801745
1442,156806745
1499,156811745
1574,156816745
1550,156821745
1485,156826745
1471,156831745
1457,156836745
1552,156841745
